20:56:17 **** Incremental Build of configuration Debug for project ese4_codaCONtimer ****
make -j14 all 
arm-none-eabi-size  ese4_codaCONtimer.elf 
   text	   data	    bss	    dec	    hex	filename
   9536	     12	   1772	  11320	   2c38	ese4_codaCONtimer.elf
Finished building: default.size.stdout
 
20:56:24 **** Incremental Build of configuration Debug for project ese4_codaCONtimer ****
make -j14 all 
arm-none-eabi-size  ese4_codaCONtimer.elf 
   text	   data	    bss	    dec	    hex	filename
   9536	     12	   1772	  11320	   2c38	ese4_codaCONtimer.elf
Finished building: default.size.stdout
 
20:57:50 **** Incremental Build of configuration Debug for project ese4_codaCONtimer ****
make -j14 all 
arm-none-eabi-gcc "../Core/Src/stm32g4xx_it.c" -mcpu=cortex-m4 -std=gnu11 -g3 -DDEBUG -DUSE_HAL_DRIVER -DSTM32G474xx -c -I../Core/Inc -I../Drivers/STM32G4xx_HAL_Driver/Inc -I../Drivers/STM32G4xx_HAL_Driver/Inc/Legacy -I../Drivers/CMSIS/Device/ST/STM32G4xx/Include -I../Drivers/CMSIS/Include -O0 -ffunction-sections -fdata-sections -Wall -fstack-usage -fcyclomatic-complexity -MMD -MP -MF"Core/Src/stm32g4xx_it.d" -MT"Core/Src/stm32g4xx_it.o" --specs=nano.specs -mfpu=fpv4-sp-d16 -mfloat-abi=hard -mthumb -o "Core/Src/stm32g4xx_it.o"
arm-none-eabi-gcc -o "ese4_codaCONtimer.elf" @"objects.list"   -mcpu=cortex-m4 -T"C:\Users\frank\Documents\Uni\Embedded\project location\recapEsercizi\timer\ese4_codaCONtimer\STM32G474RETX_FLASH.ld" --specs=nosys.specs -Wl,-Map="ese4_codaCONtimer.map" -Wl,--gc-sections -static --specs=nano.specs -mfpu=fpv4-sp-d16 -mfloat-abi=hard -mthumb -Wl,--start-group -lc -lm -Wl,--end-group
Finished building target: ese4_codaCONtimer.elf
 
arm-none-eabi-size  ese4_codaCONtimer.elf 
arm-none-eabi-objdump -h -S ese4_codaCONtimer.elf  > "ese4_codaCONtimer.list"
   text	   data	    bss	    dec	    hex	filename
   9532	     12	   1772	  11316	   2c34	ese4_codaCONtimer.elf
Finished building: default.size.stdout
 
Finished building: ese4_codaCONtimer.list
 
20:58:35 **** Incremental Build of configuration Debug for project ese4_codaCONtimer ****
make -j14 all 
arm-none-eabi-gcc "../Core/Src/main.c" -mcpu=cortex-m4 -std=gnu11 -g3 -DDEBUG -DUSE_HAL_DRIVER -DSTM32G474xx -c -I../Core/Inc -I../Drivers/STM32G4xx_HAL_Driver/Inc -I../Drivers/STM32G4xx_HAL_Driver/Inc/Legacy -I../Drivers/CMSIS/Device/ST/STM32G4xx/Include -I../Drivers/CMSIS/Include -O0 -ffunction-sections -fdata-sections -Wall -fstack-usage -fcyclomatic-complexity -MMD -MP -MF"Core/Src/main.d" -MT"Core/Src/main.o" --specs=nano.specs -mfpu=fpv4-sp-d16 -mfloat-abi=hard -mthumb -o "Core/Src/main.o"
arm-none-eabi-gcc -o "ese4_codaCONtimer.elf" @"objects.list"   -mcpu=cortex-m4 -T"C:\Users\frank\Documents\Uni\Embedded\project location\recapEsercizi\timer\ese4_codaCONtimer\STM32G474RETX_FLASH.ld" --specs=nosys.specs -Wl,-Map="ese4_codaCONtimer.map" -Wl,--gc-sections -static --specs=nano.specs -mfpu=fpv4-sp-d16 -mfloat-abi=hard -mthumb -Wl,--start-group -lc -lm -Wl,--end-group
Finished building target: ese4_codaCONtimer.elf
 
arm-none-eabi-size  ese4_codaCONtimer.elf 
arm-none-eabi-objdump -h -S ese4_codaCONtimer.elf  > "ese4_codaCONtimer.list"
   text	   data	    bss	    dec	    hex	filename
   9308	     12	   1772	  11092	   2b54	ese4_codaCONtimer.elf
Finished building: default.size.stdout
 
Finished building: ese4_codaCONtimer.list
 
21:00:18 **** Incremental Build of configuration Debug for project ese4_codaCONtimer ****
make -j14 all 
arm-none-eabi-gcc -mcpu=cortex-m4 -g3 -DDEBUG -c -x assembler-with-cpp -MMD -MP -MF"Core/Startup/startup_stm32g474retx.d" -MT"Core/Startup/startup_stm32g474retx.o" --specs=nano.specs -mfpu=fpv4-sp-d16 -mfloat-abi=hard -mthumb -o "Core/Startup/startup_stm32g474retx.o" "../Core/Startup/startup_stm32g474retx.s"
arm-none-eabi-gcc "../Core/Src/tim.c" -mcpu=cortex-m4 -std=gnu11 -g3 -DDEBUG -DUSE_HAL_DRIVER -DSTM32G474xx -c -I../Core/Inc -I../Drivers/STM32G4xx_HAL_Driver/Inc -I../Drivers/STM32G4xx_HAL_Driver/Inc/Legacy -I../Drivers/CMSIS/Device/ST/STM32G4xx/Include -I../Drivers/CMSIS/Include -O0 -ffunction-sections -fdata-sections -Wall -fstack-usage -fcyclomatic-complexity -MMD -MP -MF"Core/Src/tim.d" -MT"Core/Src/tim.o" --specs=nano.specs -mfpu=fpv4-sp-d16 -mfloat-abi=hard -mthumb -o "Core/Src/tim.o"
arm-none-eabi-gcc -o "ese4_codaCONtimer.elf" @"objects.list"   -mcpu=cortex-m4 -T"C:\Users\frank\Documents\Uni\Embedded\project location\recapEsercizi\timer\ese4_codaCONtimer\STM32G474RETX_FLASH.ld" --specs=nosys.specs -Wl,-Map="ese4_codaCONtimer.map" -Wl,--gc-sections -static --specs=nano.specs -mfpu=fpv4-sp-d16 -mfloat-abi=hard -mthumb -Wl,--start-group -lc -lm -Wl,--end-group
Finished building target: ese4_codaCONtimer.elf
 
arm-none-eabi-size  ese4_codaCONtimer.elf 
arm-none-eabi-objdump -h -S ese4_codaCONtimer.elf  > "ese4_codaCONtimer.list"
   text	   data	    bss	    dec	    hex	filename
   9304	     12	   1772	  11088	   2b50	ese4_codaCONtimer.elf
Finished building: default.size.stdout
 
Finished building: ese4_codaCONtimer.list
 
21:01:53 **** Incremental Build of configuration Debug for project ese4_codaCONtimer ****
make -j14 all 
arm-none-eabi-size  ese4_codaCONtimer.elf 
   text	   data	    bss	    dec	    hex	filename
   9304	     12	   1772	  11088	   2b50	ese4_codaCONtimer.elf
Finished building: default.size.stdout
 
21:04:12 **** Incremental Build of configuration Debug for project ese4_codaCONtimer ****
make -j14 all 
arm-none-eabi-gcc "../Core/Src/tim.c" -mcpu=cortex-m4 -std=gnu11 -g3 -DDEBUG -DUSE_HAL_DRIVER -DSTM32G474xx -c -I../Core/Inc -I../Drivers/STM32G4xx_HAL_Driver/Inc -I../Drivers/STM32G4xx_HAL_Driver/Inc/Legacy -I../Drivers/CMSIS/Device/ST/STM32G4xx/Include -I../Drivers/CMSIS/Include -O0 -ffunction-sections -fdata-sections -Wall -fstack-usage -fcyclomatic-complexity -MMD -MP -MF"Core/Src/tim.d" -MT"Core/Src/tim.o" --specs=nano.specs -mfpu=fpv4-sp-d16 -mfloat-abi=hard -mthumb -o "Core/Src/tim.o"
arm-none-eabi-gcc -o "ese4_codaCONtimer.elf" @"objects.list"   -mcpu=cortex-m4 -T"C:\Users\frank\Documents\Uni\Embedded\project location\recapEsercizi\timer\ese4_codaCONtimer\STM32G474RETX_FLASH.ld" --specs=nosys.specs -Wl,-Map="ese4_codaCONtimer.map" -Wl,--gc-sections -static --specs=nano.specs -mfpu=fpv4-sp-d16 -mfloat-abi=hard -mthumb -Wl,--start-group -lc -lm -Wl,--end-group
Finished building target: ese4_codaCONtimer.elf
 
arm-none-eabi-size  ese4_codaCONtimer.elf 
arm-none-eabi-objdump -h -S ese4_codaCONtimer.elf  > "ese4_codaCONtimer.list"
   text	   data	    bss	    dec	    hex	filename
   9308	     12	   1772	  11092	   2b54	ese4_codaCONtimer.elf
Finished building: default.size.stdout
 
Finished building: ese4_codaCONtimer.list
 
21:04:50 **** Incremental Build of configuration Debug for project ese4_codaCONtimer ****
make -j14 all 
arm-none-eabi-size  ese4_codaCONtimer.elf 
   text	   data	    bss	    dec	    hex	filename
   9308	     12	   1772	  11092	   2b54	ese4_codaCONtimer.elf
Finished building: default.size.stdout
 
21:07:14 **** Incremental Build of configuration Debug for project ese4_codaCONtimer ****
make -j14 all 
arm-none-eabi-size  ese4_codaCONtimer.elf 
   text	   data	    bss	    dec	    hex	filename
   9308	     12	   1772	  11092	   2b54	ese4_codaCONtimer.elf
Finished building: default.size.stdout
 
17:08:44 **** Incremental Build of configuration Debug for project ese4_codaCONtimer ****
make -j14 all 
arm-none-eabi-size  ese4_codaCONtimer.elf 
   text	   data	    bss	    dec	    hex	filename
   9308	     12	   1772	  11092	   2b54	ese4_codaCONtimer.elf
Finished building: default.size.stdout
 
17:09:25 **** Incremental Build of configuration Debug for project ese4_codaCONtimer ****
make -j14 all 
arm-none-eabi-size  ese4_codaCONtimer.elf 
   text	   data	    bss	    dec	    hex	filename
   9308	     12	   1772	  11092	   2b54	ese4_codaCONtimer.elf
Finished building: default.size.stdout
 
18:31:08 **** Build of configuration Debug for project 13_HelloFSM ****
make -j14 all 
arm-none-eabi-gcc "../Core/Src/button.c" -mcpu=cortex-m4 -std=gnu11 -g3 -DDEBUG -DUSE_HAL_DRIVER -DSTM32G474xx -c -I../Core/Inc -I../Drivers/STM32G4xx_HAL_Driver/Inc -I../Drivers/STM32G4xx_HAL_Driver/Inc/Legacy -I../Drivers/CMSIS/Device/ST/STM32G4xx/Include -I../Drivers/CMSIS/Include -O0 -ffunction-sections -fdata-sections -Wall -fstack-usage -fcyclomatic-complexity -MMD -MP -MF"Core/Src/button.d" -MT"Core/Src/button.o" --specs=nano.specs -mfpu=fpv4-sp-d16 -mfloat-abi=hard -mthumb -o "Core/Src/button.o"
arm-none-eabi-gcc "../Core/Src/fsm_logic.c" -mcpu=cortex-m4 -std=gnu11 -g3 -DDEBUG -DUSE_HAL_DRIVER -DSTM32G474xx -c -I../Core/Inc -I../Drivers/STM32G4xx_HAL_Driver/Inc -I../Drivers/STM32G4xx_HAL_Driver/Inc/Legacy -I../Drivers/CMSIS/Device/ST/STM32G4xx/Include -I../Drivers/CMSIS/Include -O0 -ffunction-sections -fdata-sections -Wall -fstack-usage -fcyclomatic-complexity -MMD -MP -MF"Core/Src/fsm_logic.d" -MT"Core/Src/fsm_logic.o" --specs=nano.specs -mfpu=fpv4-sp-d16 -mfloat-abi=hard -mthumb -o "Core/Src/fsm_logic.o"
arm-none-eabi-gcc "../Core/Src/led.c" -mcpu=cortex-m4 -std=gnu11 -g3 -DDEBUG -DUSE_HAL_DRIVER -DSTM32G474xx -c -I../Core/Inc -I../Drivers/STM32G4xx_HAL_Driver/Inc -I../Drivers/STM32G4xx_HAL_Driver/Inc/Legacy -I../Drivers/CMSIS/Device/ST/STM32G4xx/Include -I../Drivers/CMSIS/Include -O0 -ffunction-sections -fdata-sections -Wall -fstack-usage -fcyclomatic-complexity -MMD -MP -MF"Core/Src/led.d" -MT"Core/Src/led.o" --specs=nano.specs -mfpu=fpv4-sp-d16 -mfloat-abi=hard -mthumb -o "Core/Src/led.o"
arm-none-eabi-gcc "../Core/Src/main.c" -mcpu=cortex-m4 -std=gnu11 -g3 -DDEBUG -DUSE_HAL_DRIVER -DSTM32G474xx -c -I../Core/Inc -I../Drivers/STM32G4xx_HAL_Driver/Inc -I../Drivers/STM32G4xx_HAL_Driver/Inc/Legacy -I../Drivers/CMSIS/Device/ST/STM32G4xx/Include -I../Drivers/CMSIS/Include -O0 -ffunction-sections -fdata-sections -Wall -fstack-usage -fcyclomatic-complexity -MMD -MP -MF"Core/Src/main.d" -MT"Core/Src/main.o" --specs=nano.specs -mfpu=fpv4-sp-d16 -mfloat-abi=hard -mthumb -o "Core/Src/main.o"
../Core/Src/main.c:36:9: warning: ISO C99 requires whitespace after the macro name
   36 | #define FYS_CYCLE_DURATION;
      |         ^~~~~~~~~~~~~~~~~~
../Core/Src/fsm_logic.c: In function 'FSM_init':
../Core/Src/fsm_logic.c:103:37: error: 'cycle_duration' undeclared (first use in this function)
  103 |                 fsm.cycle_duration= cycle_duration;
      |                                     ^~~~~~~~~~~~~~
../Core/Src/fsm_logic.c:103:37: note: each undeclared identifier is reported only once for each function it appears in
../Core/Src/fsm_logic.c: In function 'FSM_step':
../Core/Src/fsm_logic.c:136:33: error: 'start' undeclared (first use in this function)
  136 |         duration =HAL_GetTick()-start;
      |                                 ^~~~~
../Core/Src/fsm_logic.c:137:25: error: 'FSM_t' {aka 'struct FSM_s'} has no member named 'ncycle_duration'; did you mean 'cycle_duration'?
  137 |         if(duration<fsm.ncycle_duration){
      |                         ^~~~~~~~~~~~~~~
      |                         cycle_duration
make: *** [Core/Src/subdir.mk:46: Core/Src/fsm_logic.o] Error 1
make: *** Waiting for unfinished jobs....
"make -j14 all" terminated with exit code 2. Build might be incomplete.
18:36:47 **** Incremental Build of configuration Debug for project 13_HelloFSM ****
make -j14 all 
arm-none-eabi-gcc "../Core/Src/fsm_logic.c" -mcpu=cortex-m4 -std=gnu11 -g3 -DDEBUG -DUSE_HAL_DRIVER -DSTM32G474xx -c -I../Core/Inc -I../Drivers/STM32G4xx_HAL_Driver/Inc -I../Drivers/STM32G4xx_HAL_Driver/Inc/Legacy -I../Drivers/CMSIS/Device/ST/STM32G4xx/Include -I../Drivers/CMSIS/Include -O0 -ffunction-sections -fdata-sections -Wall -fstack-usage -fcyclomatic-complexity -MMD -MP -MF"Core/Src/fsm_logic.d" -MT"Core/Src/fsm_logic.o" --specs=nano.specs -mfpu=fpv4-sp-d16 -mfloat-abi=hard -mthumb -o "Core/Src/fsm_logic.o"
arm-none-eabi-gcc "../Core/Src/main.c" -mcpu=cortex-m4 -std=gnu11 -g3 -DDEBUG -DUSE_HAL_DRIVER -DSTM32G474xx -c -I../Core/Inc -I../Drivers/STM32G4xx_HAL_Driver/Inc -I../Drivers/STM32G4xx_HAL_Driver/Inc/Legacy -I../Drivers/CMSIS/Device/ST/STM32G4xx/Include -I../Drivers/CMSIS/Include -O0 -ffunction-sections -fdata-sections -Wall -fstack-usage -fcyclomatic-complexity -MMD -MP -MF"Core/Src/main.d" -MT"Core/Src/main.o" --specs=nano.specs -mfpu=fpv4-sp-d16 -mfloat-abi=hard -mthumb -o "Core/Src/main.o"
arm-none-eabi-gcc -o "13_HelloFSM.elf" @"objects.list"   -mcpu=cortex-m4 -T"C:\Users\frank\Documents\Uni\Embedded\project location\fsm\hello-fsm-master\STM32G474RETX_FLASH.ld" --specs=nosys.specs -Wl,-Map="13_HelloFSM.map" -Wl,--gc-sections -static --specs=nano.specs -mfpu=fpv4-sp-d16 -mfloat-abi=hard -mthumb -Wl,--start-group -lc -lm -Wl,--end-group
Finished building target: 13_HelloFSM.elf
 
arm-none-eabi-size  13_HelloFSM.elf 
arm-none-eabi-objdump -h -S 13_HelloFSM.elf  > "13_HelloFSM.list"
   text	   data	    bss	    dec	    hex	filename
   6952	     12	   1588	   8552	   2168	13_HelloFSM.elf
Finished building: default.size.stdout
 
Finished building: 13_HelloFSM.list
 
18:36:55 **** Incremental Build of configuration Debug for project 13_HelloFSM ****
make -j14 all 
arm-none-eabi-size  13_HelloFSM.elf 
   text	   data	    bss	    dec	    hex	filename
   6952	     12	   1588	   8552	   2168	13_HelloFSM.elf
Finished building: default.size.stdout
 
19:39:36 **** Build of configuration Debug for project lanternasemaforica ****
make -j14 all 
arm-none-eabi-gcc "../Drivers/STM32G4xx_HAL_Driver/Src/stm32g4xx_hal.c" -mcpu=cortex-m4 -std=gnu11 -g3 -DDEBUG -DUSE_HAL_DRIVER -DSTM32G474xx -c -I../Core/Inc -I../Drivers/STM32G4xx_HAL_Driver/Inc -I../Drivers/STM32G4xx_HAL_Driver/Inc/Legacy -I../Drivers/CMSIS/Device/ST/STM32G4xx/Include -I../Drivers/CMSIS/Include -O0 -ffunction-sections -fdata-sections -Wall -fstack-usage -fcyclomatic-complexity -MMD -MP -MF"Drivers/STM32G4xx_HAL_Driver/Src/stm32g4xx_hal.d" -MT"Drivers/STM32G4xx_HAL_Driver/Src/stm32g4xx_hal.o" --specs=nano.specs -mfpu=fpv4-sp-d16 -mfloat-abi=hard -mthumb -o "Drivers/STM32G4xx_HAL_Driver/Src/stm32g4xx_hal.o"
arm-none-eabi-gcc "../Drivers/STM32G4xx_HAL_Driver/Src/stm32g4xx_hal_cortex.c" -mcpu=cortex-m4 -std=gnu11 -g3 -DDEBUG -DUSE_HAL_DRIVER -DSTM32G474xx -c -I../Core/Inc -I../Drivers/STM32G4xx_HAL_Driver/Inc -I../Drivers/STM32G4xx_HAL_Driver/Inc/Legacy -I../Drivers/CMSIS/Device/ST/STM32G4xx/Include -I../Drivers/CMSIS/Include -O0 -ffunction-sections -fdata-sections -Wall -fstack-usage -fcyclomatic-complexity -MMD -MP -MF"Drivers/STM32G4xx_HAL_Driver/Src/stm32g4xx_hal_cortex.d" -MT"Drivers/STM32G4xx_HAL_Driver/Src/stm32g4xx_hal_cortex.o" --specs=nano.specs -mfpu=fpv4-sp-d16 -mfloat-abi=hard -mthumb -o "Drivers/STM32G4xx_HAL_Driver/Src/stm32g4xx_hal_cortex.o"
arm-none-eabi-gcc "../Drivers/STM32G4xx_HAL_Driver/Src/stm32g4xx_hal_dma.c" -mcpu=cortex-m4 -std=gnu11 -g3 -DDEBUG -DUSE_HAL_DRIVER -DSTM32G474xx -c -I../Core/Inc -I../Drivers/STM32G4xx_HAL_Driver/Inc -I../Drivers/STM32G4xx_HAL_Driver/Inc/Legacy -I../Drivers/CMSIS/Device/ST/STM32G4xx/Include -I../Drivers/CMSIS/Include -O0 -ffunction-sections -fdata-sections -Wall -fstack-usage -fcyclomatic-complexity -MMD -MP -MF"Drivers/STM32G4xx_HAL_Driver/Src/stm32g4xx_hal_dma.d" -MT"Drivers/STM32G4xx_HAL_Driver/Src/stm32g4xx_hal_dma.o" --specs=nano.specs -mfpu=fpv4-sp-d16 -mfloat-abi=hard -mthumb -o "Drivers/STM32G4xx_HAL_Driver/Src/stm32g4xx_hal_dma.o"
arm-none-eabi-gcc "../Drivers/STM32G4xx_HAL_Driver/Src/stm32g4xx_hal_dma_ex.c" -mcpu=cortex-m4 -std=gnu11 -g3 -DDEBUG -DUSE_HAL_DRIVER -DSTM32G474xx -c -I../Core/Inc -I../Drivers/STM32G4xx_HAL_Driver/Inc -I../Drivers/STM32G4xx_HAL_Driver/Inc/Legacy -I../Drivers/CMSIS/Device/ST/STM32G4xx/Include -I../Drivers/CMSIS/Include -O0 -ffunction-sections -fdata-sections -Wall -fstack-usage -fcyclomatic-complexity -MMD -MP -MF"Drivers/STM32G4xx_HAL_Driver/Src/stm32g4xx_hal_dma_ex.d" -MT"Drivers/STM32G4xx_HAL_Driver/Src/stm32g4xx_hal_dma_ex.o" --specs=nano.specs -mfpu=fpv4-sp-d16 -mfloat-abi=hard -mthumb -o "Drivers/STM32G4xx_HAL_Driver/Src/stm32g4xx_hal_dma_ex.o"
arm-none-eabi-gcc "../Drivers/STM32G4xx_HAL_Driver/Src/stm32g4xx_hal_exti.c" -mcpu=cortex-m4 -std=gnu11 -g3 -DDEBUG -DUSE_HAL_DRIVER -DSTM32G474xx -c -I../Core/Inc -I../Drivers/STM32G4xx_HAL_Driver/Inc -I../Drivers/STM32G4xx_HAL_Driver/Inc/Legacy -I../Drivers/CMSIS/Device/ST/STM32G4xx/Include -I../Drivers/CMSIS/Include -O0 -ffunction-sections -fdata-sections -Wall -fstack-usage -fcyclomatic-complexity -MMD -MP -MF"Drivers/STM32G4xx_HAL_Driver/Src/stm32g4xx_hal_exti.d" -MT"Drivers/STM32G4xx_HAL_Driver/Src/stm32g4xx_hal_exti.o" --specs=nano.specs -mfpu=fpv4-sp-d16 -mfloat-abi=hard -mthumb -o "Drivers/STM32G4xx_HAL_Driver/Src/stm32g4xx_hal_exti.o"
arm-none-eabi-gcc "../Drivers/STM32G4xx_HAL_Driver/Src/stm32g4xx_hal_flash.c" -mcpu=cortex-m4 -std=gnu11 -g3 -DDEBUG -DUSE_HAL_DRIVER -DSTM32G474xx -c -I../Core/Inc -I../Drivers/STM32G4xx_HAL_Driver/Inc -I../Drivers/STM32G4xx_HAL_Driver/Inc/Legacy -I../Drivers/CMSIS/Device/ST/STM32G4xx/Include -I../Drivers/CMSIS/Include -O0 -ffunction-sections -fdata-sections -Wall -fstack-usage -fcyclomatic-complexity -MMD -MP -MF"Drivers/STM32G4xx_HAL_Driver/Src/stm32g4xx_hal_flash.d" -MT"Drivers/STM32G4xx_HAL_Driver/Src/stm32g4xx_hal_flash.o" --specs=nano.specs -mfpu=fpv4-sp-d16 -mfloat-abi=hard -mthumb -o "Drivers/STM32G4xx_HAL_Driver/Src/stm32g4xx_hal_flash.o"
arm-none-eabi-gcc "../Drivers/STM32G4xx_HAL_Driver/Src/stm32g4xx_hal_flash_ex.c" -mcpu=cortex-m4 -std=gnu11 -g3 -DDEBUG -DUSE_HAL_DRIVER -DSTM32G474xx -c -I../Core/Inc -I../Drivers/STM32G4xx_HAL_Driver/Inc -I../Drivers/STM32G4xx_HAL_Driver/Inc/Legacy -I../Drivers/CMSIS/Device/ST/STM32G4xx/Include -I../Drivers/CMSIS/Include -O0 -ffunction-sections -fdata-sections -Wall -fstack-usage -fcyclomatic-complexity -MMD -MP -MF"Drivers/STM32G4xx_HAL_Driver/Src/stm32g4xx_hal_flash_ex.d" -MT"Drivers/STM32G4xx_HAL_Driver/Src/stm32g4xx_hal_flash_ex.o" --specs=nano.specs -mfpu=fpv4-sp-d16 -mfloat-abi=hard -mthumb -o "Drivers/STM32G4xx_HAL_Driver/Src/stm32g4xx_hal_flash_ex.o"
arm-none-eabi-gcc "../Drivers/STM32G4xx_HAL_Driver/Src/stm32g4xx_hal_flash_ramfunc.c" -mcpu=cortex-m4 -std=gnu11 -g3 -DDEBUG -DUSE_HAL_DRIVER -DSTM32G474xx -c -I../Core/Inc -I../Drivers/STM32G4xx_HAL_Driver/Inc -I../Drivers/STM32G4xx_HAL_Driver/Inc/Legacy -I../Drivers/CMSIS/Device/ST/STM32G4xx/Include -I../Drivers/CMSIS/Include -O0 -ffunction-sections -fdata-sections -Wall -fstack-usage -fcyclomatic-complexity -MMD -MP -MF"Drivers/STM32G4xx_HAL_Driver/Src/stm32g4xx_hal_flash_ramfunc.d" -MT"Drivers/STM32G4xx_HAL_Driver/Src/stm32g4xx_hal_flash_ramfunc.o" --specs=nano.specs -mfpu=fpv4-sp-d16 -mfloat-abi=hard -mthumb -o "Drivers/STM32G4xx_HAL_Driver/Src/stm32g4xx_hal_flash_ramfunc.o"
arm-none-eabi-gcc "../Drivers/STM32G4xx_HAL_Driver/Src/stm32g4xx_hal_gpio.c" -mcpu=cortex-m4 -std=gnu11 -g3 -DDEBUG -DUSE_HAL_DRIVER -DSTM32G474xx -c -I../Core/Inc -I../Drivers/STM32G4xx_HAL_Driver/Inc -I../Drivers/STM32G4xx_HAL_Driver/Inc/Legacy -I../Drivers/CMSIS/Device/ST/STM32G4xx/Include -I../Drivers/CMSIS/Include -O0 -ffunction-sections -fdata-sections -Wall -fstack-usage -fcyclomatic-complexity -MMD -MP -MF"Drivers/STM32G4xx_HAL_Driver/Src/stm32g4xx_hal_gpio.d" -MT"Drivers/STM32G4xx_HAL_Driver/Src/stm32g4xx_hal_gpio.o" --specs=nano.specs -mfpu=fpv4-sp-d16 -mfloat-abi=hard -mthumb -o "Drivers/STM32G4xx_HAL_Driver/Src/stm32g4xx_hal_gpio.o"
arm-none-eabi-gcc "../Drivers/STM32G4xx_HAL_Driver/Src/stm32g4xx_hal_pwr.c" -mcpu=cortex-m4 -std=gnu11 -g3 -DDEBUG -DUSE_HAL_DRIVER -DSTM32G474xx -c -I../Core/Inc -I../Drivers/STM32G4xx_HAL_Driver/Inc -I../Drivers/STM32G4xx_HAL_Driver/Inc/Legacy -I../Drivers/CMSIS/Device/ST/STM32G4xx/Include -I../Drivers/CMSIS/Include -O0 -ffunction-sections -fdata-sections -Wall -fstack-usage -fcyclomatic-complexity -MMD -MP -MF"Drivers/STM32G4xx_HAL_Driver/Src/stm32g4xx_hal_pwr.d" -MT"Drivers/STM32G4xx_HAL_Driver/Src/stm32g4xx_hal_pwr.o" --specs=nano.specs -mfpu=fpv4-sp-d16 -mfloat-abi=hard -mthumb -o "Drivers/STM32G4xx_HAL_Driver/Src/stm32g4xx_hal_pwr.o"
arm-none-eabi-gcc "../Drivers/STM32G4xx_HAL_Driver/Src/stm32g4xx_hal_pwr_ex.c" -mcpu=cortex-m4 -std=gnu11 -g3 -DDEBUG -DUSE_HAL_DRIVER -DSTM32G474xx -c -I../Core/Inc -I../Drivers/STM32G4xx_HAL_Driver/Inc -I../Drivers/STM32G4xx_HAL_Driver/Inc/Legacy -I../Drivers/CMSIS/Device/ST/STM32G4xx/Include -I../Drivers/CMSIS/Include -O0 -ffunction-sections -fdata-sections -Wall -fstack-usage -fcyclomatic-complexity -MMD -MP -MF"Drivers/STM32G4xx_HAL_Driver/Src/stm32g4xx_hal_pwr_ex.d" -MT"Drivers/STM32G4xx_HAL_Driver/Src/stm32g4xx_hal_pwr_ex.o" --specs=nano.specs -mfpu=fpv4-sp-d16 -mfloat-abi=hard -mthumb -o "Drivers/STM32G4xx_HAL_Driver/Src/stm32g4xx_hal_pwr_ex.o"
arm-none-eabi-gcc "../Drivers/STM32G4xx_HAL_Driver/Src/stm32g4xx_hal_rcc.c" -mcpu=cortex-m4 -std=gnu11 -g3 -DDEBUG -DUSE_HAL_DRIVER -DSTM32G474xx -c -I../Core/Inc -I../Drivers/STM32G4xx_HAL_Driver/Inc -I../Drivers/STM32G4xx_HAL_Driver/Inc/Legacy -I../Drivers/CMSIS/Device/ST/STM32G4xx/Include -I../Drivers/CMSIS/Include -O0 -ffunction-sections -fdata-sections -Wall -fstack-usage -fcyclomatic-complexity -MMD -MP -MF"Drivers/STM32G4xx_HAL_Driver/Src/stm32g4xx_hal_rcc.d" -MT"Drivers/STM32G4xx_HAL_Driver/Src/stm32g4xx_hal_rcc.o" --specs=nano.specs -mfpu=fpv4-sp-d16 -mfloat-abi=hard -mthumb -o "Drivers/STM32G4xx_HAL_Driver/Src/stm32g4xx_hal_rcc.o"
arm-none-eabi-gcc "../Drivers/STM32G4xx_HAL_Driver/Src/stm32g4xx_hal_rcc_ex.c" -mcpu=cortex-m4 -std=gnu11 -g3 -DDEBUG -DUSE_HAL_DRIVER -DSTM32G474xx -c -I../Core/Inc -I../Drivers/STM32G4xx_HAL_Driver/Inc -I../Drivers/STM32G4xx_HAL_Driver/Inc/Legacy -I../Drivers/CMSIS/Device/ST/STM32G4xx/Include -I../Drivers/CMSIS/Include -O0 -ffunction-sections -fdata-sections -Wall -fstack-usage -fcyclomatic-complexity -MMD -MP -MF"Drivers/STM32G4xx_HAL_Driver/Src/stm32g4xx_hal_rcc_ex.d" -MT"Drivers/STM32G4xx_HAL_Driver/Src/stm32g4xx_hal_rcc_ex.o" --specs=nano.specs -mfpu=fpv4-sp-d16 -mfloat-abi=hard -mthumb -o "Drivers/STM32G4xx_HAL_Driver/Src/stm32g4xx_hal_rcc_ex.o"
arm-none-eabi-gcc -mcpu=cortex-m4 -g3 -DDEBUG -c -x assembler-with-cpp -MMD -MP -MF"Core/Startup/startup_stm32g474retx.d" -MT"Core/Startup/startup_stm32g474retx.o" --specs=nano.specs -mfpu=fpv4-sp-d16 -mfloat-abi=hard -mthumb -o "Core/Startup/startup_stm32g474retx.o" "../Core/Startup/startup_stm32g474retx.s"
arm-none-eabi-gcc "../Core/Src/button.c" -mcpu=cortex-m4 -std=gnu11 -g3 -DDEBUG -DUSE_HAL_DRIVER -DSTM32G474xx -c -I../Core/Inc -I../Drivers/STM32G4xx_HAL_Driver/Inc -I../Drivers/STM32G4xx_HAL_Driver/Inc/Legacy -I../Drivers/CMSIS/Device/ST/STM32G4xx/Include -I../Drivers/CMSIS/Include -O0 -ffunction-sections -fdata-sections -Wall -fstack-usage -fcyclomatic-complexity -MMD -MP -MF"Core/Src/button.d" -MT"Core/Src/button.o" --specs=nano.specs -mfpu=fpv4-sp-d16 -mfloat-abi=hard -mthumb -o "Core/Src/button.o"
arm-none-eabi-gcc "../Core/Src/fsm_logic.c" -mcpu=cortex-m4 -std=gnu11 -g3 -DDEBUG -DUSE_HAL_DRIVER -DSTM32G474xx -c -I../Core/Inc -I../Drivers/STM32G4xx_HAL_Driver/Inc -I../Drivers/STM32G4xx_HAL_Driver/Inc/Legacy -I../Drivers/CMSIS/Device/ST/STM32G4xx/Include -I../Drivers/CMSIS/Include -O0 -ffunction-sections -fdata-sections -Wall -fstack-usage -fcyclomatic-complexity -MMD -MP -MF"Core/Src/fsm_logic.d" -MT"Core/Src/fsm_logic.o" --specs=nano.specs -mfpu=fpv4-sp-d16 -mfloat-abi=hard -mthumb -o "Core/Src/fsm_logic.o"
arm-none-eabi-gcc "../Core/Src/gpio.c" -mcpu=cortex-m4 -std=gnu11 -g3 -DDEBUG -DUSE_HAL_DRIVER -DSTM32G474xx -c -I../Core/Inc -I../Drivers/STM32G4xx_HAL_Driver/Inc -I../Drivers/STM32G4xx_HAL_Driver/Inc/Legacy -I../Drivers/CMSIS/Device/ST/STM32G4xx/Include -I../Drivers/CMSIS/Include -O0 -ffunction-sections -fdata-sections -Wall -fstack-usage -fcyclomatic-complexity -MMD -MP -MF"Core/Src/gpio.d" -MT"Core/Src/gpio.o" --specs=nano.specs -mfpu=fpv4-sp-d16 -mfloat-abi=hard -mthumb -o "Core/Src/gpio.o"
arm-none-eabi-gcc "../Core/Src/led.c" -mcpu=cortex-m4 -std=gnu11 -g3 -DDEBUG -DUSE_HAL_DRIVER -DSTM32G474xx -c -I../Core/Inc -I../Drivers/STM32G4xx_HAL_Driver/Inc -I../Drivers/STM32G4xx_HAL_Driver/Inc/Legacy -I../Drivers/CMSIS/Device/ST/STM32G4xx/Include -I../Drivers/CMSIS/Include -O0 -ffunction-sections -fdata-sections -Wall -fstack-usage -fcyclomatic-complexity -MMD -MP -MF"Core/Src/led.d" -MT"Core/Src/led.o" --specs=nano.specs -mfpu=fpv4-sp-d16 -mfloat-abi=hard -mthumb -o "Core/Src/led.o"
arm-none-eabi-gcc "../Core/Src/main.c" -mcpu=cortex-m4 -std=gnu11 -g3 -DDEBUG -DUSE_HAL_DRIVER -DSTM32G474xx -c -I../Core/Inc -I../Drivers/STM32G4xx_HAL_Driver/Inc -I../Drivers/STM32G4xx_HAL_Driver/Inc/Legacy -I../Drivers/CMSIS/Device/ST/STM32G4xx/Include -I../Drivers/CMSIS/Include -O0 -ffunction-sections -fdata-sections -Wall -fstack-usage -fcyclomatic-complexity -MMD -MP -MF"Core/Src/main.d" -MT"Core/Src/main.o" --specs=nano.specs -mfpu=fpv4-sp-d16 -mfloat-abi=hard -mthumb -o "Core/Src/main.o"
arm-none-eabi-gcc "../Core/Src/queue.c" -mcpu=cortex-m4 -std=gnu11 -g3 -DDEBUG -DUSE_HAL_DRIVER -DSTM32G474xx -c -I../Core/Inc -I../Drivers/STM32G4xx_HAL_Driver/Inc -I../Drivers/STM32G4xx_HAL_Driver/Inc/Legacy -I../Drivers/CMSIS/Device/ST/STM32G4xx/Include -I../Drivers/CMSIS/Include -O0 -ffunction-sections -fdata-sections -Wall -fstack-usage -fcyclomatic-complexity -MMD -MP -MF"Core/Src/queue.d" -MT"Core/Src/queue.o" --specs=nano.specs -mfpu=fpv4-sp-d16 -mfloat-abi=hard -mthumb -o "Core/Src/queue.o"
arm-none-eabi-gcc "../Core/Src/stm32g4xx_hal_msp.c" -mcpu=cortex-m4 -std=gnu11 -g3 -DDEBUG -DUSE_HAL_DRIVER -DSTM32G474xx -c -I../Core/Inc -I../Drivers/STM32G4xx_HAL_Driver/Inc -I../Drivers/STM32G4xx_HAL_Driver/Inc/Legacy -I../Drivers/CMSIS/Device/ST/STM32G4xx/Include -I../Drivers/CMSIS/Include -O0 -ffunction-sections -fdata-sections -Wall -fstack-usage -fcyclomatic-complexity -MMD -MP -MF"Core/Src/stm32g4xx_hal_msp.d" -MT"Core/Src/stm32g4xx_hal_msp.o" --specs=nano.specs -mfpu=fpv4-sp-d16 -mfloat-abi=hard -mthumb -o "Core/Src/stm32g4xx_hal_msp.o"
arm-none-eabi-gcc "../Core/Src/stm32g4xx_it.c" -mcpu=cortex-m4 -std=gnu11 -g3 -DDEBUG -DUSE_HAL_DRIVER -DSTM32G474xx -c -I../Core/Inc -I../Drivers/STM32G4xx_HAL_Driver/Inc -I../Drivers/STM32G4xx_HAL_Driver/Inc/Legacy -I../Drivers/CMSIS/Device/ST/STM32G4xx/Include -I../Drivers/CMSIS/Include -O0 -ffunction-sections -fdata-sections -Wall -fstack-usage -fcyclomatic-complexity -MMD -MP -MF"Core/Src/stm32g4xx_it.d" -MT"Core/Src/stm32g4xx_it.o" --specs=nano.specs -mfpu=fpv4-sp-d16 -mfloat-abi=hard -mthumb -o "Core/Src/stm32g4xx_it.o"
arm-none-eabi-gcc "../Core/Src/syscalls.c" -mcpu=cortex-m4 -std=gnu11 -g3 -DDEBUG -DUSE_HAL_DRIVER -DSTM32G474xx -c -I../Core/Inc -I../Drivers/STM32G4xx_HAL_Driver/Inc -I../Drivers/STM32G4xx_HAL_Driver/Inc/Legacy -I../Drivers/CMSIS/Device/ST/STM32G4xx/Include -I../Drivers/CMSIS/Include -O0 -ffunction-sections -fdata-sections -Wall -fstack-usage -fcyclomatic-complexity -MMD -MP -MF"Core/Src/syscalls.d" -MT"Core/Src/syscalls.o" --specs=nano.specs -mfpu=fpv4-sp-d16 -mfloat-abi=hard -mthumb -o "Core/Src/syscalls.o"
arm-none-eabi-gcc "../Core/Src/sysmem.c" -mcpu=cortex-m4 -std=gnu11 -g3 -DDEBUG -DUSE_HAL_DRIVER -DSTM32G474xx -c -I../Core/Inc -I../Drivers/STM32G4xx_HAL_Driver/Inc -I../Drivers/STM32G4xx_HAL_Driver/Inc/Legacy -I../Drivers/CMSIS/Device/ST/STM32G4xx/Include -I../Drivers/CMSIS/Include -O0 -ffunction-sections -fdata-sections -Wall -fstack-usage -fcyclomatic-complexity -MMD -MP -MF"Core/Src/sysmem.d" -MT"Core/Src/sysmem.o" --specs=nano.specs -mfpu=fpv4-sp-d16 -mfloat-abi=hard -mthumb -o "Core/Src/sysmem.o"
arm-none-eabi-gcc "../Core/Src/system_stm32g4xx.c" -mcpu=cortex-m4 -std=gnu11 -g3 -DDEBUG -DUSE_HAL_DRIVER -DSTM32G474xx -c -I../Core/Inc -I../Drivers/STM32G4xx_HAL_Driver/Inc -I../Drivers/STM32G4xx_HAL_Driver/Inc/Legacy -I../Drivers/CMSIS/Device/ST/STM32G4xx/Include -I../Drivers/CMSIS/Include -O0 -ffunction-sections -fdata-sections -Wall -fstack-usage -fcyclomatic-complexity -MMD -MP -MF"Core/Src/system_stm32g4xx.d" -MT"Core/Src/system_stm32g4xx.o" --specs=nano.specs -mfpu=fpv4-sp-d16 -mfloat-abi=hard -mthumb -o "Core/Src/system_stm32g4xx.o"
arm-none-eabi-gcc "../Core/Src/timer.c" -mcpu=cortex-m4 -std=gnu11 -g3 -DDEBUG -DUSE_HAL_DRIVER -DSTM32G474xx -c -I../Core/Inc -I../Drivers/STM32G4xx_HAL_Driver/Inc -I../Drivers/STM32G4xx_HAL_Driver/Inc/Legacy -I../Drivers/CMSIS/Device/ST/STM32G4xx/Include -I../Drivers/CMSIS/Include -O0 -ffunction-sections -fdata-sections -Wall -fstack-usage -fcyclomatic-complexity -MMD -MP -MF"Core/Src/timer.d" -MT"Core/Src/timer.o" --specs=nano.specs -mfpu=fpv4-sp-d16 -mfloat-abi=hard -mthumb -o "Core/Src/timer.o"
In file included from ../Core/Inc/fsm_logic.h:6,
                 from ../Core/Src/fsm_logic.c:1:
../Core/Inc/timer.h:11:9: error: unknown type name 'TIM_HandleTypeDef'; did you mean 'EXTI_HandleTypeDef'?
   11 |         TIM_HandleTypeDef* htim;
      |         ^~~~~~~~~~~~~~~~~
      |         EXTI_HandleTypeDef
../Core/Inc/timer.h:22:35: error: unknown type name 'TIM_HandleTypeDef'; did you mean 'EXTI_HandleTypeDef'?
   22 | int8_t timer_init(timer_t* timer, TIM_HandleTypeDef* handler, uint32_t frequency);
      |                                   ^~~~~~~~~~~~~~~~~
      |                                   EXTI_HandleTypeDef
../Core/Inc/timer.h:59:43: error: unknown type name 'TIM_HandleTypeDef'; did you mean 'EXTI_HandleTypeDef'?
   59 | int8_t timer_is_myhandler(timer_t* timer, TIM_HandleTypeDef* handler);
      |                                           ^~~~~~~~~~~~~~~~~
      |                                           EXTI_HandleTypeDef
../Core/Inc/timer.h:80:45: error: unknown type name 'TIM_HandleTypeDef'; did you mean 'EXTI_HandleTypeDef'?
   80 | int8_t timer_period_elapsed(timer_t* timer, TIM_HandleTypeDef* handler);
      |                                             ^~~~~~~~~~~~~~~~~
      |                                             EXTI_HandleTypeDef
../Core/Src/timer.c:2:10: fatal error: tim.h: No such file or directory
    2 | #include "tim.h"
      |          ^~~~~~~
compilation terminated.
make: *** [Core/Src/subdir.mk:52: Core/Src/timer.o] Error 1
make: *** Waiting for unfinished jobs....
In file included from ../Core/Inc/fsm_logic.h:6,
                 from ../Core/Src/main.c:25:
../Core/Inc/timer.h:11:9: error: unknown type name 'TIM_HandleTypeDef'; did you mean 'EXTI_HandleTypeDef'?
   11 |         TIM_HandleTypeDef* htim;
      |         ^~~~~~~~~~~~~~~~~
      |         EXTI_HandleTypeDef
make: *** [Core/Src/subdir.mk:52: Core/Src/fsm_logic.o] Error 1
../Core/Inc/timer.h:22:35: error: unknown type name 'TIM_HandleTypeDef'; did you mean 'EXTI_HandleTypeDef'?
   22 | int8_t timer_init(timer_t* timer, TIM_HandleTypeDef* handler, uint32_t frequency);
      |                                   ^~~~~~~~~~~~~~~~~
      |                                   EXTI_HandleTypeDef
../Core/Inc/timer.h:59:43: error: unknown type name 'TIM_HandleTypeDef'; did you mean 'EXTI_HandleTypeDef'?
   59 | int8_t timer_is_myhandler(timer_t* timer, TIM_HandleTypeDef* handler);
      |                                           ^~~~~~~~~~~~~~~~~
      |                                           EXTI_HandleTypeDef
../Core/Inc/timer.h:80:45: error: unknown type name 'TIM_HandleTypeDef'; did you mean 'EXTI_HandleTypeDef'?
   80 | int8_t timer_period_elapsed(timer_t* timer, TIM_HandleTypeDef* handler);
      |                                             ^~~~~~~~~~~~~~~~~
      |                                             EXTI_HandleTypeDef
make: *** [Core/Src/subdir.mk:52: Core/Src/main.o] Error 1
"make -j14 all" terminated with exit code 2. Build might be incomplete.
19:55:40 **** Incremental Build of configuration Debug for project lanternasemaforica ****
make -j14 all 
arm-none-eabi-gcc "../Core/Src/fsm_logic.c" -mcpu=cortex-m4 -std=gnu11 -g3 -DDEBUG -DUSE_HAL_DRIVER -DSTM32G474xx -c -I../Core/Inc -I../Drivers/STM32G4xx_HAL_Driver/Inc -I../Drivers/STM32G4xx_HAL_Driver/Inc/Legacy -I../Drivers/CMSIS/Device/ST/STM32G4xx/Include -I../Drivers/CMSIS/Include -O0 -ffunction-sections -fdata-sections -Wall -fstack-usage -fcyclomatic-complexity -MMD -MP -MF"Core/Src/fsm_logic.d" -MT"Core/Src/fsm_logic.o" --specs=nano.specs -mfpu=fpv4-sp-d16 -mfloat-abi=hard -mthumb -o "Core/Src/fsm_logic.o"
arm-none-eabi-gcc "../Core/Src/main.c" -mcpu=cortex-m4 -std=gnu11 -g3 -DDEBUG -DUSE_HAL_DRIVER -DSTM32G474xx -c -I../Core/Inc -I../Drivers/STM32G4xx_HAL_Driver/Inc -I../Drivers/STM32G4xx_HAL_Driver/Inc/Legacy -I../Drivers/CMSIS/Device/ST/STM32G4xx/Include -I../Drivers/CMSIS/Include -O0 -ffunction-sections -fdata-sections -Wall -fstack-usage -fcyclomatic-complexity -MMD -MP -MF"Core/Src/main.d" -MT"Core/Src/main.o" --specs=nano.specs -mfpu=fpv4-sp-d16 -mfloat-abi=hard -mthumb -o "Core/Src/main.o"
arm-none-eabi-gcc "../Core/Src/timer.c" -mcpu=cortex-m4 -std=gnu11 -g3 -DDEBUG -DUSE_HAL_DRIVER -DSTM32G474xx -c -I../Core/Inc -I../Drivers/STM32G4xx_HAL_Driver/Inc -I../Drivers/STM32G4xx_HAL_Driver/Inc/Legacy -I../Drivers/CMSIS/Device/ST/STM32G4xx/Include -I../Drivers/CMSIS/Include -O0 -ffunction-sections -fdata-sections -Wall -fstack-usage -fcyclomatic-complexity -MMD -MP -MF"Core/Src/timer.d" -MT"Core/Src/timer.o" --specs=nano.specs -mfpu=fpv4-sp-d16 -mfloat-abi=hard -mthumb -o "Core/Src/timer.o"
../Core/Src/timer.c:2:10: fatal error: tim.h: No such file or directory
    2 | #include "tim.h"
      |          ^~~~~~~
compilation terminated.
make: *** [Core/Src/subdir.mk:52: Core/Src/timer.o] Error 1
make: *** Waiting for unfinished jobs....
In file included from ../Core/Inc/fsm_logic.h:6,
                 from ../Core/Src/fsm_logic.c:1:
../Core/Inc/timer.h:11:9: error: unknown type name 'TIM_HandleTypeDef'; did you mean 'EXTI_HandleTypeDef'?
   11 |         TIM_HandleTypeDef* htim;
      |         ^~~~~~~~~~~~~~~~~
      |         EXTI_HandleTypeDef
In file included from ../Core/Inc/fsm_logic.h:6,
                 from ../Core/Src/main.c:25:
../Core/Inc/timer.h:11:9: error: unknown type name 'TIM_HandleTypeDef'; did you mean 'EXTI_HandleTypeDef'?
   11 |         TIM_HandleTypeDef* htim;
      |         ^~~~~~~~~~~~~~~~~
      |         EXTI_HandleTypeDef
../Core/Inc/timer.h:22:35: error: unknown type name 'TIM_HandleTypeDef'; did you mean 'EXTI_HandleTypeDef'?
   22 | int8_t timer_init(timer_t* timer, TIM_HandleTypeDef* handler, uint32_t frequency);
      |                                   ^~~~~~~~~~~~~~~~~
      |                                   EXTI_HandleTypeDef
../Core/Inc/timer.h:22:35: error: unknown type name 'TIM_HandleTypeDef'; did you mean 'EXTI_HandleTypeDef'?
   22 | int8_t timer_init(timer_t* timer, TIM_HandleTypeDef* handler, uint32_t frequency);
      |                                   ^~~~~~~~~~~~~~~~~
      |                                   EXTI_HandleTypeDef
../Core/Inc/timer.h:59:43: error: unknown type name 'TIM_HandleTypeDef'; did you mean 'EXTI_HandleTypeDef'?
   59 | int8_t timer_is_myhandler(timer_t* timer, TIM_HandleTypeDef* handler);
      |                                           ^~~~~~~~~~~~~~~~~
      |                                           EXTI_HandleTypeDef
../Core/Inc/timer.h:59:43: error: unknown type name 'TIM_HandleTypeDef'; did you mean 'EXTI_HandleTypeDef'?
   59 | int8_t timer_is_myhandler(timer_t* timer, TIM_HandleTypeDef* handler);
      |                                           ^~~~~~~~~~~~~~~~~
      |                                           EXTI_HandleTypeDef
../Core/Inc/timer.h:80:45: error: unknown type name 'TIM_HandleTypeDef'; did you mean 'EXTI_HandleTypeDef'?
   80 | int8_t timer_period_elapsed(timer_t* timer, TIM_HandleTypeDef* handler);
      |                                             ^~~~~~~~~~~~~~~~~
      |                                             EXTI_HandleTypeDef
../Core/Inc/timer.h:80:45: error: unknown type name 'TIM_HandleTypeDef'; did you mean 'EXTI_HandleTypeDef'?
   80 | int8_t timer_period_elapsed(timer_t* timer, TIM_HandleTypeDef* handler);
      |                                             ^~~~~~~~~~~~~~~~~
      |                                             EXTI_HandleTypeDef
make: *** [Core/Src/subdir.mk:52: Core/Src/fsm_logic.o] Error 1
make: *** [Core/Src/subdir.mk:52: Core/Src/main.o] Error 1
"make -j14 all" terminated with exit code 2. Build might be incomplete.
19:58:00 **** Incremental Build of configuration Debug for project lanternasemaforica ****
make -j14 all 
arm-none-eabi-gcc "../Core/Src/fsm_logic.c" -mcpu=cortex-m4 -std=gnu11 -g3 -DDEBUG -DUSE_HAL_DRIVER -DSTM32G474xx -c -I../Core/Inc -I../Drivers/STM32G4xx_HAL_Driver/Inc -I../Drivers/STM32G4xx_HAL_Driver/Inc/Legacy -I../Drivers/CMSIS/Device/ST/STM32G4xx/Include -I../Drivers/CMSIS/Include -O0 -ffunction-sections -fdata-sections -Wall -fstack-usage -fcyclomatic-complexity -MMD -MP -MF"Core/Src/fsm_logic.d" -MT"Core/Src/fsm_logic.o" --specs=nano.specs -mfpu=fpv4-sp-d16 -mfloat-abi=hard -mthumb -o "Core/Src/fsm_logic.o"
arm-none-eabi-gcc "../Core/Src/main.c" -mcpu=cortex-m4 -std=gnu11 -g3 -DDEBUG -DUSE_HAL_DRIVER -DSTM32G474xx -c -I../Core/Inc -I../Drivers/STM32G4xx_HAL_Driver/Inc -I../Drivers/STM32G4xx_HAL_Driver/Inc/Legacy -I../Drivers/CMSIS/Device/ST/STM32G4xx/Include -I../Drivers/CMSIS/Include -O0 -ffunction-sections -fdata-sections -Wall -fstack-usage -fcyclomatic-complexity -MMD -MP -MF"Core/Src/main.d" -MT"Core/Src/main.o" --specs=nano.specs -mfpu=fpv4-sp-d16 -mfloat-abi=hard -mthumb -o "Core/Src/main.o"
arm-none-eabi-gcc "../Core/Src/timer.c" -mcpu=cortex-m4 -std=gnu11 -g3 -DDEBUG -DUSE_HAL_DRIVER -DSTM32G474xx -c -I../Core/Inc -I../Drivers/STM32G4xx_HAL_Driver/Inc -I../Drivers/STM32G4xx_HAL_Driver/Inc/Legacy -I../Drivers/CMSIS/Device/ST/STM32G4xx/Include -I../Drivers/CMSIS/Include -O0 -ffunction-sections -fdata-sections -Wall -fstack-usage -fcyclomatic-complexity -MMD -MP -MF"Core/Src/timer.d" -MT"Core/Src/timer.o" --specs=nano.specs -mfpu=fpv4-sp-d16 -mfloat-abi=hard -mthumb -o "Core/Src/timer.o"
../Core/Src/timer.c:2:10: fatal error: tim.h: No such file or directory
    2 | #include "tim.h"
      |          ^~~~~~~
compilation terminated.
make: *** [Core/Src/subdir.mk:52: Core/Src/timer.o] Error 1
make: *** Waiting for unfinished jobs....
In file included from ../Core/Inc/fsm_logic.h:6,
                 from ../Core/Src/main.c:25:
../Core/Inc/timer.h:11:9: error: unknown type name 'TIM_HandleTypeDef'; did you mean 'EXTI_HandleTypeDef'?
   11 |         TIM_HandleTypeDef* htim;
      |         ^~~~~~~~~~~~~~~~~
      |         EXTI_HandleTypeDef
In file included from ../Core/Inc/fsm_logic.h:6,
                 from ../Core/Src/fsm_logic.c:1:
../Core/Inc/timer.h:11:9: error: unknown type name 'TIM_HandleTypeDef'; did you mean 'EXTI_HandleTypeDef'?
   11 |         TIM_HandleTypeDef* htim;
      |         ^~~~~~~~~~~~~~~~~
      |         EXTI_HandleTypeDef
../Core/Inc/timer.h:22:35: error: unknown type name 'TIM_HandleTypeDef'; did you mean 'EXTI_HandleTypeDef'?
   22 | int8_t timer_init(timer_t* timer, TIM_HandleTypeDef* handler, uint32_t frequency);
      |                                   ^~~~~~~~~~~~~~~~~
      |                                   EXTI_HandleTypeDef
../Core/Inc/timer.h:22:35: error: unknown type name 'TIM_HandleTypeDef'; did you mean 'EXTI_HandleTypeDef'?
   22 | int8_t timer_init(timer_t* timer, TIM_HandleTypeDef* handler, uint32_t frequency);
      |                                   ^~~~~~~~~~~~~~~~~
      |                                   EXTI_HandleTypeDef
../Core/Inc/timer.h:59:43: error: unknown type name 'TIM_HandleTypeDef'; did you mean 'EXTI_HandleTypeDef'?
   59 | int8_t timer_is_myhandler(timer_t* timer, TIM_HandleTypeDef* handler);
      |                                           ^~~~~~~~~~~~~~~~~
      |                                           EXTI_HandleTypeDef
../Core/Inc/timer.h:59:43: error: unknown type name 'TIM_HandleTypeDef'; did you mean 'EXTI_HandleTypeDef'?
   59 | int8_t timer_is_myhandler(timer_t* timer, TIM_HandleTypeDef* handler);
      |                                           ^~~~~~~~~~~~~~~~~
      |                                           EXTI_HandleTypeDef
../Core/Inc/timer.h:80:45: error: unknown type name 'TIM_HandleTypeDef'; did you mean 'EXTI_HandleTypeDef'?
   80 | int8_t timer_period_elapsed(timer_t* timer, TIM_HandleTypeDef* handler);
      |                                             ^~~~~~~~~~~~~~~~~
      |                                             EXTI_HandleTypeDef
../Core/Inc/timer.h:80:45: error: unknown type name 'TIM_HandleTypeDef'; did you mean 'EXTI_HandleTypeDef'?
   80 | int8_t timer_period_elapsed(timer_t* timer, TIM_HandleTypeDef* handler);
      |                                             ^~~~~~~~~~~~~~~~~
      |                                             EXTI_HandleTypeDef
make: *** [Core/Src/subdir.mk:52: Core/Src/fsm_logic.o] Error 1
make: *** [Core/Src/subdir.mk:52: Core/Src/main.o] Error 1
"make -j14 all" terminated with exit code 2. Build might be incomplete.
20:00:05 **** Incremental Build of configuration Debug for project lanternasemaforica ****
make -j14 all 
arm-none-eabi-gcc "../Core/Src/fsm_logic.c" -mcpu=cortex-m4 -std=gnu11 -g3 -DDEBUG -DUSE_HAL_DRIVER -DSTM32G474xx -c -I../Core/Inc -I../Drivers/STM32G4xx_HAL_Driver/Inc -I../Drivers/STM32G4xx_HAL_Driver/Inc/Legacy -I../Drivers/CMSIS/Device/ST/STM32G4xx/Include -I../Drivers/CMSIS/Include -O0 -ffunction-sections -fdata-sections -Wall -fstack-usage -fcyclomatic-complexity -MMD -MP -MF"Core/Src/fsm_logic.d" -MT"Core/Src/fsm_logic.o" --specs=nano.specs -mfpu=fpv4-sp-d16 -mfloat-abi=hard -mthumb -o "Core/Src/fsm_logic.o"
arm-none-eabi-gcc "../Core/Src/main.c" -mcpu=cortex-m4 -std=gnu11 -g3 -DDEBUG -DUSE_HAL_DRIVER -DSTM32G474xx -c -I../Core/Inc -I../Drivers/STM32G4xx_HAL_Driver/Inc -I../Drivers/STM32G4xx_HAL_Driver/Inc/Legacy -I../Drivers/CMSIS/Device/ST/STM32G4xx/Include -I../Drivers/CMSIS/Include -O0 -ffunction-sections -fdata-sections -Wall -fstack-usage -fcyclomatic-complexity -MMD -MP -MF"Core/Src/main.d" -MT"Core/Src/main.o" --specs=nano.specs -mfpu=fpv4-sp-d16 -mfloat-abi=hard -mthumb -o "Core/Src/main.o"
arm-none-eabi-gcc "../Core/Src/timer.c" -mcpu=cortex-m4 -std=gnu11 -g3 -DDEBUG -DUSE_HAL_DRIVER -DSTM32G474xx -c -I../Core/Inc -I../Drivers/STM32G4xx_HAL_Driver/Inc -I../Drivers/STM32G4xx_HAL_Driver/Inc/Legacy -I../Drivers/CMSIS/Device/ST/STM32G4xx/Include -I../Drivers/CMSIS/Include -O0 -ffunction-sections -fdata-sections -Wall -fstack-usage -fcyclomatic-complexity -MMD -MP -MF"Core/Src/timer.d" -MT"Core/Src/timer.o" --specs=nano.specs -mfpu=fpv4-sp-d16 -mfloat-abi=hard -mthumb -o "Core/Src/timer.o"
arm-none-eabi-gcc -o "lanternasemaforica.elf" @"objects.list"   -mcpu=cortex-m4 -T"C:\Users\frank\Documents\Uni\Embedded\project location\fsm\lanternasemaforica\lanternasemaforica\STM32G474RETX_FLASH.ld" --specs=nosys.specs -Wl,-Map="lanternasemaforica.map" -Wl,--gc-sections -static --specs=nano.specs -mfpu=fpv4-sp-d16 -mfloat-abi=hard -mthumb -Wl,--start-group -lc -lm -Wl,--end-group
Finished building target: lanternasemaforica.elf
 
arm-none-eabi-size  lanternasemaforica.elf 
arm-none-eabi-objdump -h -S lanternasemaforica.elf  > "lanternasemaforica.list"
   text	   data	    bss	    dec	    hex	filename
   7396	     12	   1596	   9004	   232c	lanternasemaforica.elf
Finished building: default.size.stdout
 
Finished building: lanternasemaforica.list
 
20:00:19 **** Incremental Build of configuration Debug for project lanternasemaforica ****
make -j14 all 
arm-none-eabi-size  lanternasemaforica.elf 
   text	   data	    bss	    dec	    hex	filename
   7396	     12	   1596	   9004	   232c	lanternasemaforica.elf
Finished building: default.size.stdout
 
20:01:20 **** Incremental Build of configuration Debug for project lanternasemaforica ****
make -j14 all 
arm-none-eabi-size  lanternasemaforica.elf 
   text	   data	    bss	    dec	    hex	filename
   7396	     12	   1596	   9004	   232c	lanternasemaforica.elf
Finished building: default.size.stdout
 
20:03:24 **** Incremental Build of configuration Debug for project lanternasemaforica ****
make -j14 all 
arm-none-eabi-size  lanternasemaforica.elf 
   text	   data	    bss	    dec	    hex	filename
   7396	     12	   1596	   9004	   232c	lanternasemaforica.elf
Finished building: default.size.stdout
 
20:06:25 **** Incremental Build of configuration Debug for project lanternasemaforica ****
make -j14 all 
arm-none-eabi-size  lanternasemaforica.elf 
   text	   data	    bss	    dec	    hex	filename
   7396	     12	   1596	   9004	   232c	lanternasemaforica.elf
Finished building: default.size.stdout
 
20:11:22 **** Incremental Build of configuration Debug for project lanternasemaforica ****
make -j14 all 
arm-none-eabi-gcc "../Drivers/STM32G4xx_HAL_Driver/Src/stm32g4xx_hal.c" -mcpu=cortex-m4 -std=gnu11 -g3 -DDEBUG -DUSE_HAL_DRIVER -DSTM32G474xx -c -I../Core/Inc -I../Drivers/STM32G4xx_HAL_Driver/Inc -I../Drivers/STM32G4xx_HAL_Driver/Inc/Legacy -I../Drivers/CMSIS/Device/ST/STM32G4xx/Include -I../Drivers/CMSIS/Include -O0 -ffunction-sections -fdata-sections -Wall -fstack-usage -fcyclomatic-complexity -MMD -MP -MF"Drivers/STM32G4xx_HAL_Driver/Src/stm32g4xx_hal.d" -MT"Drivers/STM32G4xx_HAL_Driver/Src/stm32g4xx_hal.o" --specs=nano.specs -mfpu=fpv4-sp-d16 -mfloat-abi=hard -mthumb -o "Drivers/STM32G4xx_HAL_Driver/Src/stm32g4xx_hal.o"
arm-none-eabi-gcc "../Drivers/STM32G4xx_HAL_Driver/Src/stm32g4xx_hal_cortex.c" -mcpu=cortex-m4 -std=gnu11 -g3 -DDEBUG -DUSE_HAL_DRIVER -DSTM32G474xx -c -I../Core/Inc -I../Drivers/STM32G4xx_HAL_Driver/Inc -I../Drivers/STM32G4xx_HAL_Driver/Inc/Legacy -I../Drivers/CMSIS/Device/ST/STM32G4xx/Include -I../Drivers/CMSIS/Include -O0 -ffunction-sections -fdata-sections -Wall -fstack-usage -fcyclomatic-complexity -MMD -MP -MF"Drivers/STM32G4xx_HAL_Driver/Src/stm32g4xx_hal_cortex.d" -MT"Drivers/STM32G4xx_HAL_Driver/Src/stm32g4xx_hal_cortex.o" --specs=nano.specs -mfpu=fpv4-sp-d16 -mfloat-abi=hard -mthumb -o "Drivers/STM32G4xx_HAL_Driver/Src/stm32g4xx_hal_cortex.o"
arm-none-eabi-gcc "../Drivers/STM32G4xx_HAL_Driver/Src/stm32g4xx_hal_dma.c" -mcpu=cortex-m4 -std=gnu11 -g3 -DDEBUG -DUSE_HAL_DRIVER -DSTM32G474xx -c -I../Core/Inc -I../Drivers/STM32G4xx_HAL_Driver/Inc -I../Drivers/STM32G4xx_HAL_Driver/Inc/Legacy -I../Drivers/CMSIS/Device/ST/STM32G4xx/Include -I../Drivers/CMSIS/Include -O0 -ffunction-sections -fdata-sections -Wall -fstack-usage -fcyclomatic-complexity -MMD -MP -MF"Drivers/STM32G4xx_HAL_Driver/Src/stm32g4xx_hal_dma.d" -MT"Drivers/STM32G4xx_HAL_Driver/Src/stm32g4xx_hal_dma.o" --specs=nano.specs -mfpu=fpv4-sp-d16 -mfloat-abi=hard -mthumb -o "Drivers/STM32G4xx_HAL_Driver/Src/stm32g4xx_hal_dma.o"
arm-none-eabi-gcc "../Drivers/STM32G4xx_HAL_Driver/Src/stm32g4xx_hal_dma_ex.c" -mcpu=cortex-m4 -std=gnu11 -g3 -DDEBUG -DUSE_HAL_DRIVER -DSTM32G474xx -c -I../Core/Inc -I../Drivers/STM32G4xx_HAL_Driver/Inc -I../Drivers/STM32G4xx_HAL_Driver/Inc/Legacy -I../Drivers/CMSIS/Device/ST/STM32G4xx/Include -I../Drivers/CMSIS/Include -O0 -ffunction-sections -fdata-sections -Wall -fstack-usage -fcyclomatic-complexity -MMD -MP -MF"Drivers/STM32G4xx_HAL_Driver/Src/stm32g4xx_hal_dma_ex.d" -MT"Drivers/STM32G4xx_HAL_Driver/Src/stm32g4xx_hal_dma_ex.o" --specs=nano.specs -mfpu=fpv4-sp-d16 -mfloat-abi=hard -mthumb -o "Drivers/STM32G4xx_HAL_Driver/Src/stm32g4xx_hal_dma_ex.o"
arm-none-eabi-gcc "../Drivers/STM32G4xx_HAL_Driver/Src/stm32g4xx_hal_exti.c" -mcpu=cortex-m4 -std=gnu11 -g3 -DDEBUG -DUSE_HAL_DRIVER -DSTM32G474xx -c -I../Core/Inc -I../Drivers/STM32G4xx_HAL_Driver/Inc -I../Drivers/STM32G4xx_HAL_Driver/Inc/Legacy -I../Drivers/CMSIS/Device/ST/STM32G4xx/Include -I../Drivers/CMSIS/Include -O0 -ffunction-sections -fdata-sections -Wall -fstack-usage -fcyclomatic-complexity -MMD -MP -MF"Drivers/STM32G4xx_HAL_Driver/Src/stm32g4xx_hal_exti.d" -MT"Drivers/STM32G4xx_HAL_Driver/Src/stm32g4xx_hal_exti.o" --specs=nano.specs -mfpu=fpv4-sp-d16 -mfloat-abi=hard -mthumb -o "Drivers/STM32G4xx_HAL_Driver/Src/stm32g4xx_hal_exti.o"
arm-none-eabi-gcc "../Drivers/STM32G4xx_HAL_Driver/Src/stm32g4xx_hal_flash.c" -mcpu=cortex-m4 -std=gnu11 -g3 -DDEBUG -DUSE_HAL_DRIVER -DSTM32G474xx -c -I../Core/Inc -I../Drivers/STM32G4xx_HAL_Driver/Inc -I../Drivers/STM32G4xx_HAL_Driver/Inc/Legacy -I../Drivers/CMSIS/Device/ST/STM32G4xx/Include -I../Drivers/CMSIS/Include -O0 -ffunction-sections -fdata-sections -Wall -fstack-usage -fcyclomatic-complexity -MMD -MP -MF"Drivers/STM32G4xx_HAL_Driver/Src/stm32g4xx_hal_flash.d" -MT"Drivers/STM32G4xx_HAL_Driver/Src/stm32g4xx_hal_flash.o" --specs=nano.specs -mfpu=fpv4-sp-d16 -mfloat-abi=hard -mthumb -o "Drivers/STM32G4xx_HAL_Driver/Src/stm32g4xx_hal_flash.o"
arm-none-eabi-gcc "../Drivers/STM32G4xx_HAL_Driver/Src/stm32g4xx_hal_flash_ex.c" -mcpu=cortex-m4 -std=gnu11 -g3 -DDEBUG -DUSE_HAL_DRIVER -DSTM32G474xx -c -I../Core/Inc -I../Drivers/STM32G4xx_HAL_Driver/Inc -I../Drivers/STM32G4xx_HAL_Driver/Inc/Legacy -I../Drivers/CMSIS/Device/ST/STM32G4xx/Include -I../Drivers/CMSIS/Include -O0 -ffunction-sections -fdata-sections -Wall -fstack-usage -fcyclomatic-complexity -MMD -MP -MF"Drivers/STM32G4xx_HAL_Driver/Src/stm32g4xx_hal_flash_ex.d" -MT"Drivers/STM32G4xx_HAL_Driver/Src/stm32g4xx_hal_flash_ex.o" --specs=nano.specs -mfpu=fpv4-sp-d16 -mfloat-abi=hard -mthumb -o "Drivers/STM32G4xx_HAL_Driver/Src/stm32g4xx_hal_flash_ex.o"
arm-none-eabi-gcc "../Drivers/STM32G4xx_HAL_Driver/Src/stm32g4xx_hal_flash_ramfunc.c" -mcpu=cortex-m4 -std=gnu11 -g3 -DDEBUG -DUSE_HAL_DRIVER -DSTM32G474xx -c -I../Core/Inc -I../Drivers/STM32G4xx_HAL_Driver/Inc -I../Drivers/STM32G4xx_HAL_Driver/Inc/Legacy -I../Drivers/CMSIS/Device/ST/STM32G4xx/Include -I../Drivers/CMSIS/Include -O0 -ffunction-sections -fdata-sections -Wall -fstack-usage -fcyclomatic-complexity -MMD -MP -MF"Drivers/STM32G4xx_HAL_Driver/Src/stm32g4xx_hal_flash_ramfunc.d" -MT"Drivers/STM32G4xx_HAL_Driver/Src/stm32g4xx_hal_flash_ramfunc.o" --specs=nano.specs -mfpu=fpv4-sp-d16 -mfloat-abi=hard -mthumb -o "Drivers/STM32G4xx_HAL_Driver/Src/stm32g4xx_hal_flash_ramfunc.o"
arm-none-eabi-gcc "../Drivers/STM32G4xx_HAL_Driver/Src/stm32g4xx_hal_gpio.c" -mcpu=cortex-m4 -std=gnu11 -g3 -DDEBUG -DUSE_HAL_DRIVER -DSTM32G474xx -c -I../Core/Inc -I../Drivers/STM32G4xx_HAL_Driver/Inc -I../Drivers/STM32G4xx_HAL_Driver/Inc/Legacy -I../Drivers/CMSIS/Device/ST/STM32G4xx/Include -I../Drivers/CMSIS/Include -O0 -ffunction-sections -fdata-sections -Wall -fstack-usage -fcyclomatic-complexity -MMD -MP -MF"Drivers/STM32G4xx_HAL_Driver/Src/stm32g4xx_hal_gpio.d" -MT"Drivers/STM32G4xx_HAL_Driver/Src/stm32g4xx_hal_gpio.o" --specs=nano.specs -mfpu=fpv4-sp-d16 -mfloat-abi=hard -mthumb -o "Drivers/STM32G4xx_HAL_Driver/Src/stm32g4xx_hal_gpio.o"
arm-none-eabi-gcc "../Drivers/STM32G4xx_HAL_Driver/Src/stm32g4xx_hal_pwr.c" -mcpu=cortex-m4 -std=gnu11 -g3 -DDEBUG -DUSE_HAL_DRIVER -DSTM32G474xx -c -I../Core/Inc -I../Drivers/STM32G4xx_HAL_Driver/Inc -I../Drivers/STM32G4xx_HAL_Driver/Inc/Legacy -I../Drivers/CMSIS/Device/ST/STM32G4xx/Include -I../Drivers/CMSIS/Include -O0 -ffunction-sections -fdata-sections -Wall -fstack-usage -fcyclomatic-complexity -MMD -MP -MF"Drivers/STM32G4xx_HAL_Driver/Src/stm32g4xx_hal_pwr.d" -MT"Drivers/STM32G4xx_HAL_Driver/Src/stm32g4xx_hal_pwr.o" --specs=nano.specs -mfpu=fpv4-sp-d16 -mfloat-abi=hard -mthumb -o "Drivers/STM32G4xx_HAL_Driver/Src/stm32g4xx_hal_pwr.o"
arm-none-eabi-gcc "../Drivers/STM32G4xx_HAL_Driver/Src/stm32g4xx_hal_pwr_ex.c" -mcpu=cortex-m4 -std=gnu11 -g3 -DDEBUG -DUSE_HAL_DRIVER -DSTM32G474xx -c -I../Core/Inc -I../Drivers/STM32G4xx_HAL_Driver/Inc -I../Drivers/STM32G4xx_HAL_Driver/Inc/Legacy -I../Drivers/CMSIS/Device/ST/STM32G4xx/Include -I../Drivers/CMSIS/Include -O0 -ffunction-sections -fdata-sections -Wall -fstack-usage -fcyclomatic-complexity -MMD -MP -MF"Drivers/STM32G4xx_HAL_Driver/Src/stm32g4xx_hal_pwr_ex.d" -MT"Drivers/STM32G4xx_HAL_Driver/Src/stm32g4xx_hal_pwr_ex.o" --specs=nano.specs -mfpu=fpv4-sp-d16 -mfloat-abi=hard -mthumb -o "Drivers/STM32G4xx_HAL_Driver/Src/stm32g4xx_hal_pwr_ex.o"
arm-none-eabi-gcc "../Drivers/STM32G4xx_HAL_Driver/Src/stm32g4xx_hal_rcc.c" -mcpu=cortex-m4 -std=gnu11 -g3 -DDEBUG -DUSE_HAL_DRIVER -DSTM32G474xx -c -I../Core/Inc -I../Drivers/STM32G4xx_HAL_Driver/Inc -I../Drivers/STM32G4xx_HAL_Driver/Inc/Legacy -I../Drivers/CMSIS/Device/ST/STM32G4xx/Include -I../Drivers/CMSIS/Include -O0 -ffunction-sections -fdata-sections -Wall -fstack-usage -fcyclomatic-complexity -MMD -MP -MF"Drivers/STM32G4xx_HAL_Driver/Src/stm32g4xx_hal_rcc.d" -MT"Drivers/STM32G4xx_HAL_Driver/Src/stm32g4xx_hal_rcc.o" --specs=nano.specs -mfpu=fpv4-sp-d16 -mfloat-abi=hard -mthumb -o "Drivers/STM32G4xx_HAL_Driver/Src/stm32g4xx_hal_rcc.o"
arm-none-eabi-gcc "../Drivers/STM32G4xx_HAL_Driver/Src/stm32g4xx_hal_rcc_ex.c" -mcpu=cortex-m4 -std=gnu11 -g3 -DDEBUG -DUSE_HAL_DRIVER -DSTM32G474xx -c -I../Core/Inc -I../Drivers/STM32G4xx_HAL_Driver/Inc -I../Drivers/STM32G4xx_HAL_Driver/Inc/Legacy -I../Drivers/CMSIS/Device/ST/STM32G4xx/Include -I../Drivers/CMSIS/Include -O0 -ffunction-sections -fdata-sections -Wall -fstack-usage -fcyclomatic-complexity -MMD -MP -MF"Drivers/STM32G4xx_HAL_Driver/Src/stm32g4xx_hal_rcc_ex.d" -MT"Drivers/STM32G4xx_HAL_Driver/Src/stm32g4xx_hal_rcc_ex.o" --specs=nano.specs -mfpu=fpv4-sp-d16 -mfloat-abi=hard -mthumb -o "Drivers/STM32G4xx_HAL_Driver/Src/stm32g4xx_hal_rcc_ex.o"
arm-none-eabi-gcc "../Core/Src/button.c" -mcpu=cortex-m4 -std=gnu11 -g3 -DDEBUG -DUSE_HAL_DRIVER -DSTM32G474xx -c -I../Core/Inc -I../Drivers/STM32G4xx_HAL_Driver/Inc -I../Drivers/STM32G4xx_HAL_Driver/Inc/Legacy -I../Drivers/CMSIS/Device/ST/STM32G4xx/Include -I../Drivers/CMSIS/Include -O0 -ffunction-sections -fdata-sections -Wall -fstack-usage -fcyclomatic-complexity -MMD -MP -MF"Core/Src/button.d" -MT"Core/Src/button.o" --specs=nano.specs -mfpu=fpv4-sp-d16 -mfloat-abi=hard -mthumb -o "Core/Src/button.o"
arm-none-eabi-gcc "../Core/Src/fsm_logic.c" -mcpu=cortex-m4 -std=gnu11 -g3 -DDEBUG -DUSE_HAL_DRIVER -DSTM32G474xx -c -I../Core/Inc -I../Drivers/STM32G4xx_HAL_Driver/Inc -I../Drivers/STM32G4xx_HAL_Driver/Inc/Legacy -I../Drivers/CMSIS/Device/ST/STM32G4xx/Include -I../Drivers/CMSIS/Include -O0 -ffunction-sections -fdata-sections -Wall -fstack-usage -fcyclomatic-complexity -MMD -MP -MF"Core/Src/fsm_logic.d" -MT"Core/Src/fsm_logic.o" --specs=nano.specs -mfpu=fpv4-sp-d16 -mfloat-abi=hard -mthumb -o "Core/Src/fsm_logic.o"
arm-none-eabi-gcc "../Core/Src/gpio.c" -mcpu=cortex-m4 -std=gnu11 -g3 -DDEBUG -DUSE_HAL_DRIVER -DSTM32G474xx -c -I../Core/Inc -I../Drivers/STM32G4xx_HAL_Driver/Inc -I../Drivers/STM32G4xx_HAL_Driver/Inc/Legacy -I../Drivers/CMSIS/Device/ST/STM32G4xx/Include -I../Drivers/CMSIS/Include -O0 -ffunction-sections -fdata-sections -Wall -fstack-usage -fcyclomatic-complexity -MMD -MP -MF"Core/Src/gpio.d" -MT"Core/Src/gpio.o" --specs=nano.specs -mfpu=fpv4-sp-d16 -mfloat-abi=hard -mthumb -o "Core/Src/gpio.o"
arm-none-eabi-gcc "../Core/Src/led.c" -mcpu=cortex-m4 -std=gnu11 -g3 -DDEBUG -DUSE_HAL_DRIVER -DSTM32G474xx -c -I../Core/Inc -I../Drivers/STM32G4xx_HAL_Driver/Inc -I../Drivers/STM32G4xx_HAL_Driver/Inc/Legacy -I../Drivers/CMSIS/Device/ST/STM32G4xx/Include -I../Drivers/CMSIS/Include -O0 -ffunction-sections -fdata-sections -Wall -fstack-usage -fcyclomatic-complexity -MMD -MP -MF"Core/Src/led.d" -MT"Core/Src/led.o" --specs=nano.specs -mfpu=fpv4-sp-d16 -mfloat-abi=hard -mthumb -o "Core/Src/led.o"
arm-none-eabi-gcc "../Core/Src/main.c" -mcpu=cortex-m4 -std=gnu11 -g3 -DDEBUG -DUSE_HAL_DRIVER -DSTM32G474xx -c -I../Core/Inc -I../Drivers/STM32G4xx_HAL_Driver/Inc -I../Drivers/STM32G4xx_HAL_Driver/Inc/Legacy -I../Drivers/CMSIS/Device/ST/STM32G4xx/Include -I../Drivers/CMSIS/Include -O0 -ffunction-sections -fdata-sections -Wall -fstack-usage -fcyclomatic-complexity -MMD -MP -MF"Core/Src/main.d" -MT"Core/Src/main.o" --specs=nano.specs -mfpu=fpv4-sp-d16 -mfloat-abi=hard -mthumb -o "Core/Src/main.o"
arm-none-eabi-gcc "../Core/Src/queue.c" -mcpu=cortex-m4 -std=gnu11 -g3 -DDEBUG -DUSE_HAL_DRIVER -DSTM32G474xx -c -I../Core/Inc -I../Drivers/STM32G4xx_HAL_Driver/Inc -I../Drivers/STM32G4xx_HAL_Driver/Inc/Legacy -I../Drivers/CMSIS/Device/ST/STM32G4xx/Include -I../Drivers/CMSIS/Include -O0 -ffunction-sections -fdata-sections -Wall -fstack-usage -fcyclomatic-complexity -MMD -MP -MF"Core/Src/queue.d" -MT"Core/Src/queue.o" --specs=nano.specs -mfpu=fpv4-sp-d16 -mfloat-abi=hard -mthumb -o "Core/Src/queue.o"
arm-none-eabi-gcc "../Core/Src/stm32g4xx_hal_msp.c" -mcpu=cortex-m4 -std=gnu11 -g3 -DDEBUG -DUSE_HAL_DRIVER -DSTM32G474xx -c -I../Core/Inc -I../Drivers/STM32G4xx_HAL_Driver/Inc -I../Drivers/STM32G4xx_HAL_Driver/Inc/Legacy -I../Drivers/CMSIS/Device/ST/STM32G4xx/Include -I../Drivers/CMSIS/Include -O0 -ffunction-sections -fdata-sections -Wall -fstack-usage -fcyclomatic-complexity -MMD -MP -MF"Core/Src/stm32g4xx_hal_msp.d" -MT"Core/Src/stm32g4xx_hal_msp.o" --specs=nano.specs -mfpu=fpv4-sp-d16 -mfloat-abi=hard -mthumb -o "Core/Src/stm32g4xx_hal_msp.o"
arm-none-eabi-gcc "../Core/Src/stm32g4xx_it.c" -mcpu=cortex-m4 -std=gnu11 -g3 -DDEBUG -DUSE_HAL_DRIVER -DSTM32G474xx -c -I../Core/Inc -I../Drivers/STM32G4xx_HAL_Driver/Inc -I../Drivers/STM32G4xx_HAL_Driver/Inc/Legacy -I../Drivers/CMSIS/Device/ST/STM32G4xx/Include -I../Drivers/CMSIS/Include -O0 -ffunction-sections -fdata-sections -Wall -fstack-usage -fcyclomatic-complexity -MMD -MP -MF"Core/Src/stm32g4xx_it.d" -MT"Core/Src/stm32g4xx_it.o" --specs=nano.specs -mfpu=fpv4-sp-d16 -mfloat-abi=hard -mthumb -o "Core/Src/stm32g4xx_it.o"
arm-none-eabi-gcc "../Core/Src/system_stm32g4xx.c" -mcpu=cortex-m4 -std=gnu11 -g3 -DDEBUG -DUSE_HAL_DRIVER -DSTM32G474xx -c -I../Core/Inc -I../Drivers/STM32G4xx_HAL_Driver/Inc -I../Drivers/STM32G4xx_HAL_Driver/Inc/Legacy -I../Drivers/CMSIS/Device/ST/STM32G4xx/Include -I../Drivers/CMSIS/Include -O0 -ffunction-sections -fdata-sections -Wall -fstack-usage -fcyclomatic-complexity -MMD -MP -MF"Core/Src/system_stm32g4xx.d" -MT"Core/Src/system_stm32g4xx.o" --specs=nano.specs -mfpu=fpv4-sp-d16 -mfloat-abi=hard -mthumb -o "Core/Src/system_stm32g4xx.o"
arm-none-eabi-gcc "../Core/Src/timer.c" -mcpu=cortex-m4 -std=gnu11 -g3 -DDEBUG -DUSE_HAL_DRIVER -DSTM32G474xx -c -I../Core/Inc -I../Drivers/STM32G4xx_HAL_Driver/Inc -I../Drivers/STM32G4xx_HAL_Driver/Inc/Legacy -I../Drivers/CMSIS/Device/ST/STM32G4xx/Include -I../Drivers/CMSIS/Include -O0 -ffunction-sections -fdata-sections -Wall -fstack-usage -fcyclomatic-complexity -MMD -MP -MF"Core/Src/timer.d" -MT"Core/Src/timer.o" --specs=nano.specs -mfpu=fpv4-sp-d16 -mfloat-abi=hard -mthumb -o "Core/Src/timer.o"
arm-none-eabi-gcc -o "lanternasemaforica.elf" @"objects.list"   -mcpu=cortex-m4 -T"C:\Users\frank\Documents\Uni\Embedded\project location\fsm\lanternasemaforica\lanternasemaforica\STM32G474RETX_FLASH.ld" --specs=nosys.specs -Wl,-Map="lanternasemaforica.map" -Wl,--gc-sections -static --specs=nano.specs -mfpu=fpv4-sp-d16 -mfloat-abi=hard -mthumb -Wl,--start-group -lc -lm -Wl,--end-group
Finished building target: lanternasemaforica.elf
 
arm-none-eabi-size  lanternasemaforica.elf 
arm-none-eabi-objdump -h -S lanternasemaforica.elf  > "lanternasemaforica.list"
   text	   data	    bss	    dec	    hex	filename
   7396	     12	   1596	   9004	   232c	lanternasemaforica.elf
Finished building: default.size.stdout
 
Finished building: lanternasemaforica.list
 
12:00:17 **** Build of configuration Debug for project lanternasemaforica2 ****
make -j14 all 
arm-none-eabi-gcc "../Drivers/STM32G4xx_HAL_Driver/Src/stm32g4xx_hal.c" -mcpu=cortex-m4 -std=gnu11 -g3 -DDEBUG -DUSE_HAL_DRIVER -DSTM32G474xx -c -I../Core/Inc -I../Drivers/STM32G4xx_HAL_Driver/Inc -I../Drivers/STM32G4xx_HAL_Driver/Inc/Legacy -I../Drivers/CMSIS/Device/ST/STM32G4xx/Include -I../Drivers/CMSIS/Include -O0 -ffunction-sections -fdata-sections -Wall -fstack-usage -fcyclomatic-complexity -MMD -MP -MF"Drivers/STM32G4xx_HAL_Driver/Src/stm32g4xx_hal.d" -MT"Drivers/STM32G4xx_HAL_Driver/Src/stm32g4xx_hal.o" --specs=nano.specs -mfpu=fpv4-sp-d16 -mfloat-abi=hard -mthumb -o "Drivers/STM32G4xx_HAL_Driver/Src/stm32g4xx_hal.o"
arm-none-eabi-gcc "../Drivers/STM32G4xx_HAL_Driver/Src/stm32g4xx_hal_cortex.c" -mcpu=cortex-m4 -std=gnu11 -g3 -DDEBUG -DUSE_HAL_DRIVER -DSTM32G474xx -c -I../Core/Inc -I../Drivers/STM32G4xx_HAL_Driver/Inc -I../Drivers/STM32G4xx_HAL_Driver/Inc/Legacy -I../Drivers/CMSIS/Device/ST/STM32G4xx/Include -I../Drivers/CMSIS/Include -O0 -ffunction-sections -fdata-sections -Wall -fstack-usage -fcyclomatic-complexity -MMD -MP -MF"Drivers/STM32G4xx_HAL_Driver/Src/stm32g4xx_hal_cortex.d" -MT"Drivers/STM32G4xx_HAL_Driver/Src/stm32g4xx_hal_cortex.o" --specs=nano.specs -mfpu=fpv4-sp-d16 -mfloat-abi=hard -mthumb -o "Drivers/STM32G4xx_HAL_Driver/Src/stm32g4xx_hal_cortex.o"
arm-none-eabi-gcc "../Drivers/STM32G4xx_HAL_Driver/Src/stm32g4xx_hal_dma.c" -mcpu=cortex-m4 -std=gnu11 -g3 -DDEBUG -DUSE_HAL_DRIVER -DSTM32G474xx -c -I../Core/Inc -I../Drivers/STM32G4xx_HAL_Driver/Inc -I../Drivers/STM32G4xx_HAL_Driver/Inc/Legacy -I../Drivers/CMSIS/Device/ST/STM32G4xx/Include -I../Drivers/CMSIS/Include -O0 -ffunction-sections -fdata-sections -Wall -fstack-usage -fcyclomatic-complexity -MMD -MP -MF"Drivers/STM32G4xx_HAL_Driver/Src/stm32g4xx_hal_dma.d" -MT"Drivers/STM32G4xx_HAL_Driver/Src/stm32g4xx_hal_dma.o" --specs=nano.specs -mfpu=fpv4-sp-d16 -mfloat-abi=hard -mthumb -o "Drivers/STM32G4xx_HAL_Driver/Src/stm32g4xx_hal_dma.o"
arm-none-eabi-gcc "../Drivers/STM32G4xx_HAL_Driver/Src/stm32g4xx_hal_dma_ex.c" -mcpu=cortex-m4 -std=gnu11 -g3 -DDEBUG -DUSE_HAL_DRIVER -DSTM32G474xx -c -I../Core/Inc -I../Drivers/STM32G4xx_HAL_Driver/Inc -I../Drivers/STM32G4xx_HAL_Driver/Inc/Legacy -I../Drivers/CMSIS/Device/ST/STM32G4xx/Include -I../Drivers/CMSIS/Include -O0 -ffunction-sections -fdata-sections -Wall -fstack-usage -fcyclomatic-complexity -MMD -MP -MF"Drivers/STM32G4xx_HAL_Driver/Src/stm32g4xx_hal_dma_ex.d" -MT"Drivers/STM32G4xx_HAL_Driver/Src/stm32g4xx_hal_dma_ex.o" --specs=nano.specs -mfpu=fpv4-sp-d16 -mfloat-abi=hard -mthumb -o "Drivers/STM32G4xx_HAL_Driver/Src/stm32g4xx_hal_dma_ex.o"
arm-none-eabi-gcc "../Drivers/STM32G4xx_HAL_Driver/Src/stm32g4xx_hal_exti.c" -mcpu=cortex-m4 -std=gnu11 -g3 -DDEBUG -DUSE_HAL_DRIVER -DSTM32G474xx -c -I../Core/Inc -I../Drivers/STM32G4xx_HAL_Driver/Inc -I../Drivers/STM32G4xx_HAL_Driver/Inc/Legacy -I../Drivers/CMSIS/Device/ST/STM32G4xx/Include -I../Drivers/CMSIS/Include -O0 -ffunction-sections -fdata-sections -Wall -fstack-usage -fcyclomatic-complexity -MMD -MP -MF"Drivers/STM32G4xx_HAL_Driver/Src/stm32g4xx_hal_exti.d" -MT"Drivers/STM32G4xx_HAL_Driver/Src/stm32g4xx_hal_exti.o" --specs=nano.specs -mfpu=fpv4-sp-d16 -mfloat-abi=hard -mthumb -o "Drivers/STM32G4xx_HAL_Driver/Src/stm32g4xx_hal_exti.o"
arm-none-eabi-gcc "../Drivers/STM32G4xx_HAL_Driver/Src/stm32g4xx_hal_flash.c" -mcpu=cortex-m4 -std=gnu11 -g3 -DDEBUG -DUSE_HAL_DRIVER -DSTM32G474xx -c -I../Core/Inc -I../Drivers/STM32G4xx_HAL_Driver/Inc -I../Drivers/STM32G4xx_HAL_Driver/Inc/Legacy -I../Drivers/CMSIS/Device/ST/STM32G4xx/Include -I../Drivers/CMSIS/Include -O0 -ffunction-sections -fdata-sections -Wall -fstack-usage -fcyclomatic-complexity -MMD -MP -MF"Drivers/STM32G4xx_HAL_Driver/Src/stm32g4xx_hal_flash.d" -MT"Drivers/STM32G4xx_HAL_Driver/Src/stm32g4xx_hal_flash.o" --specs=nano.specs -mfpu=fpv4-sp-d16 -mfloat-abi=hard -mthumb -o "Drivers/STM32G4xx_HAL_Driver/Src/stm32g4xx_hal_flash.o"
arm-none-eabi-gcc "../Drivers/STM32G4xx_HAL_Driver/Src/stm32g4xx_hal_flash_ex.c" -mcpu=cortex-m4 -std=gnu11 -g3 -DDEBUG -DUSE_HAL_DRIVER -DSTM32G474xx -c -I../Core/Inc -I../Drivers/STM32G4xx_HAL_Driver/Inc -I../Drivers/STM32G4xx_HAL_Driver/Inc/Legacy -I../Drivers/CMSIS/Device/ST/STM32G4xx/Include -I../Drivers/CMSIS/Include -O0 -ffunction-sections -fdata-sections -Wall -fstack-usage -fcyclomatic-complexity -MMD -MP -MF"Drivers/STM32G4xx_HAL_Driver/Src/stm32g4xx_hal_flash_ex.d" -MT"Drivers/STM32G4xx_HAL_Driver/Src/stm32g4xx_hal_flash_ex.o" --specs=nano.specs -mfpu=fpv4-sp-d16 -mfloat-abi=hard -mthumb -o "Drivers/STM32G4xx_HAL_Driver/Src/stm32g4xx_hal_flash_ex.o"
arm-none-eabi-gcc "../Drivers/STM32G4xx_HAL_Driver/Src/stm32g4xx_hal_flash_ramfunc.c" -mcpu=cortex-m4 -std=gnu11 -g3 -DDEBUG -DUSE_HAL_DRIVER -DSTM32G474xx -c -I../Core/Inc -I../Drivers/STM32G4xx_HAL_Driver/Inc -I../Drivers/STM32G4xx_HAL_Driver/Inc/Legacy -I../Drivers/CMSIS/Device/ST/STM32G4xx/Include -I../Drivers/CMSIS/Include -O0 -ffunction-sections -fdata-sections -Wall -fstack-usage -fcyclomatic-complexity -MMD -MP -MF"Drivers/STM32G4xx_HAL_Driver/Src/stm32g4xx_hal_flash_ramfunc.d" -MT"Drivers/STM32G4xx_HAL_Driver/Src/stm32g4xx_hal_flash_ramfunc.o" --specs=nano.specs -mfpu=fpv4-sp-d16 -mfloat-abi=hard -mthumb -o "Drivers/STM32G4xx_HAL_Driver/Src/stm32g4xx_hal_flash_ramfunc.o"
arm-none-eabi-gcc "../Drivers/STM32G4xx_HAL_Driver/Src/stm32g4xx_hal_gpio.c" -mcpu=cortex-m4 -std=gnu11 -g3 -DDEBUG -DUSE_HAL_DRIVER -DSTM32G474xx -c -I../Core/Inc -I../Drivers/STM32G4xx_HAL_Driver/Inc -I../Drivers/STM32G4xx_HAL_Driver/Inc/Legacy -I../Drivers/CMSIS/Device/ST/STM32G4xx/Include -I../Drivers/CMSIS/Include -O0 -ffunction-sections -fdata-sections -Wall -fstack-usage -fcyclomatic-complexity -MMD -MP -MF"Drivers/STM32G4xx_HAL_Driver/Src/stm32g4xx_hal_gpio.d" -MT"Drivers/STM32G4xx_HAL_Driver/Src/stm32g4xx_hal_gpio.o" --specs=nano.specs -mfpu=fpv4-sp-d16 -mfloat-abi=hard -mthumb -o "Drivers/STM32G4xx_HAL_Driver/Src/stm32g4xx_hal_gpio.o"
arm-none-eabi-gcc "../Drivers/STM32G4xx_HAL_Driver/Src/stm32g4xx_hal_pwr.c" -mcpu=cortex-m4 -std=gnu11 -g3 -DDEBUG -DUSE_HAL_DRIVER -DSTM32G474xx -c -I../Core/Inc -I../Drivers/STM32G4xx_HAL_Driver/Inc -I../Drivers/STM32G4xx_HAL_Driver/Inc/Legacy -I../Drivers/CMSIS/Device/ST/STM32G4xx/Include -I../Drivers/CMSIS/Include -O0 -ffunction-sections -fdata-sections -Wall -fstack-usage -fcyclomatic-complexity -MMD -MP -MF"Drivers/STM32G4xx_HAL_Driver/Src/stm32g4xx_hal_pwr.d" -MT"Drivers/STM32G4xx_HAL_Driver/Src/stm32g4xx_hal_pwr.o" --specs=nano.specs -mfpu=fpv4-sp-d16 -mfloat-abi=hard -mthumb -o "Drivers/STM32G4xx_HAL_Driver/Src/stm32g4xx_hal_pwr.o"
arm-none-eabi-gcc "../Drivers/STM32G4xx_HAL_Driver/Src/stm32g4xx_hal_pwr_ex.c" -mcpu=cortex-m4 -std=gnu11 -g3 -DDEBUG -DUSE_HAL_DRIVER -DSTM32G474xx -c -I../Core/Inc -I../Drivers/STM32G4xx_HAL_Driver/Inc -I../Drivers/STM32G4xx_HAL_Driver/Inc/Legacy -I../Drivers/CMSIS/Device/ST/STM32G4xx/Include -I../Drivers/CMSIS/Include -O0 -ffunction-sections -fdata-sections -Wall -fstack-usage -fcyclomatic-complexity -MMD -MP -MF"Drivers/STM32G4xx_HAL_Driver/Src/stm32g4xx_hal_pwr_ex.d" -MT"Drivers/STM32G4xx_HAL_Driver/Src/stm32g4xx_hal_pwr_ex.o" --specs=nano.specs -mfpu=fpv4-sp-d16 -mfloat-abi=hard -mthumb -o "Drivers/STM32G4xx_HAL_Driver/Src/stm32g4xx_hal_pwr_ex.o"
arm-none-eabi-gcc "../Drivers/STM32G4xx_HAL_Driver/Src/stm32g4xx_hal_rcc.c" -mcpu=cortex-m4 -std=gnu11 -g3 -DDEBUG -DUSE_HAL_DRIVER -DSTM32G474xx -c -I../Core/Inc -I../Drivers/STM32G4xx_HAL_Driver/Inc -I../Drivers/STM32G4xx_HAL_Driver/Inc/Legacy -I../Drivers/CMSIS/Device/ST/STM32G4xx/Include -I../Drivers/CMSIS/Include -O0 -ffunction-sections -fdata-sections -Wall -fstack-usage -fcyclomatic-complexity -MMD -MP -MF"Drivers/STM32G4xx_HAL_Driver/Src/stm32g4xx_hal_rcc.d" -MT"Drivers/STM32G4xx_HAL_Driver/Src/stm32g4xx_hal_rcc.o" --specs=nano.specs -mfpu=fpv4-sp-d16 -mfloat-abi=hard -mthumb -o "Drivers/STM32G4xx_HAL_Driver/Src/stm32g4xx_hal_rcc.o"
arm-none-eabi-gcc "../Drivers/STM32G4xx_HAL_Driver/Src/stm32g4xx_hal_rcc_ex.c" -mcpu=cortex-m4 -std=gnu11 -g3 -DDEBUG -DUSE_HAL_DRIVER -DSTM32G474xx -c -I../Core/Inc -I../Drivers/STM32G4xx_HAL_Driver/Inc -I../Drivers/STM32G4xx_HAL_Driver/Inc/Legacy -I../Drivers/CMSIS/Device/ST/STM32G4xx/Include -I../Drivers/CMSIS/Include -O0 -ffunction-sections -fdata-sections -Wall -fstack-usage -fcyclomatic-complexity -MMD -MP -MF"Drivers/STM32G4xx_HAL_Driver/Src/stm32g4xx_hal_rcc_ex.d" -MT"Drivers/STM32G4xx_HAL_Driver/Src/stm32g4xx_hal_rcc_ex.o" --specs=nano.specs -mfpu=fpv4-sp-d16 -mfloat-abi=hard -mthumb -o "Drivers/STM32G4xx_HAL_Driver/Src/stm32g4xx_hal_rcc_ex.o"
arm-none-eabi-gcc "../Drivers/STM32G4xx_HAL_Driver/Src/stm32g4xx_hal_tim.c" -mcpu=cortex-m4 -std=gnu11 -g3 -DDEBUG -DUSE_HAL_DRIVER -DSTM32G474xx -c -I../Core/Inc -I../Drivers/STM32G4xx_HAL_Driver/Inc -I../Drivers/STM32G4xx_HAL_Driver/Inc/Legacy -I../Drivers/CMSIS/Device/ST/STM32G4xx/Include -I../Drivers/CMSIS/Include -O0 -ffunction-sections -fdata-sections -Wall -fstack-usage -fcyclomatic-complexity -MMD -MP -MF"Drivers/STM32G4xx_HAL_Driver/Src/stm32g4xx_hal_tim.d" -MT"Drivers/STM32G4xx_HAL_Driver/Src/stm32g4xx_hal_tim.o" --specs=nano.specs -mfpu=fpv4-sp-d16 -mfloat-abi=hard -mthumb -o "Drivers/STM32G4xx_HAL_Driver/Src/stm32g4xx_hal_tim.o"
arm-none-eabi-gcc "../Drivers/STM32G4xx_HAL_Driver/Src/stm32g4xx_hal_tim_ex.c" -mcpu=cortex-m4 -std=gnu11 -g3 -DDEBUG -DUSE_HAL_DRIVER -DSTM32G474xx -c -I../Core/Inc -I../Drivers/STM32G4xx_HAL_Driver/Inc -I../Drivers/STM32G4xx_HAL_Driver/Inc/Legacy -I../Drivers/CMSIS/Device/ST/STM32G4xx/Include -I../Drivers/CMSIS/Include -O0 -ffunction-sections -fdata-sections -Wall -fstack-usage -fcyclomatic-complexity -MMD -MP -MF"Drivers/STM32G4xx_HAL_Driver/Src/stm32g4xx_hal_tim_ex.d" -MT"Drivers/STM32G4xx_HAL_Driver/Src/stm32g4xx_hal_tim_ex.o" --specs=nano.specs -mfpu=fpv4-sp-d16 -mfloat-abi=hard -mthumb -o "Drivers/STM32G4xx_HAL_Driver/Src/stm32g4xx_hal_tim_ex.o"
arm-none-eabi-gcc -mcpu=cortex-m4 -g3 -DDEBUG -c -x assembler-with-cpp -MMD -MP -MF"Core/Startup/startup_stm32g474retx.d" -MT"Core/Startup/startup_stm32g474retx.o" --specs=nano.specs -mfpu=fpv4-sp-d16 -mfloat-abi=hard -mthumb -o "Core/Startup/startup_stm32g474retx.o" "../Core/Startup/startup_stm32g474retx.s"
arm-none-eabi-gcc "../Core/Src/button.c" -mcpu=cortex-m4 -std=gnu11 -g3 -DDEBUG -DUSE_HAL_DRIVER -DSTM32G474xx -c -I../Core/Inc -I../Drivers/STM32G4xx_HAL_Driver/Inc -I../Drivers/STM32G4xx_HAL_Driver/Inc/Legacy -I../Drivers/CMSIS/Device/ST/STM32G4xx/Include -I../Drivers/CMSIS/Include -O0 -ffunction-sections -fdata-sections -Wall -fstack-usage -fcyclomatic-complexity -MMD -MP -MF"Core/Src/button.d" -MT"Core/Src/button.o" --specs=nano.specs -mfpu=fpv4-sp-d16 -mfloat-abi=hard -mthumb -o "Core/Src/button.o"
arm-none-eabi-gcc "../Core/Src/fsm_logic.c" -mcpu=cortex-m4 -std=gnu11 -g3 -DDEBUG -DUSE_HAL_DRIVER -DSTM32G474xx -c -I../Core/Inc -I../Drivers/STM32G4xx_HAL_Driver/Inc -I../Drivers/STM32G4xx_HAL_Driver/Inc/Legacy -I../Drivers/CMSIS/Device/ST/STM32G4xx/Include -I../Drivers/CMSIS/Include -O0 -ffunction-sections -fdata-sections -Wall -fstack-usage -fcyclomatic-complexity -MMD -MP -MF"Core/Src/fsm_logic.d" -MT"Core/Src/fsm_logic.o" --specs=nano.specs -mfpu=fpv4-sp-d16 -mfloat-abi=hard -mthumb -o "Core/Src/fsm_logic.o"
arm-none-eabi-gcc "../Core/Src/gpio.c" -mcpu=cortex-m4 -std=gnu11 -g3 -DDEBUG -DUSE_HAL_DRIVER -DSTM32G474xx -c -I../Core/Inc -I../Drivers/STM32G4xx_HAL_Driver/Inc -I../Drivers/STM32G4xx_HAL_Driver/Inc/Legacy -I../Drivers/CMSIS/Device/ST/STM32G4xx/Include -I../Drivers/CMSIS/Include -O0 -ffunction-sections -fdata-sections -Wall -fstack-usage -fcyclomatic-complexity -MMD -MP -MF"Core/Src/gpio.d" -MT"Core/Src/gpio.o" --specs=nano.specs -mfpu=fpv4-sp-d16 -mfloat-abi=hard -mthumb -o "Core/Src/gpio.o"
arm-none-eabi-gcc "../Core/Src/led.c" -mcpu=cortex-m4 -std=gnu11 -g3 -DDEBUG -DUSE_HAL_DRIVER -DSTM32G474xx -c -I../Core/Inc -I../Drivers/STM32G4xx_HAL_Driver/Inc -I../Drivers/STM32G4xx_HAL_Driver/Inc/Legacy -I../Drivers/CMSIS/Device/ST/STM32G4xx/Include -I../Drivers/CMSIS/Include -O0 -ffunction-sections -fdata-sections -Wall -fstack-usage -fcyclomatic-complexity -MMD -MP -MF"Core/Src/led.d" -MT"Core/Src/led.o" --specs=nano.specs -mfpu=fpv4-sp-d16 -mfloat-abi=hard -mthumb -o "Core/Src/led.o"
arm-none-eabi-gcc "../Core/Src/main.c" -mcpu=cortex-m4 -std=gnu11 -g3 -DDEBUG -DUSE_HAL_DRIVER -DSTM32G474xx -c -I../Core/Inc -I../Drivers/STM32G4xx_HAL_Driver/Inc -I../Drivers/STM32G4xx_HAL_Driver/Inc/Legacy -I../Drivers/CMSIS/Device/ST/STM32G4xx/Include -I../Drivers/CMSIS/Include -O0 -ffunction-sections -fdata-sections -Wall -fstack-usage -fcyclomatic-complexity -MMD -MP -MF"Core/Src/main.d" -MT"Core/Src/main.o" --specs=nano.specs -mfpu=fpv4-sp-d16 -mfloat-abi=hard -mthumb -o "Core/Src/main.o"
arm-none-eabi-gcc "../Core/Src/queue.c" -mcpu=cortex-m4 -std=gnu11 -g3 -DDEBUG -DUSE_HAL_DRIVER -DSTM32G474xx -c -I../Core/Inc -I../Drivers/STM32G4xx_HAL_Driver/Inc -I../Drivers/STM32G4xx_HAL_Driver/Inc/Legacy -I../Drivers/CMSIS/Device/ST/STM32G4xx/Include -I../Drivers/CMSIS/Include -O0 -ffunction-sections -fdata-sections -Wall -fstack-usage -fcyclomatic-complexity -MMD -MP -MF"Core/Src/queue.d" -MT"Core/Src/queue.o" --specs=nano.specs -mfpu=fpv4-sp-d16 -mfloat-abi=hard -mthumb -o "Core/Src/queue.o"
arm-none-eabi-gcc "../Core/Src/stm32g4xx_hal_msp.c" -mcpu=cortex-m4 -std=gnu11 -g3 -DDEBUG -DUSE_HAL_DRIVER -DSTM32G474xx -c -I../Core/Inc -I../Drivers/STM32G4xx_HAL_Driver/Inc -I../Drivers/STM32G4xx_HAL_Driver/Inc/Legacy -I../Drivers/CMSIS/Device/ST/STM32G4xx/Include -I../Drivers/CMSIS/Include -O0 -ffunction-sections -fdata-sections -Wall -fstack-usage -fcyclomatic-complexity -MMD -MP -MF"Core/Src/stm32g4xx_hal_msp.d" -MT"Core/Src/stm32g4xx_hal_msp.o" --specs=nano.specs -mfpu=fpv4-sp-d16 -mfloat-abi=hard -mthumb -o "Core/Src/stm32g4xx_hal_msp.o"
arm-none-eabi-gcc "../Core/Src/stm32g4xx_it.c" -mcpu=cortex-m4 -std=gnu11 -g3 -DDEBUG -DUSE_HAL_DRIVER -DSTM32G474xx -c -I../Core/Inc -I../Drivers/STM32G4xx_HAL_Driver/Inc -I../Drivers/STM32G4xx_HAL_Driver/Inc/Legacy -I../Drivers/CMSIS/Device/ST/STM32G4xx/Include -I../Drivers/CMSIS/Include -O0 -ffunction-sections -fdata-sections -Wall -fstack-usage -fcyclomatic-complexity -MMD -MP -MF"Core/Src/stm32g4xx_it.d" -MT"Core/Src/stm32g4xx_it.o" --specs=nano.specs -mfpu=fpv4-sp-d16 -mfloat-abi=hard -mthumb -o "Core/Src/stm32g4xx_it.o"
arm-none-eabi-gcc "../Core/Src/syscalls.c" -mcpu=cortex-m4 -std=gnu11 -g3 -DDEBUG -DUSE_HAL_DRIVER -DSTM32G474xx -c -I../Core/Inc -I../Drivers/STM32G4xx_HAL_Driver/Inc -I../Drivers/STM32G4xx_HAL_Driver/Inc/Legacy -I../Drivers/CMSIS/Device/ST/STM32G4xx/Include -I../Drivers/CMSIS/Include -O0 -ffunction-sections -fdata-sections -Wall -fstack-usage -fcyclomatic-complexity -MMD -MP -MF"Core/Src/syscalls.d" -MT"Core/Src/syscalls.o" --specs=nano.specs -mfpu=fpv4-sp-d16 -mfloat-abi=hard -mthumb -o "Core/Src/syscalls.o"
arm-none-eabi-gcc "../Core/Src/sysmem.c" -mcpu=cortex-m4 -std=gnu11 -g3 -DDEBUG -DUSE_HAL_DRIVER -DSTM32G474xx -c -I../Core/Inc -I../Drivers/STM32G4xx_HAL_Driver/Inc -I../Drivers/STM32G4xx_HAL_Driver/Inc/Legacy -I../Drivers/CMSIS/Device/ST/STM32G4xx/Include -I../Drivers/CMSIS/Include -O0 -ffunction-sections -fdata-sections -Wall -fstack-usage -fcyclomatic-complexity -MMD -MP -MF"Core/Src/sysmem.d" -MT"Core/Src/sysmem.o" --specs=nano.specs -mfpu=fpv4-sp-d16 -mfloat-abi=hard -mthumb -o "Core/Src/sysmem.o"
arm-none-eabi-gcc "../Core/Src/system_stm32g4xx.c" -mcpu=cortex-m4 -std=gnu11 -g3 -DDEBUG -DUSE_HAL_DRIVER -DSTM32G474xx -c -I../Core/Inc -I../Drivers/STM32G4xx_HAL_Driver/Inc -I../Drivers/STM32G4xx_HAL_Driver/Inc/Legacy -I../Drivers/CMSIS/Device/ST/STM32G4xx/Include -I../Drivers/CMSIS/Include -O0 -ffunction-sections -fdata-sections -Wall -fstack-usage -fcyclomatic-complexity -MMD -MP -MF"Core/Src/system_stm32g4xx.d" -MT"Core/Src/system_stm32g4xx.o" --specs=nano.specs -mfpu=fpv4-sp-d16 -mfloat-abi=hard -mthumb -o "Core/Src/system_stm32g4xx.o"
arm-none-eabi-gcc "../Core/Src/tim.c" -mcpu=cortex-m4 -std=gnu11 -g3 -DDEBUG -DUSE_HAL_DRIVER -DSTM32G474xx -c -I../Core/Inc -I../Drivers/STM32G4xx_HAL_Driver/Inc -I../Drivers/STM32G4xx_HAL_Driver/Inc/Legacy -I../Drivers/CMSIS/Device/ST/STM32G4xx/Include -I../Drivers/CMSIS/Include -O0 -ffunction-sections -fdata-sections -Wall -fstack-usage -fcyclomatic-complexity -MMD -MP -MF"Core/Src/tim.d" -MT"Core/Src/tim.o" --specs=nano.specs -mfpu=fpv4-sp-d16 -mfloat-abi=hard -mthumb -o "Core/Src/tim.o"
arm-none-eabi-gcc "../Core/Src/timer.c" -mcpu=cortex-m4 -std=gnu11 -g3 -DDEBUG -DUSE_HAL_DRIVER -DSTM32G474xx -c -I../Core/Inc -I../Drivers/STM32G4xx_HAL_Driver/Inc -I../Drivers/STM32G4xx_HAL_Driver/Inc/Legacy -I../Drivers/CMSIS/Device/ST/STM32G4xx/Include -I../Drivers/CMSIS/Include -O0 -ffunction-sections -fdata-sections -Wall -fstack-usage -fcyclomatic-complexity -MMD -MP -MF"Core/Src/timer.d" -MT"Core/Src/timer.o" --specs=nano.specs -mfpu=fpv4-sp-d16 -mfloat-abi=hard -mthumb -o "Core/Src/timer.o"
../Core/Src/main.c:38:9: warning: "FSM_CYCLE_DURATION" redefined
   38 | #define FSM_CYCLE_DURATION (10) //ogni 10 ms la funzione FSM_step viene chiamata
      |         ^~~~~~~~~~~~~~~~~~
../Core/Src/fsm_logic.c:77:8: error: conflicting types for 'FSM_init'; have 'int8_t(led_t *, led_t *, led_t *, button_t *, timer_t *, uint32_t)' {aka 'signed char(struct led_s *, struct led_s *, struct led_s *, struct button_s *, struct timer_s *, long unsigned int)'}
   77 | int8_t FSM_init(led_t* led_rosso, led_t* led_giallo, led_t* led_verde, button_t* button, timer_t* timer, uint32_t cycle_duration)
      |        ^~~~~~~~
In file included from ../Core/Src/main.c:26:
../Core/Inc/fsm_logic.h:12:9: note: this is the location of the previous definition
   12 | #define FSM_CYCLE_DURATION              (100) //milliseconds
      |         ^~~~~~~~~~~~~~~~~~
In file included from ../Core/Src/fsm_logic.c:1:
../Core/Inc/fsm_logic.h:17:8: note: previous declaration of 'FSM_init' with type 'int8_t()' {aka 'signed char()'}
   17 | int8_t FSM_init(...);
      |        ^~~~~~~~
../Core/Src/fsm_logic.c: In function 'FSM_update_state':
../Core/Src/fsm_logic.c:157:28: error: implicit declaration of function 'FSM_inactive' [-Wimplicit-function-declaration]
  157 |                         if(FSM_inactive() == FSM_OK){
      |                            ^~~~~~~~~~~~
../Core/Src/fsm_logic.c:154:9: warning: enumeration value 'VERDE_ON' not handled in switch [-Wswitch]
  154 |         switch(fsm.state)
      |         ^~~~~~
../Core/Src/fsm_logic.c:154:9: warning: enumeration value 'GIALLO_ON' not handled in switch [-Wswitch]
../Core/Src/fsm_logic.c:154:9: warning: enumeration value 'ROSSO_ON' not handled in switch [-Wswitch]
../Core/Src/fsm_logic.c: At top level:
../Core/Src/fsm_logic.c:165:15: error: conflicting types for 'FSM_inactive'; have 'int8_t()' {aka 'signed char()'}
  165 | static int8_t FSM_inactive(){
      |               ^~~~~~~~~~~~
../Core/Src/fsm_logic.c:157:28: note: previous implicit declaration of 'FSM_inactive' with type 'int()'
  157 |                         if(FSM_inactive() == FSM_OK){
      |                            ^~~~~~~~~~~~
../Core/Src/fsm_logic.c:165:15: warning: 'FSM_inactive' defined but not used [-Wunused-function]
  165 | static int8_t FSM_inactive(){
      |               ^~~~~~~~~~~~
make: *** [Core/Src/subdir.mk:55: Core/Src/fsm_logic.o] Error 1
make: *** Waiting for unfinished jobs....
"make -j14 all" terminated with exit code 2. Build might be incomplete.
12:01:17 **** Incremental Build of configuration Debug for project lanternasemaforica2 ****
make -j14 all 
arm-none-eabi-gcc "../Core/Src/fsm_logic.c" -mcpu=cortex-m4 -std=gnu11 -g3 -DDEBUG -DUSE_HAL_DRIVER -DSTM32G474xx -c -I../Core/Inc -I../Drivers/STM32G4xx_HAL_Driver/Inc -I../Drivers/STM32G4xx_HAL_Driver/Inc/Legacy -I../Drivers/CMSIS/Device/ST/STM32G4xx/Include -I../Drivers/CMSIS/Include -O0 -ffunction-sections -fdata-sections -Wall -fstack-usage -fcyclomatic-complexity -MMD -MP -MF"Core/Src/fsm_logic.d" -MT"Core/Src/fsm_logic.o" --specs=nano.specs -mfpu=fpv4-sp-d16 -mfloat-abi=hard -mthumb -o "Core/Src/fsm_logic.o"
../Core/Src/fsm_logic.c:78:8: error: conflicting types for 'FSM_init'; have 'int8_t(led_t *, led_t *, led_t *, button_t *, timer_t *, uint32_t)' {aka 'signed char(struct led_s *, struct led_s *, struct led_s *, struct button_s *, struct timer_s *, long unsigned int)'}
   78 | int8_t FSM_init(led_t* led_rosso, led_t* led_giallo, led_t* led_verde, button_t* button, timer_t* timer, uint32_t cycle_duration)
      |        ^~~~~~~~
In file included from ../Core/Src/fsm_logic.c:1:
../Core/Inc/fsm_logic.h:17:8: note: previous declaration of 'FSM_init' with type 'int8_t()' {aka 'signed char()'}
   17 | int8_t FSM_init(...);
      |        ^~~~~~~~
../Core/Src/fsm_logic.c: In function 'FSM_update_state':
../Core/Src/fsm_logic.c:155:9: warning: enumeration value 'VERDE_ON' not handled in switch [-Wswitch]
  155 |         switch(fsm.state)
      |         ^~~~~~
../Core/Src/fsm_logic.c:155:9: warning: enumeration value 'GIALLO_ON' not handled in switch [-Wswitch]
../Core/Src/fsm_logic.c:155:9: warning: enumeration value 'ROSSO_ON' not handled in switch [-Wswitch]
make: *** [Core/Src/subdir.mk:55: Core/Src/fsm_logic.o] Error 1
"make -j14 all" terminated with exit code 2. Build might be incomplete.
12:02:43 **** Incremental Build of configuration Debug for project lanternasemaforica2 ****
make -j14 all 
arm-none-eabi-gcc "../Core/Src/fsm_logic.c" -mcpu=cortex-m4 -std=gnu11 -g3 -DDEBUG -DUSE_HAL_DRIVER -DSTM32G474xx -c -I../Core/Inc -I../Drivers/STM32G4xx_HAL_Driver/Inc -I../Drivers/STM32G4xx_HAL_Driver/Inc/Legacy -I../Drivers/CMSIS/Device/ST/STM32G4xx/Include -I../Drivers/CMSIS/Include -O0 -ffunction-sections -fdata-sections -Wall -fstack-usage -fcyclomatic-complexity -MMD -MP -MF"Core/Src/fsm_logic.d" -MT"Core/Src/fsm_logic.o" --specs=nano.specs -mfpu=fpv4-sp-d16 -mfloat-abi=hard -mthumb -o "Core/Src/fsm_logic.o"
arm-none-eabi-gcc "../Core/Src/main.c" -mcpu=cortex-m4 -std=gnu11 -g3 -DDEBUG -DUSE_HAL_DRIVER -DSTM32G474xx -c -I../Core/Inc -I../Drivers/STM32G4xx_HAL_Driver/Inc -I../Drivers/STM32G4xx_HAL_Driver/Inc/Legacy -I../Drivers/CMSIS/Device/ST/STM32G4xx/Include -I../Drivers/CMSIS/Include -O0 -ffunction-sections -fdata-sections -Wall -fstack-usage -fcyclomatic-complexity -MMD -MP -MF"Core/Src/main.d" -MT"Core/Src/main.o" --specs=nano.specs -mfpu=fpv4-sp-d16 -mfloat-abi=hard -mthumb -o "Core/Src/main.o"
../Core/Src/fsm_logic.c: In function 'FSM_update_state':
../Core/Src/fsm_logic.c:155:9: warning: enumeration value 'VERDE_ON' not handled in switch [-Wswitch]
  155 |         switch(fsm.state)
      |         ^~~~~~
../Core/Src/fsm_logic.c:155:9: warning: enumeration value 'GIALLO_ON' not handled in switch [-Wswitch]
../Core/Src/fsm_logic.c:155:9: warning: enumeration value 'ROSSO_ON' not handled in switch [-Wswitch]
../Core/Src/main.c:38:9: warning: "FSM_CYCLE_DURATION" redefined
   38 | #define FSM_CYCLE_DURATION (10) //ogni 10 ms la funzione FSM_step viene chiamata
      |         ^~~~~~~~~~~~~~~~~~
In file included from ../Core/Src/main.c:26:
../Core/Inc/fsm_logic.h:12:9: note: this is the location of the previous definition
   12 | #define FSM_CYCLE_DURATION              (100) //milliseconds
      |         ^~~~~~~~~~~~~~~~~~
arm-none-eabi-gcc -o "lanternasemaforica2.elf" @"objects.list"   -mcpu=cortex-m4 -T"C:\Users\frank\Documents\Uni\Embedded\project location\fsm\lanternasemaforica2\lanternasemaforica2\STM32G474RETX_FLASH.ld" --specs=nosys.specs -Wl,-Map="lanternasemaforica2.map" -Wl,--gc-sections -static --specs=nano.specs -mfpu=fpv4-sp-d16 -mfloat-abi=hard -mthumb -Wl,--start-group -lc -lm -Wl,--end-group
Finished building target: lanternasemaforica2.elf
 
arm-none-eabi-size  lanternasemaforica2.elf 
arm-none-eabi-objdump -h -S lanternasemaforica2.elf  > "lanternasemaforica2.list"
   text	   data	    bss	    dec	    hex	filename
   9224	     12	   1676	  10912	   2aa0	lanternasemaforica2.elf
Finished building: default.size.stdout
 
Finished building: lanternasemaforica2.list
 
12:02:49 **** Incremental Build of configuration Debug for project lanternasemaforica2 ****
make -j14 all 
arm-none-eabi-size  lanternasemaforica2.elf 
   text	   data	    bss	    dec	    hex	filename
   9224	     12	   1676	  10912	   2aa0	lanternasemaforica2.elf
Finished building: default.size.stdout
 
12:22:33 **** Incremental Build of configuration Debug for project lanternasemaforica2 ****
make -j14 all 
arm-none-eabi-gcc "../Core/Src/fsm_logic.c" -mcpu=cortex-m4 -std=gnu11 -g3 -DDEBUG -DUSE_HAL_DRIVER -DSTM32G474xx -c -I../Core/Inc -I../Drivers/STM32G4xx_HAL_Driver/Inc -I../Drivers/STM32G4xx_HAL_Driver/Inc/Legacy -I../Drivers/CMSIS/Device/ST/STM32G4xx/Include -I../Drivers/CMSIS/Include -O0 -ffunction-sections -fdata-sections -Wall -fstack-usage -fcyclomatic-complexity -MMD -MP -MF"Core/Src/fsm_logic.d" -MT"Core/Src/fsm_logic.o" --specs=nano.specs -mfpu=fpv4-sp-d16 -mfloat-abi=hard -mthumb -o "Core/Src/fsm_logic.o"
arm-none-eabi-gcc "../Core/Src/tim.c" -mcpu=cortex-m4 -std=gnu11 -g3 -DDEBUG -DUSE_HAL_DRIVER -DSTM32G474xx -c -I../Core/Inc -I../Drivers/STM32G4xx_HAL_Driver/Inc -I../Drivers/STM32G4xx_HAL_Driver/Inc/Legacy -I../Drivers/CMSIS/Device/ST/STM32G4xx/Include -I../Drivers/CMSIS/Include -O0 -ffunction-sections -fdata-sections -Wall -fstack-usage -fcyclomatic-complexity -MMD -MP -MF"Core/Src/tim.d" -MT"Core/Src/tim.o" --specs=nano.specs -mfpu=fpv4-sp-d16 -mfloat-abi=hard -mthumb -o "Core/Src/tim.o"
../Core/Src/fsm_logic.c: In function 'FSM_update_state':
../Core/Src/fsm_logic.c:155:9: warning: enumeration value 'VERDE_ON' not handled in switch [-Wswitch]
  155 |         switch(fsm.state)
      |         ^~~~~~
../Core/Src/fsm_logic.c:155:9: warning: enumeration value 'GIALLO_ON' not handled in switch [-Wswitch]
../Core/Src/fsm_logic.c:155:9: warning: enumeration value 'ROSSO_ON' not handled in switch [-Wswitch]
../Core/Src/fsm_logic.c: In function 'FSM_inactive':
../Core/Src/fsm_logic.c:173:39: error: called object is not a function or function pointer
  173 |             &&(timer_start(fsm.timer) == TIMER_OK)
      |               ~~~~~~~~~~~~~~~~~~~~~~~~^~~~~~~~~~~~
make: *** [Core/Src/subdir.mk:55: Core/Src/fsm_logic.o] Error 1
make: *** Waiting for unfinished jobs....
"make -j14 all" terminated with exit code 2. Build might be incomplete.
12:23:18 **** Incremental Build of configuration Debug for project lanternasemaforica2 ****
make -j14 all 
arm-none-eabi-gcc "../Core/Src/fsm_logic.c" -mcpu=cortex-m4 -std=gnu11 -g3 -DDEBUG -DUSE_HAL_DRIVER -DSTM32G474xx -c -I../Core/Inc -I../Drivers/STM32G4xx_HAL_Driver/Inc -I../Drivers/STM32G4xx_HAL_Driver/Inc/Legacy -I../Drivers/CMSIS/Device/ST/STM32G4xx/Include -I../Drivers/CMSIS/Include -O0 -ffunction-sections -fdata-sections -Wall -fstack-usage -fcyclomatic-complexity -MMD -MP -MF"Core/Src/fsm_logic.d" -MT"Core/Src/fsm_logic.o" --specs=nano.specs -mfpu=fpv4-sp-d16 -mfloat-abi=hard -mthumb -o "Core/Src/fsm_logic.o"
../Core/Src/fsm_logic.c: In function 'FSM_update_state':
../Core/Src/fsm_logic.c:155:9: warning: enumeration value 'VERDE_ON' not handled in switch [-Wswitch]
  155 |         switch(fsm.state)
      |         ^~~~~~
../Core/Src/fsm_logic.c:155:9: warning: enumeration value 'GIALLO_ON' not handled in switch [-Wswitch]
../Core/Src/fsm_logic.c:155:9: warning: enumeration value 'ROSSO_ON' not handled in switch [-Wswitch]
arm-none-eabi-gcc -o "lanternasemaforica2.elf" @"objects.list"   -mcpu=cortex-m4 -T"C:\Users\frank\Documents\Uni\Embedded\project location\fsm\lanternasemaforica2\lanternasemaforica2\STM32G474RETX_FLASH.ld" --specs=nosys.specs -Wl,-Map="lanternasemaforica2.map" -Wl,--gc-sections -static --specs=nano.specs -mfpu=fpv4-sp-d16 -mfloat-abi=hard -mthumb -Wl,--start-group -lc -lm -Wl,--end-group
Finished building target: lanternasemaforica2.elf
 
arm-none-eabi-size  lanternasemaforica2.elf 
arm-none-eabi-objdump -h -S lanternasemaforica2.elf  > "lanternasemaforica2.list"
   text	   data	    bss	    dec	    hex	filename
  10932	     12	   1676	  12620	   314c	lanternasemaforica2.elf
Finished building: default.size.stdout
 
Finished building: lanternasemaforica2.list
 
16:23:32 **** Incremental Build of configuration Debug for project lanternasemaforica2 ****
make -j14 all 
arm-none-eabi-gcc "../Core/Src/fsm_logic.c" -mcpu=cortex-m4 -std=gnu11 -g3 -DDEBUG -DUSE_HAL_DRIVER -DSTM32G474xx -c -I../Core/Inc -I../Drivers/STM32G4xx_HAL_Driver/Inc -I../Drivers/STM32G4xx_HAL_Driver/Inc/Legacy -I../Drivers/CMSIS/Device/ST/STM32G4xx/Include -I../Drivers/CMSIS/Include -O0 -ffunction-sections -fdata-sections -Wall -fstack-usage -fcyclomatic-complexity -MMD -MP -MF"Core/Src/fsm_logic.d" -MT"Core/Src/fsm_logic.o" --specs=nano.specs -mfpu=fpv4-sp-d16 -mfloat-abi=hard -mthumb -o "Core/Src/fsm_logic.o"
arm-none-eabi-gcc "../Core/Src/timer.c" -mcpu=cortex-m4 -std=gnu11 -g3 -DDEBUG -DUSE_HAL_DRIVER -DSTM32G474xx -c -I../Core/Inc -I../Drivers/STM32G4xx_HAL_Driver/Inc -I../Drivers/STM32G4xx_HAL_Driver/Inc/Legacy -I../Drivers/CMSIS/Device/ST/STM32G4xx/Include -I../Drivers/CMSIS/Include -O0 -ffunction-sections -fdata-sections -Wall -fstack-usage -fcyclomatic-complexity -MMD -MP -MF"Core/Src/timer.d" -MT"Core/Src/timer.o" --specs=nano.specs -mfpu=fpv4-sp-d16 -mfloat-abi=hard -mthumb -o "Core/Src/timer.o"
../Core/Src/fsm_logic.c: In function 'FSM_update_state':
../Core/Src/fsm_logic.c:163:28: error: implicit declaration of function 'FSM_verde_on' [-Wimplicit-function-declaration]
  163 |                         if(FSM_verde_on() == FSM_OK){
      |                            ^~~~~~~~~~~~
../Core/Src/fsm_logic.c:168:28: error: implicit declaration of function 'FSM_giallo_on' [-Wimplicit-function-declaration]
  168 |                         if(FSM_giallo_on() == FSM_OK){
      |                            ^~~~~~~~~~~~~
../Core/Src/fsm_logic.c:173:28: error: implicit declaration of function 'FSM_rosso_on' [-Wimplicit-function-declaration]
  173 |                         if(FSM_rosso_on() == FSM_OK){
      |                            ^~~~~~~~~~~~
../Core/Src/fsm_logic.c: At top level:
../Core/Src/fsm_logic.c:208:15: error: conflicting types for 'FSM_verde_on'; have 'int8_t()' {aka 'signed char()'}
  208 | static int8_t FSM_verde_on(){
      |               ^~~~~~~~~~~~
../Core/Src/fsm_logic.c:163:28: note: previous implicit declaration of 'FSM_verde_on' with type 'int()'
  163 |                         if(FSM_verde_on() == FSM_OK){
      |                            ^~~~~~~~~~~~
../Core/Src/fsm_logic.c:208:15: warning: 'FSM_verde_on' defined but not used [-Wunused-function]
  208 | static int8_t FSM_verde_on(){
      |               ^~~~~~~~~~~~
make: *** [Core/Src/subdir.mk:55: Core/Src/fsm_logic.o] Error 1
make: *** Waiting for unfinished jobs....
"make -j14 all" terminated with exit code 2. Build might be incomplete.
16:23:55 **** Incremental Build of configuration Debug for project lanternasemaforica2 ****
make -j14 all 
arm-none-eabi-gcc "../Core/Src/fsm_logic.c" -mcpu=cortex-m4 -std=gnu11 -g3 -DDEBUG -DUSE_HAL_DRIVER -DSTM32G474xx -c -I../Core/Inc -I../Drivers/STM32G4xx_HAL_Driver/Inc -I../Drivers/STM32G4xx_HAL_Driver/Inc/Legacy -I../Drivers/CMSIS/Device/ST/STM32G4xx/Include -I../Drivers/CMSIS/Include -O0 -ffunction-sections -fdata-sections -Wall -fstack-usage -fcyclomatic-complexity -MMD -MP -MF"Core/Src/fsm_logic.d" -MT"Core/Src/fsm_logic.o" --specs=nano.specs -mfpu=fpv4-sp-d16 -mfloat-abi=hard -mthumb -o "Core/Src/fsm_logic.o"
../Core/Src/fsm_logic.c: In function 'FSM_update_state':
../Core/Src/fsm_logic.c:169:28: error: implicit declaration of function 'FSM_giallo_on' [-Wimplicit-function-declaration]
  169 |                         if(FSM_giallo_on() == FSM_OK){
      |                            ^~~~~~~~~~~~~
../Core/Src/fsm_logic.c:174:28: error: implicit declaration of function 'FSM_rosso_on' [-Wimplicit-function-declaration]
  174 |                         if(FSM_rosso_on() == FSM_OK){
      |                            ^~~~~~~~~~~~
make: *** [Core/Src/subdir.mk:55: Core/Src/fsm_logic.o] Error 1
"make -j14 all" terminated with exit code 2. Build might be incomplete.
16:25:24 **** Incremental Build of configuration Debug for project lanternasemaforica2 ****
make -j14 all 
arm-none-eabi-gcc "../Core/Src/fsm_logic.c" -mcpu=cortex-m4 -std=gnu11 -g3 -DDEBUG -DUSE_HAL_DRIVER -DSTM32G474xx -c -I../Core/Inc -I../Drivers/STM32G4xx_HAL_Driver/Inc -I../Drivers/STM32G4xx_HAL_Driver/Inc/Legacy -I../Drivers/CMSIS/Device/ST/STM32G4xx/Include -I../Drivers/CMSIS/Include -O0 -ffunction-sections -fdata-sections -Wall -fstack-usage -fcyclomatic-complexity -MMD -MP -MF"Core/Src/fsm_logic.d" -MT"Core/Src/fsm_logic.o" --specs=nano.specs -mfpu=fpv4-sp-d16 -mfloat-abi=hard -mthumb -o "Core/Src/fsm_logic.o"
../Core/Src/fsm_logic.c: In function 'FSM_giallo_on':
../Core/Src/fsm_logic.c:232:1: warning: no return statement in function returning non-void [-Wreturn-type]
  232 | }
      | ^
../Core/Src/fsm_logic.c: In function 'FSM_rosso_on':
../Core/Src/fsm_logic.c:235:1: warning: no return statement in function returning non-void [-Wreturn-type]
  235 | }
      | ^
arm-none-eabi-gcc -o "lanternasemaforica2.elf" @"objects.list"   -mcpu=cortex-m4 -T"C:\Users\frank\Documents\Uni\Embedded\project location\fsm\lanternasemaforica2\lanternasemaforica2\STM32G474RETX_FLASH.ld" --specs=nosys.specs -Wl,-Map="lanternasemaforica2.map" -Wl,--gc-sections -static --specs=nano.specs -mfpu=fpv4-sp-d16 -mfloat-abi=hard -mthumb -Wl,--start-group -lc -lm -Wl,--end-group
Finished building target: lanternasemaforica2.elf
 
arm-none-eabi-size  lanternasemaforica2.elf 
arm-none-eabi-objdump -h -S lanternasemaforica2.elf  > "lanternasemaforica2.list"
   text	   data	    bss	    dec	    hex	filename
  11240	     12	   1676	  12928	   3280	lanternasemaforica2.elf
Finished building: default.size.stdout
 
Finished building: lanternasemaforica2.list
 
16:25:54 **** Incremental Build of configuration Debug for project lanternasemaforica2 ****
make -j14 all 
arm-none-eabi-size  lanternasemaforica2.elf 
   text	   data	    bss	    dec	    hex	filename
  11240	     12	   1676	  12928	   3280	lanternasemaforica2.elf
Finished building: default.size.stdout
 
16:27:38 **** Incremental Build of configuration Debug for project lanternasemaforica2 ****
make -j14 all 
arm-none-eabi-size  lanternasemaforica2.elf 
   text	   data	    bss	    dec	    hex	filename
  11240	     12	   1676	  12928	   3280	lanternasemaforica2.elf
Finished building: default.size.stdout
 
16:31:01 **** Incremental Build of configuration Debug for project lanternasemaforica2 ****
make -j14 all 
arm-none-eabi-gcc "../Core/Src/fsm_logic.c" -mcpu=cortex-m4 -std=gnu11 -g3 -DDEBUG -DUSE_HAL_DRIVER -DSTM32G474xx -c -I../Core/Inc -I../Drivers/STM32G4xx_HAL_Driver/Inc -I../Drivers/STM32G4xx_HAL_Driver/Inc/Legacy -I../Drivers/CMSIS/Device/ST/STM32G4xx/Include -I../Drivers/CMSIS/Include -O0 -ffunction-sections -fdata-sections -Wall -fstack-usage -fcyclomatic-complexity -MMD -MP -MF"Core/Src/fsm_logic.d" -MT"Core/Src/fsm_logic.o" --specs=nano.specs -mfpu=fpv4-sp-d16 -mfloat-abi=hard -mthumb -o "Core/Src/fsm_logic.o"
../Core/Src/fsm_logic.c: In function 'FSM_giallo_on':
../Core/Src/fsm_logic.c:234:1: warning: no return statement in function returning non-void [-Wreturn-type]
  234 | }
      | ^
../Core/Src/fsm_logic.c: In function 'FSM_rosso_on':
../Core/Src/fsm_logic.c:237:1: warning: no return statement in function returning non-void [-Wreturn-type]
  237 | }
      | ^
arm-none-eabi-gcc -o "lanternasemaforica2.elf" @"objects.list"   -mcpu=cortex-m4 -T"C:\Users\frank\Documents\Uni\Embedded\project location\fsm\lanternasemaforica2\lanternasemaforica2\STM32G474RETX_FLASH.ld" --specs=nosys.specs -Wl,-Map="lanternasemaforica2.map" -Wl,--gc-sections -static --specs=nano.specs -mfpu=fpv4-sp-d16 -mfloat-abi=hard -mthumb -Wl,--start-group -lc -lm -Wl,--end-group
Finished building target: lanternasemaforica2.elf
 
arm-none-eabi-size  lanternasemaforica2.elf 
arm-none-eabi-objdump -h -S lanternasemaforica2.elf  > "lanternasemaforica2.list"
   text	   data	    bss	    dec	    hex	filename
  11240	     12	   1676	  12928	   3280	lanternasemaforica2.elf
Finished building: default.size.stdout
 
Finished building: lanternasemaforica2.list
 
16:32:58 **** Incremental Build of configuration Debug for project lanternasemaforica2 ****
make -j14 all 
arm-none-eabi-gcc "../Core/Src/fsm_logic.c" -mcpu=cortex-m4 -std=gnu11 -g3 -DDEBUG -DUSE_HAL_DRIVER -DSTM32G474xx -c -I../Core/Inc -I../Drivers/STM32G4xx_HAL_Driver/Inc -I../Drivers/STM32G4xx_HAL_Driver/Inc/Legacy -I../Drivers/CMSIS/Device/ST/STM32G4xx/Include -I../Drivers/CMSIS/Include -O0 -ffunction-sections -fdata-sections -Wall -fstack-usage -fcyclomatic-complexity -MMD -MP -MF"Core/Src/fsm_logic.d" -MT"Core/Src/fsm_logic.o" --specs=nano.specs -mfpu=fpv4-sp-d16 -mfloat-abi=hard -mthumb -o "Core/Src/fsm_logic.o"
../Core/Src/fsm_logic.c: In function 'FSM_giallo_on':
../Core/Src/fsm_logic.c:234:1: warning: no return statement in function returning non-void [-Wreturn-type]
  234 | }
      | ^
../Core/Src/fsm_logic.c: In function 'FSM_rosso_on':
../Core/Src/fsm_logic.c:237:1: warning: no return statement in function returning non-void [-Wreturn-type]
  237 | }
      | ^
arm-none-eabi-gcc -o "lanternasemaforica2.elf" @"objects.list"   -mcpu=cortex-m4 -T"C:\Users\frank\Documents\Uni\Embedded\project location\fsm\lanternasemaforica2\lanternasemaforica2\STM32G474RETX_FLASH.ld" --specs=nosys.specs -Wl,-Map="lanternasemaforica2.map" -Wl,--gc-sections -static --specs=nano.specs -mfpu=fpv4-sp-d16 -mfloat-abi=hard -mthumb -Wl,--start-group -lc -lm -Wl,--end-group
Finished building target: lanternasemaforica2.elf
 
arm-none-eabi-size  lanternasemaforica2.elf 
arm-none-eabi-objdump -h -S lanternasemaforica2.elf  > "lanternasemaforica2.list"
   text	   data	    bss	    dec	    hex	filename
  11240	     12	   1676	  12928	   3280	lanternasemaforica2.elf
Finished building: default.size.stdout
 
Finished building: lanternasemaforica2.list
 
16:33:14 **** Incremental Build of configuration Debug for project lanternasemaforica2 ****
make -j14 all 
arm-none-eabi-gcc "../Core/Src/fsm_logic.c" -mcpu=cortex-m4 -std=gnu11 -g3 -DDEBUG -DUSE_HAL_DRIVER -DSTM32G474xx -c -I../Core/Inc -I../Drivers/STM32G4xx_HAL_Driver/Inc -I../Drivers/STM32G4xx_HAL_Driver/Inc/Legacy -I../Drivers/CMSIS/Device/ST/STM32G4xx/Include -I../Drivers/CMSIS/Include -O0 -ffunction-sections -fdata-sections -Wall -fstack-usage -fcyclomatic-complexity -MMD -MP -MF"Core/Src/fsm_logic.d" -MT"Core/Src/fsm_logic.o" --specs=nano.specs -mfpu=fpv4-sp-d16 -mfloat-abi=hard -mthumb -o "Core/Src/fsm_logic.o"
../Core/Src/fsm_logic.c: In function 'FSM_giallo_on':
../Core/Src/fsm_logic.c:234:1: warning: no return statement in function returning non-void [-Wreturn-type]
  234 | }
      | ^
../Core/Src/fsm_logic.c: In function 'FSM_rosso_on':
../Core/Src/fsm_logic.c:237:1: warning: no return statement in function returning non-void [-Wreturn-type]
  237 | }
      | ^
arm-none-eabi-gcc -o "lanternasemaforica2.elf" @"objects.list"   -mcpu=cortex-m4 -T"C:\Users\frank\Documents\Uni\Embedded\project location\fsm\lanternasemaforica2\lanternasemaforica2\STM32G474RETX_FLASH.ld" --specs=nosys.specs -Wl,-Map="lanternasemaforica2.map" -Wl,--gc-sections -static --specs=nano.specs -mfpu=fpv4-sp-d16 -mfloat-abi=hard -mthumb -Wl,--start-group -lc -lm -Wl,--end-group
Finished building target: lanternasemaforica2.elf
 
arm-none-eabi-size  lanternasemaforica2.elf 
arm-none-eabi-objdump -h -S lanternasemaforica2.elf  > "lanternasemaforica2.list"
   text	   data	    bss	    dec	    hex	filename
  11240	     12	   1676	  12928	   3280	lanternasemaforica2.elf
Finished building: default.size.stdout
 
Finished building: lanternasemaforica2.list
 
16:37:30 **** Incremental Build of configuration Debug for project lanternasemaforica2 ****
make -j14 all 
arm-none-eabi-gcc "../Core/Src/fsm_logic.c" -mcpu=cortex-m4 -std=gnu11 -g3 -DDEBUG -DUSE_HAL_DRIVER -DSTM32G474xx -c -I../Core/Inc -I../Drivers/STM32G4xx_HAL_Driver/Inc -I../Drivers/STM32G4xx_HAL_Driver/Inc/Legacy -I../Drivers/CMSIS/Device/ST/STM32G4xx/Include -I../Drivers/CMSIS/Include -O0 -ffunction-sections -fdata-sections -Wall -fstack-usage -fcyclomatic-complexity -MMD -MP -MF"Core/Src/fsm_logic.d" -MT"Core/Src/fsm_logic.o" --specs=nano.specs -mfpu=fpv4-sp-d16 -mfloat-abi=hard -mthumb -o "Core/Src/fsm_logic.o"
../Core/Src/fsm_logic.c: In function 'FSM_giallo_on':
../Core/Src/fsm_logic.c:231:1: warning: no return statement in function returning non-void [-Wreturn-type]
  231 | }
      | ^
../Core/Src/fsm_logic.c: In function 'FSM_rosso_on':
../Core/Src/fsm_logic.c:234:1: warning: no return statement in function returning non-void [-Wreturn-type]
  234 | }
      | ^
arm-none-eabi-gcc -o "lanternasemaforica2.elf" @"objects.list"   -mcpu=cortex-m4 -T"C:\Users\frank\Documents\Uni\Embedded\project location\fsm\lanternasemaforica2\lanternasemaforica2\STM32G474RETX_FLASH.ld" --specs=nosys.specs -Wl,-Map="lanternasemaforica2.map" -Wl,--gc-sections -static --specs=nano.specs -mfpu=fpv4-sp-d16 -mfloat-abi=hard -mthumb -Wl,--start-group -lc -lm -Wl,--end-group
Finished building target: lanternasemaforica2.elf
 
arm-none-eabi-size  lanternasemaforica2.elf 
arm-none-eabi-objdump -h -S lanternasemaforica2.elf  > "lanternasemaforica2.list"
   text	   data	    bss	    dec	    hex	filename
  11368	     12	   1676	  13056	   3300	lanternasemaforica2.elf
Finished building: default.size.stdout
 
Finished building: lanternasemaforica2.list
 
16:39:15 **** Incremental Build of configuration Debug for project lanternasemaforica2 ****
make -j14 all 
arm-none-eabi-gcc "../Core/Src/fsm_logic.c" -mcpu=cortex-m4 -std=gnu11 -g3 -DDEBUG -DUSE_HAL_DRIVER -DSTM32G474xx -c -I../Core/Inc -I../Drivers/STM32G4xx_HAL_Driver/Inc -I../Drivers/STM32G4xx_HAL_Driver/Inc/Legacy -I../Drivers/CMSIS/Device/ST/STM32G4xx/Include -I../Drivers/CMSIS/Include -O0 -ffunction-sections -fdata-sections -Wall -fstack-usage -fcyclomatic-complexity -MMD -MP -MF"Core/Src/fsm_logic.d" -MT"Core/Src/fsm_logic.o" --specs=nano.specs -mfpu=fpv4-sp-d16 -mfloat-abi=hard -mthumb -o "Core/Src/fsm_logic.o"
../Core/Src/fsm_logic.c: In function 'FSM_giallo_on':
../Core/Src/fsm_logic.c:229:1: warning: no return statement in function returning non-void [-Wreturn-type]
  229 | }
      | ^
../Core/Src/fsm_logic.c: In function 'FSM_rosso_on':
../Core/Src/fsm_logic.c:232:1: warning: no return statement in function returning non-void [-Wreturn-type]
  232 | }
      | ^
arm-none-eabi-gcc -o "lanternasemaforica2.elf" @"objects.list"   -mcpu=cortex-m4 -T"C:\Users\frank\Documents\Uni\Embedded\project location\fsm\lanternasemaforica2\lanternasemaforica2\STM32G474RETX_FLASH.ld" --specs=nosys.specs -Wl,-Map="lanternasemaforica2.map" -Wl,--gc-sections -static --specs=nano.specs -mfpu=fpv4-sp-d16 -mfloat-abi=hard -mthumb -Wl,--start-group -lc -lm -Wl,--end-group
Finished building target: lanternasemaforica2.elf
 
arm-none-eabi-size  lanternasemaforica2.elf 
arm-none-eabi-objdump -h -S lanternasemaforica2.elf  > "lanternasemaforica2.list"
   text	   data	    bss	    dec	    hex	filename
  11368	     12	   1676	  13056	   3300	lanternasemaforica2.elf
Finished building: default.size.stdout
 
Finished building: lanternasemaforica2.list
 
16:44:37 **** Incremental Build of configuration Debug for project lanternasemaforica2 ****
make -j14 all 
arm-none-eabi-gcc "../Core/Src/fsm_logic.c" -mcpu=cortex-m4 -std=gnu11 -g3 -DDEBUG -DUSE_HAL_DRIVER -DSTM32G474xx -c -I../Core/Inc -I../Drivers/STM32G4xx_HAL_Driver/Inc -I../Drivers/STM32G4xx_HAL_Driver/Inc/Legacy -I../Drivers/CMSIS/Device/ST/STM32G4xx/Include -I../Drivers/CMSIS/Include -O0 -ffunction-sections -fdata-sections -Wall -fstack-usage -fcyclomatic-complexity -MMD -MP -MF"Core/Src/fsm_logic.d" -MT"Core/Src/fsm_logic.o" --specs=nano.specs -mfpu=fpv4-sp-d16 -mfloat-abi=hard -mthumb -o "Core/Src/fsm_logic.o"
../Core/Src/fsm_logic.c: In function 'FSM_verde_on':
../Core/Src/fsm_logic.c:245:15: error: invalid storage class for function 'FSM_giallo_on'
  245 | static int8_t FSM_giallo_on(){
      |               ^~~~~~~~~~~~~
../Core/Src/fsm_logic.c: In function 'FSM_giallo_on':
../Core/Src/fsm_logic.c:247:1: warning: no return statement in function returning non-void [-Wreturn-type]
  247 | }
      | ^
../Core/Src/fsm_logic.c: In function 'FSM_verde_on':
../Core/Src/fsm_logic.c:249:15: error: invalid storage class for function 'FSM_rosso_on'
  249 | static int8_t FSM_rosso_on(){
      |               ^~~~~~~~~~~~
../Core/Src/fsm_logic.c: In function 'FSM_rosso_on':
../Core/Src/fsm_logic.c:250:1: warning: no return statement in function returning non-void [-Wreturn-type]
  250 | }
      | ^
../Core/Src/fsm_logic.c: In function 'FSM_verde_on':
../Core/Src/fsm_logic.c:258:1: error: expected declaration or statement at end of input
  258 | }
      | ^
../Core/Src/fsm_logic.c: At top level:
../Core/Src/fsm_logic.c:74:16: warning: 'FSM_giallo_on' used but never defined
   74 |  static int8_t FSM_giallo_on();
      |                ^~~~~~~~~~~~~
../Core/Src/fsm_logic.c:75:16: warning: 'FSM_rosso_on' used but never defined
   75 |  static int8_t FSM_rosso_on();
      |                ^~~~~~~~~~~~
../Core/Src/fsm_logic.c: In function 'FSM_verde_on':
../Core/Src/fsm_logic.c:259: warning: control reaches end of non-void function [-Wreturn-type]
../Core/Src/fsm_logic.c: At top level:
../Core/Src/fsm_logic.c:255:6: warning: 'HAL_TIM_PeriodElapsedCallback' defined but not used [-Wunused-function]
  255 | void HAL_TIM_PeriodElapsedCallback(TIM_HandleTypeDef *htim)
      |      ^~~~~~~~~~~~~~~~~~~~~~~~~~~~~
../Core/Src/fsm_logic.c:249:15: warning: 'FSM_rosso_on' defined but not used [-Wunused-function]
  249 | static int8_t FSM_rosso_on(){
      |               ^~~~~~~~~~~~
../Core/Src/fsm_logic.c:245:15: warning: 'FSM_giallo_on' defined but not used [-Wunused-function]
  245 | static int8_t FSM_giallo_on(){
      |               ^~~~~~~~~~~~~
make: *** [Core/Src/subdir.mk:55: Core/Src/fsm_logic.o] Error 1
"make -j14 all" terminated with exit code 2. Build might be incomplete.
16:47:42 **** Incremental Build of configuration Debug for project lanternasemaforica2 ****
make -j14 all 
arm-none-eabi-gcc "../Core/Src/fsm_logic.c" -mcpu=cortex-m4 -std=gnu11 -g3 -DDEBUG -DUSE_HAL_DRIVER -DSTM32G474xx -c -I../Core/Inc -I../Drivers/STM32G4xx_HAL_Driver/Inc -I../Drivers/STM32G4xx_HAL_Driver/Inc/Legacy -I../Drivers/CMSIS/Device/ST/STM32G4xx/Include -I../Drivers/CMSIS/Include -O0 -ffunction-sections -fdata-sections -Wall -fstack-usage -fcyclomatic-complexity -MMD -MP -MF"Core/Src/fsm_logic.d" -MT"Core/Src/fsm_logic.o" --specs=nano.specs -mfpu=fpv4-sp-d16 -mfloat-abi=hard -mthumb -o "Core/Src/fsm_logic.o"
../Core/Src/fsm_logic.c: In function 'FSM_rosso_on':
../Core/Src/fsm_logic.c:244:16: warning: variable 'res' set but not used [-Wunused-but-set-variable]
  244 |         int8_t res = FSM_ERR;
      |                ^~~
../Core/Src/fsm_logic.c:256:1: warning: no return statement in function returning non-void [-Wreturn-type]
  256 | }
      | ^
arm-none-eabi-gcc -o "lanternasemaforica2.elf" @"objects.list"   -mcpu=cortex-m4 -T"C:\Users\frank\Documents\Uni\Embedded\project location\fsm\lanternasemaforica2\lanternasemaforica2\STM32G474RETX_FLASH.ld" --specs=nosys.specs -Wl,-Map="lanternasemaforica2.map" -Wl,--gc-sections -static --specs=nano.specs -mfpu=fpv4-sp-d16 -mfloat-abi=hard -mthumb -Wl,--start-group -lc -lm -Wl,--end-group
Finished building target: lanternasemaforica2.elf
 
arm-none-eabi-size  lanternasemaforica2.elf 
arm-none-eabi-objdump -h -S lanternasemaforica2.elf  > "lanternasemaforica2.list"
   text	   data	    bss	    dec	    hex	filename
  11624	     12	   1676	  13312	   3400	lanternasemaforica2.elf
Finished building: default.size.stdout
 
Finished building: lanternasemaforica2.list
 
16:49:47 **** Incremental Build of configuration Debug for project lanternasemaforica2 ****
make -j14 all 
arm-none-eabi-gcc "../Core/Src/fsm_logic.c" -mcpu=cortex-m4 -std=gnu11 -g3 -DDEBUG -DUSE_HAL_DRIVER -DSTM32G474xx -c -I../Core/Inc -I../Drivers/STM32G4xx_HAL_Driver/Inc -I../Drivers/STM32G4xx_HAL_Driver/Inc/Legacy -I../Drivers/CMSIS/Device/ST/STM32G4xx/Include -I../Drivers/CMSIS/Include -O0 -ffunction-sections -fdata-sections -Wall -fstack-usage -fcyclomatic-complexity -MMD -MP -MF"Core/Src/fsm_logic.d" -MT"Core/Src/fsm_logic.o" --specs=nano.specs -mfpu=fpv4-sp-d16 -mfloat-abi=hard -mthumb -o "Core/Src/fsm_logic.o"
arm-none-eabi-gcc -o "lanternasemaforica2.elf" @"objects.list"   -mcpu=cortex-m4 -T"C:\Users\frank\Documents\Uni\Embedded\project location\fsm\lanternasemaforica2\lanternasemaforica2\STM32G474RETX_FLASH.ld" --specs=nosys.specs -Wl,-Map="lanternasemaforica2.map" -Wl,--gc-sections -static --specs=nano.specs -mfpu=fpv4-sp-d16 -mfloat-abi=hard -mthumb -Wl,--start-group -lc -lm -Wl,--end-group
Finished building target: lanternasemaforica2.elf
 
arm-none-eabi-size  lanternasemaforica2.elf 
arm-none-eabi-objdump -h -S lanternasemaforica2.elf  > "lanternasemaforica2.list"
   text	   data	    bss	    dec	    hex	filename
  11640	     12	   1676	  13328	   3410	lanternasemaforica2.elf
Finished building: default.size.stdout
 
Finished building: lanternasemaforica2.list
 
16:55:04 **** Incremental Build of configuration Debug for project lanternasemaforica2 ****
make -j14 all 
arm-none-eabi-gcc "../Core/Src/fsm_logic.c" -mcpu=cortex-m4 -std=gnu11 -g3 -DDEBUG -DUSE_HAL_DRIVER -DSTM32G474xx -c -I../Core/Inc -I../Drivers/STM32G4xx_HAL_Driver/Inc -I../Drivers/STM32G4xx_HAL_Driver/Inc/Legacy -I../Drivers/CMSIS/Device/ST/STM32G4xx/Include -I../Drivers/CMSIS/Include -O0 -ffunction-sections -fdata-sections -Wall -fstack-usage -fcyclomatic-complexity -MMD -MP -MF"Core/Src/fsm_logic.d" -MT"Core/Src/fsm_logic.o" --specs=nano.specs -mfpu=fpv4-sp-d16 -mfloat-abi=hard -mthumb -o "Core/Src/fsm_logic.o"
arm-none-eabi-gcc -o "lanternasemaforica2.elf" @"objects.list"   -mcpu=cortex-m4 -T"C:\Users\frank\Documents\Uni\Embedded\project location\fsm\lanternasemaforica2\lanternasemaforica2\STM32G474RETX_FLASH.ld" --specs=nosys.specs -Wl,-Map="lanternasemaforica2.map" -Wl,--gc-sections -static --specs=nano.specs -mfpu=fpv4-sp-d16 -mfloat-abi=hard -mthumb -Wl,--start-group -lc -lm -Wl,--end-group
Finished building target: lanternasemaforica2.elf
 
arm-none-eabi-size  lanternasemaforica2.elf 
arm-none-eabi-objdump -h -S lanternasemaforica2.elf  > "lanternasemaforica2.list"
   text	   data	    bss	    dec	    hex	filename
  11864	     12	   1676	  13552	   34f0	lanternasemaforica2.elf
Finished building: default.size.stdout
 
Finished building: lanternasemaforica2.list
 
10:25:48 **** Build of configuration Debug for project lanternasemaforicaRTC ****
make -j14 all 
arm-none-eabi-gcc "../Drivers/STM32G4xx_HAL_Driver/Src/stm32g4xx_hal.c" -mcpu=cortex-m4 -std=gnu11 -g3 -DDEBUG -DUSE_HAL_DRIVER -DSTM32G474xx -c -I../Core/Inc -I../Drivers/STM32G4xx_HAL_Driver/Inc -I../Drivers/STM32G4xx_HAL_Driver/Inc/Legacy -I../Drivers/CMSIS/Device/ST/STM32G4xx/Include -I../Drivers/CMSIS/Include -O0 -ffunction-sections -fdata-sections -Wall -fstack-usage -fcyclomatic-complexity -MMD -MP -MF"Drivers/STM32G4xx_HAL_Driver/Src/stm32g4xx_hal.d" -MT"Drivers/STM32G4xx_HAL_Driver/Src/stm32g4xx_hal.o" --specs=nano.specs -mfpu=fpv4-sp-d16 -mfloat-abi=hard -mthumb -o "Drivers/STM32G4xx_HAL_Driver/Src/stm32g4xx_hal.o"
arm-none-eabi-gcc "../Drivers/STM32G4xx_HAL_Driver/Src/stm32g4xx_hal_cortex.c" -mcpu=cortex-m4 -std=gnu11 -g3 -DDEBUG -DUSE_HAL_DRIVER -DSTM32G474xx -c -I../Core/Inc -I../Drivers/STM32G4xx_HAL_Driver/Inc -I../Drivers/STM32G4xx_HAL_Driver/Inc/Legacy -I../Drivers/CMSIS/Device/ST/STM32G4xx/Include -I../Drivers/CMSIS/Include -O0 -ffunction-sections -fdata-sections -Wall -fstack-usage -fcyclomatic-complexity -MMD -MP -MF"Drivers/STM32G4xx_HAL_Driver/Src/stm32g4xx_hal_cortex.d" -MT"Drivers/STM32G4xx_HAL_Driver/Src/stm32g4xx_hal_cortex.o" --specs=nano.specs -mfpu=fpv4-sp-d16 -mfloat-abi=hard -mthumb -o "Drivers/STM32G4xx_HAL_Driver/Src/stm32g4xx_hal_cortex.o"
arm-none-eabi-gcc "../Drivers/STM32G4xx_HAL_Driver/Src/stm32g4xx_hal_dma.c" -mcpu=cortex-m4 -std=gnu11 -g3 -DDEBUG -DUSE_HAL_DRIVER -DSTM32G474xx -c -I../Core/Inc -I../Drivers/STM32G4xx_HAL_Driver/Inc -I../Drivers/STM32G4xx_HAL_Driver/Inc/Legacy -I../Drivers/CMSIS/Device/ST/STM32G4xx/Include -I../Drivers/CMSIS/Include -O0 -ffunction-sections -fdata-sections -Wall -fstack-usage -fcyclomatic-complexity -MMD -MP -MF"Drivers/STM32G4xx_HAL_Driver/Src/stm32g4xx_hal_dma.d" -MT"Drivers/STM32G4xx_HAL_Driver/Src/stm32g4xx_hal_dma.o" --specs=nano.specs -mfpu=fpv4-sp-d16 -mfloat-abi=hard -mthumb -o "Drivers/STM32G4xx_HAL_Driver/Src/stm32g4xx_hal_dma.o"
arm-none-eabi-gcc "../Drivers/STM32G4xx_HAL_Driver/Src/stm32g4xx_hal_dma_ex.c" -mcpu=cortex-m4 -std=gnu11 -g3 -DDEBUG -DUSE_HAL_DRIVER -DSTM32G474xx -c -I../Core/Inc -I../Drivers/STM32G4xx_HAL_Driver/Inc -I../Drivers/STM32G4xx_HAL_Driver/Inc/Legacy -I../Drivers/CMSIS/Device/ST/STM32G4xx/Include -I../Drivers/CMSIS/Include -O0 -ffunction-sections -fdata-sections -Wall -fstack-usage -fcyclomatic-complexity -MMD -MP -MF"Drivers/STM32G4xx_HAL_Driver/Src/stm32g4xx_hal_dma_ex.d" -MT"Drivers/STM32G4xx_HAL_Driver/Src/stm32g4xx_hal_dma_ex.o" --specs=nano.specs -mfpu=fpv4-sp-d16 -mfloat-abi=hard -mthumb -o "Drivers/STM32G4xx_HAL_Driver/Src/stm32g4xx_hal_dma_ex.o"
arm-none-eabi-gcc "../Drivers/STM32G4xx_HAL_Driver/Src/stm32g4xx_hal_exti.c" -mcpu=cortex-m4 -std=gnu11 -g3 -DDEBUG -DUSE_HAL_DRIVER -DSTM32G474xx -c -I../Core/Inc -I../Drivers/STM32G4xx_HAL_Driver/Inc -I../Drivers/STM32G4xx_HAL_Driver/Inc/Legacy -I../Drivers/CMSIS/Device/ST/STM32G4xx/Include -I../Drivers/CMSIS/Include -O0 -ffunction-sections -fdata-sections -Wall -fstack-usage -fcyclomatic-complexity -MMD -MP -MF"Drivers/STM32G4xx_HAL_Driver/Src/stm32g4xx_hal_exti.d" -MT"Drivers/STM32G4xx_HAL_Driver/Src/stm32g4xx_hal_exti.o" --specs=nano.specs -mfpu=fpv4-sp-d16 -mfloat-abi=hard -mthumb -o "Drivers/STM32G4xx_HAL_Driver/Src/stm32g4xx_hal_exti.o"
arm-none-eabi-gcc "../Drivers/STM32G4xx_HAL_Driver/Src/stm32g4xx_hal_flash.c" -mcpu=cortex-m4 -std=gnu11 -g3 -DDEBUG -DUSE_HAL_DRIVER -DSTM32G474xx -c -I../Core/Inc -I../Drivers/STM32G4xx_HAL_Driver/Inc -I../Drivers/STM32G4xx_HAL_Driver/Inc/Legacy -I../Drivers/CMSIS/Device/ST/STM32G4xx/Include -I../Drivers/CMSIS/Include -O0 -ffunction-sections -fdata-sections -Wall -fstack-usage -fcyclomatic-complexity -MMD -MP -MF"Drivers/STM32G4xx_HAL_Driver/Src/stm32g4xx_hal_flash.d" -MT"Drivers/STM32G4xx_HAL_Driver/Src/stm32g4xx_hal_flash.o" --specs=nano.specs -mfpu=fpv4-sp-d16 -mfloat-abi=hard -mthumb -o "Drivers/STM32G4xx_HAL_Driver/Src/stm32g4xx_hal_flash.o"
arm-none-eabi-gcc "../Drivers/STM32G4xx_HAL_Driver/Src/stm32g4xx_hal_flash_ex.c" -mcpu=cortex-m4 -std=gnu11 -g3 -DDEBUG -DUSE_HAL_DRIVER -DSTM32G474xx -c -I../Core/Inc -I../Drivers/STM32G4xx_HAL_Driver/Inc -I../Drivers/STM32G4xx_HAL_Driver/Inc/Legacy -I../Drivers/CMSIS/Device/ST/STM32G4xx/Include -I../Drivers/CMSIS/Include -O0 -ffunction-sections -fdata-sections -Wall -fstack-usage -fcyclomatic-complexity -MMD -MP -MF"Drivers/STM32G4xx_HAL_Driver/Src/stm32g4xx_hal_flash_ex.d" -MT"Drivers/STM32G4xx_HAL_Driver/Src/stm32g4xx_hal_flash_ex.o" --specs=nano.specs -mfpu=fpv4-sp-d16 -mfloat-abi=hard -mthumb -o "Drivers/STM32G4xx_HAL_Driver/Src/stm32g4xx_hal_flash_ex.o"
arm-none-eabi-gcc "../Drivers/STM32G4xx_HAL_Driver/Src/stm32g4xx_hal_flash_ramfunc.c" -mcpu=cortex-m4 -std=gnu11 -g3 -DDEBUG -DUSE_HAL_DRIVER -DSTM32G474xx -c -I../Core/Inc -I../Drivers/STM32G4xx_HAL_Driver/Inc -I../Drivers/STM32G4xx_HAL_Driver/Inc/Legacy -I../Drivers/CMSIS/Device/ST/STM32G4xx/Include -I../Drivers/CMSIS/Include -O0 -ffunction-sections -fdata-sections -Wall -fstack-usage -fcyclomatic-complexity -MMD -MP -MF"Drivers/STM32G4xx_HAL_Driver/Src/stm32g4xx_hal_flash_ramfunc.d" -MT"Drivers/STM32G4xx_HAL_Driver/Src/stm32g4xx_hal_flash_ramfunc.o" --specs=nano.specs -mfpu=fpv4-sp-d16 -mfloat-abi=hard -mthumb -o "Drivers/STM32G4xx_HAL_Driver/Src/stm32g4xx_hal_flash_ramfunc.o"
arm-none-eabi-gcc "../Drivers/STM32G4xx_HAL_Driver/Src/stm32g4xx_hal_gpio.c" -mcpu=cortex-m4 -std=gnu11 -g3 -DDEBUG -DUSE_HAL_DRIVER -DSTM32G474xx -c -I../Core/Inc -I../Drivers/STM32G4xx_HAL_Driver/Inc -I../Drivers/STM32G4xx_HAL_Driver/Inc/Legacy -I../Drivers/CMSIS/Device/ST/STM32G4xx/Include -I../Drivers/CMSIS/Include -O0 -ffunction-sections -fdata-sections -Wall -fstack-usage -fcyclomatic-complexity -MMD -MP -MF"Drivers/STM32G4xx_HAL_Driver/Src/stm32g4xx_hal_gpio.d" -MT"Drivers/STM32G4xx_HAL_Driver/Src/stm32g4xx_hal_gpio.o" --specs=nano.specs -mfpu=fpv4-sp-d16 -mfloat-abi=hard -mthumb -o "Drivers/STM32G4xx_HAL_Driver/Src/stm32g4xx_hal_gpio.o"
arm-none-eabi-gcc "../Drivers/STM32G4xx_HAL_Driver/Src/stm32g4xx_hal_i2c.c" -mcpu=cortex-m4 -std=gnu11 -g3 -DDEBUG -DUSE_HAL_DRIVER -DSTM32G474xx -c -I../Core/Inc -I../Drivers/STM32G4xx_HAL_Driver/Inc -I../Drivers/STM32G4xx_HAL_Driver/Inc/Legacy -I../Drivers/CMSIS/Device/ST/STM32G4xx/Include -I../Drivers/CMSIS/Include -O0 -ffunction-sections -fdata-sections -Wall -fstack-usage -fcyclomatic-complexity -MMD -MP -MF"Drivers/STM32G4xx_HAL_Driver/Src/stm32g4xx_hal_i2c.d" -MT"Drivers/STM32G4xx_HAL_Driver/Src/stm32g4xx_hal_i2c.o" --specs=nano.specs -mfpu=fpv4-sp-d16 -mfloat-abi=hard -mthumb -o "Drivers/STM32G4xx_HAL_Driver/Src/stm32g4xx_hal_i2c.o"
arm-none-eabi-gcc "../Drivers/STM32G4xx_HAL_Driver/Src/stm32g4xx_hal_i2c_ex.c" -mcpu=cortex-m4 -std=gnu11 -g3 -DDEBUG -DUSE_HAL_DRIVER -DSTM32G474xx -c -I../Core/Inc -I../Drivers/STM32G4xx_HAL_Driver/Inc -I../Drivers/STM32G4xx_HAL_Driver/Inc/Legacy -I../Drivers/CMSIS/Device/ST/STM32G4xx/Include -I../Drivers/CMSIS/Include -O0 -ffunction-sections -fdata-sections -Wall -fstack-usage -fcyclomatic-complexity -MMD -MP -MF"Drivers/STM32G4xx_HAL_Driver/Src/stm32g4xx_hal_i2c_ex.d" -MT"Drivers/STM32G4xx_HAL_Driver/Src/stm32g4xx_hal_i2c_ex.o" --specs=nano.specs -mfpu=fpv4-sp-d16 -mfloat-abi=hard -mthumb -o "Drivers/STM32G4xx_HAL_Driver/Src/stm32g4xx_hal_i2c_ex.o"
arm-none-eabi-gcc "../Drivers/STM32G4xx_HAL_Driver/Src/stm32g4xx_hal_pwr.c" -mcpu=cortex-m4 -std=gnu11 -g3 -DDEBUG -DUSE_HAL_DRIVER -DSTM32G474xx -c -I../Core/Inc -I../Drivers/STM32G4xx_HAL_Driver/Inc -I../Drivers/STM32G4xx_HAL_Driver/Inc/Legacy -I../Drivers/CMSIS/Device/ST/STM32G4xx/Include -I../Drivers/CMSIS/Include -O0 -ffunction-sections -fdata-sections -Wall -fstack-usage -fcyclomatic-complexity -MMD -MP -MF"Drivers/STM32G4xx_HAL_Driver/Src/stm32g4xx_hal_pwr.d" -MT"Drivers/STM32G4xx_HAL_Driver/Src/stm32g4xx_hal_pwr.o" --specs=nano.specs -mfpu=fpv4-sp-d16 -mfloat-abi=hard -mthumb -o "Drivers/STM32G4xx_HAL_Driver/Src/stm32g4xx_hal_pwr.o"
arm-none-eabi-gcc "../Drivers/STM32G4xx_HAL_Driver/Src/stm32g4xx_hal_pwr_ex.c" -mcpu=cortex-m4 -std=gnu11 -g3 -DDEBUG -DUSE_HAL_DRIVER -DSTM32G474xx -c -I../Core/Inc -I../Drivers/STM32G4xx_HAL_Driver/Inc -I../Drivers/STM32G4xx_HAL_Driver/Inc/Legacy -I../Drivers/CMSIS/Device/ST/STM32G4xx/Include -I../Drivers/CMSIS/Include -O0 -ffunction-sections -fdata-sections -Wall -fstack-usage -fcyclomatic-complexity -MMD -MP -MF"Drivers/STM32G4xx_HAL_Driver/Src/stm32g4xx_hal_pwr_ex.d" -MT"Drivers/STM32G4xx_HAL_Driver/Src/stm32g4xx_hal_pwr_ex.o" --specs=nano.specs -mfpu=fpv4-sp-d16 -mfloat-abi=hard -mthumb -o "Drivers/STM32G4xx_HAL_Driver/Src/stm32g4xx_hal_pwr_ex.o"
arm-none-eabi-gcc "../Drivers/STM32G4xx_HAL_Driver/Src/stm32g4xx_hal_rcc.c" -mcpu=cortex-m4 -std=gnu11 -g3 -DDEBUG -DUSE_HAL_DRIVER -DSTM32G474xx -c -I../Core/Inc -I../Drivers/STM32G4xx_HAL_Driver/Inc -I../Drivers/STM32G4xx_HAL_Driver/Inc/Legacy -I../Drivers/CMSIS/Device/ST/STM32G4xx/Include -I../Drivers/CMSIS/Include -O0 -ffunction-sections -fdata-sections -Wall -fstack-usage -fcyclomatic-complexity -MMD -MP -MF"Drivers/STM32G4xx_HAL_Driver/Src/stm32g4xx_hal_rcc.d" -MT"Drivers/STM32G4xx_HAL_Driver/Src/stm32g4xx_hal_rcc.o" --specs=nano.specs -mfpu=fpv4-sp-d16 -mfloat-abi=hard -mthumb -o "Drivers/STM32G4xx_HAL_Driver/Src/stm32g4xx_hal_rcc.o"
arm-none-eabi-gcc "../Drivers/STM32G4xx_HAL_Driver/Src/stm32g4xx_hal_rcc_ex.c" -mcpu=cortex-m4 -std=gnu11 -g3 -DDEBUG -DUSE_HAL_DRIVER -DSTM32G474xx -c -I../Core/Inc -I../Drivers/STM32G4xx_HAL_Driver/Inc -I../Drivers/STM32G4xx_HAL_Driver/Inc/Legacy -I../Drivers/CMSIS/Device/ST/STM32G4xx/Include -I../Drivers/CMSIS/Include -O0 -ffunction-sections -fdata-sections -Wall -fstack-usage -fcyclomatic-complexity -MMD -MP -MF"Drivers/STM32G4xx_HAL_Driver/Src/stm32g4xx_hal_rcc_ex.d" -MT"Drivers/STM32G4xx_HAL_Driver/Src/stm32g4xx_hal_rcc_ex.o" --specs=nano.specs -mfpu=fpv4-sp-d16 -mfloat-abi=hard -mthumb -o "Drivers/STM32G4xx_HAL_Driver/Src/stm32g4xx_hal_rcc_ex.o"
arm-none-eabi-gcc "../Drivers/STM32G4xx_HAL_Driver/Src/stm32g4xx_hal_tim.c" -mcpu=cortex-m4 -std=gnu11 -g3 -DDEBUG -DUSE_HAL_DRIVER -DSTM32G474xx -c -I../Core/Inc -I../Drivers/STM32G4xx_HAL_Driver/Inc -I../Drivers/STM32G4xx_HAL_Driver/Inc/Legacy -I../Drivers/CMSIS/Device/ST/STM32G4xx/Include -I../Drivers/CMSIS/Include -O0 -ffunction-sections -fdata-sections -Wall -fstack-usage -fcyclomatic-complexity -MMD -MP -MF"Drivers/STM32G4xx_HAL_Driver/Src/stm32g4xx_hal_tim.d" -MT"Drivers/STM32G4xx_HAL_Driver/Src/stm32g4xx_hal_tim.o" --specs=nano.specs -mfpu=fpv4-sp-d16 -mfloat-abi=hard -mthumb -o "Drivers/STM32G4xx_HAL_Driver/Src/stm32g4xx_hal_tim.o"
arm-none-eabi-gcc "../Drivers/STM32G4xx_HAL_Driver/Src/stm32g4xx_hal_tim_ex.c" -mcpu=cortex-m4 -std=gnu11 -g3 -DDEBUG -DUSE_HAL_DRIVER -DSTM32G474xx -c -I../Core/Inc -I../Drivers/STM32G4xx_HAL_Driver/Inc -I../Drivers/STM32G4xx_HAL_Driver/Inc/Legacy -I../Drivers/CMSIS/Device/ST/STM32G4xx/Include -I../Drivers/CMSIS/Include -O0 -ffunction-sections -fdata-sections -Wall -fstack-usage -fcyclomatic-complexity -MMD -MP -MF"Drivers/STM32G4xx_HAL_Driver/Src/stm32g4xx_hal_tim_ex.d" -MT"Drivers/STM32G4xx_HAL_Driver/Src/stm32g4xx_hal_tim_ex.o" --specs=nano.specs -mfpu=fpv4-sp-d16 -mfloat-abi=hard -mthumb -o "Drivers/STM32G4xx_HAL_Driver/Src/stm32g4xx_hal_tim_ex.o"
arm-none-eabi-gcc "../Drivers/STM32G4xx_HAL_Driver/Src/stm32g4xx_hal_uart.c" -mcpu=cortex-m4 -std=gnu11 -g3 -DDEBUG -DUSE_HAL_DRIVER -DSTM32G474xx -c -I../Core/Inc -I../Drivers/STM32G4xx_HAL_Driver/Inc -I../Drivers/STM32G4xx_HAL_Driver/Inc/Legacy -I../Drivers/CMSIS/Device/ST/STM32G4xx/Include -I../Drivers/CMSIS/Include -O0 -ffunction-sections -fdata-sections -Wall -fstack-usage -fcyclomatic-complexity -MMD -MP -MF"Drivers/STM32G4xx_HAL_Driver/Src/stm32g4xx_hal_uart.d" -MT"Drivers/STM32G4xx_HAL_Driver/Src/stm32g4xx_hal_uart.o" --specs=nano.specs -mfpu=fpv4-sp-d16 -mfloat-abi=hard -mthumb -o "Drivers/STM32G4xx_HAL_Driver/Src/stm32g4xx_hal_uart.o"
arm-none-eabi-gcc "../Drivers/STM32G4xx_HAL_Driver/Src/stm32g4xx_hal_uart_ex.c" -mcpu=cortex-m4 -std=gnu11 -g3 -DDEBUG -DUSE_HAL_DRIVER -DSTM32G474xx -c -I../Core/Inc -I../Drivers/STM32G4xx_HAL_Driver/Inc -I../Drivers/STM32G4xx_HAL_Driver/Inc/Legacy -I../Drivers/CMSIS/Device/ST/STM32G4xx/Include -I../Drivers/CMSIS/Include -O0 -ffunction-sections -fdata-sections -Wall -fstack-usage -fcyclomatic-complexity -MMD -MP -MF"Drivers/STM32G4xx_HAL_Driver/Src/stm32g4xx_hal_uart_ex.d" -MT"Drivers/STM32G4xx_HAL_Driver/Src/stm32g4xx_hal_uart_ex.o" --specs=nano.specs -mfpu=fpv4-sp-d16 -mfloat-abi=hard -mthumb -o "Drivers/STM32G4xx_HAL_Driver/Src/stm32g4xx_hal_uart_ex.o"
arm-none-eabi-gcc -mcpu=cortex-m4 -g3 -DDEBUG -c -x assembler-with-cpp -MMD -MP -MF"Core/Startup/startup_stm32g474retx.d" -MT"Core/Startup/startup_stm32g474retx.o" --specs=nano.specs -mfpu=fpv4-sp-d16 -mfloat-abi=hard -mthumb -o "Core/Startup/startup_stm32g474retx.o" "../Core/Startup/startup_stm32g474retx.s"
arm-none-eabi-gcc "../Core/Src/gpio.c" -mcpu=cortex-m4 -std=gnu11 -g3 -DDEBUG -DUSE_HAL_DRIVER -DSTM32G474xx -c -I../Core/Inc -I../Drivers/STM32G4xx_HAL_Driver/Inc -I../Drivers/STM32G4xx_HAL_Driver/Inc/Legacy -I../Drivers/CMSIS/Device/ST/STM32G4xx/Include -I../Drivers/CMSIS/Include -O0 -ffunction-sections -fdata-sections -Wall -fstack-usage -fcyclomatic-complexity -MMD -MP -MF"Core/Src/gpio.d" -MT"Core/Src/gpio.o" --specs=nano.specs -mfpu=fpv4-sp-d16 -mfloat-abi=hard -mthumb -o "Core/Src/gpio.o"
arm-none-eabi-gcc "../Core/Src/i2c.c" -mcpu=cortex-m4 -std=gnu11 -g3 -DDEBUG -DUSE_HAL_DRIVER -DSTM32G474xx -c -I../Core/Inc -I../Drivers/STM32G4xx_HAL_Driver/Inc -I../Drivers/STM32G4xx_HAL_Driver/Inc/Legacy -I../Drivers/CMSIS/Device/ST/STM32G4xx/Include -I../Drivers/CMSIS/Include -O0 -ffunction-sections -fdata-sections -Wall -fstack-usage -fcyclomatic-complexity -MMD -MP -MF"Core/Src/i2c.d" -MT"Core/Src/i2c.o" --specs=nano.specs -mfpu=fpv4-sp-d16 -mfloat-abi=hard -mthumb -o "Core/Src/i2c.o"
arm-none-eabi-gcc "../Core/Src/main.c" -mcpu=cortex-m4 -std=gnu11 -g3 -DDEBUG -DUSE_HAL_DRIVER -DSTM32G474xx -c -I../Core/Inc -I../Drivers/STM32G4xx_HAL_Driver/Inc -I../Drivers/STM32G4xx_HAL_Driver/Inc/Legacy -I../Drivers/CMSIS/Device/ST/STM32G4xx/Include -I../Drivers/CMSIS/Include -O0 -ffunction-sections -fdata-sections -Wall -fstack-usage -fcyclomatic-complexity -MMD -MP -MF"Core/Src/main.d" -MT"Core/Src/main.o" --specs=nano.specs -mfpu=fpv4-sp-d16 -mfloat-abi=hard -mthumb -o "Core/Src/main.o"
arm-none-eabi-gcc "../Core/Src/stm32g4xx_hal_msp.c" -mcpu=cortex-m4 -std=gnu11 -g3 -DDEBUG -DUSE_HAL_DRIVER -DSTM32G474xx -c -I../Core/Inc -I../Drivers/STM32G4xx_HAL_Driver/Inc -I../Drivers/STM32G4xx_HAL_Driver/Inc/Legacy -I../Drivers/CMSIS/Device/ST/STM32G4xx/Include -I../Drivers/CMSIS/Include -O0 -ffunction-sections -fdata-sections -Wall -fstack-usage -fcyclomatic-complexity -MMD -MP -MF"Core/Src/stm32g4xx_hal_msp.d" -MT"Core/Src/stm32g4xx_hal_msp.o" --specs=nano.specs -mfpu=fpv4-sp-d16 -mfloat-abi=hard -mthumb -o "Core/Src/stm32g4xx_hal_msp.o"
arm-none-eabi-gcc "../Core/Src/stm32g4xx_it.c" -mcpu=cortex-m4 -std=gnu11 -g3 -DDEBUG -DUSE_HAL_DRIVER -DSTM32G474xx -c -I../Core/Inc -I../Drivers/STM32G4xx_HAL_Driver/Inc -I../Drivers/STM32G4xx_HAL_Driver/Inc/Legacy -I../Drivers/CMSIS/Device/ST/STM32G4xx/Include -I../Drivers/CMSIS/Include -O0 -ffunction-sections -fdata-sections -Wall -fstack-usage -fcyclomatic-complexity -MMD -MP -MF"Core/Src/stm32g4xx_it.d" -MT"Core/Src/stm32g4xx_it.o" --specs=nano.specs -mfpu=fpv4-sp-d16 -mfloat-abi=hard -mthumb -o "Core/Src/stm32g4xx_it.o"
arm-none-eabi-gcc "../Core/Src/syscalls.c" -mcpu=cortex-m4 -std=gnu11 -g3 -DDEBUG -DUSE_HAL_DRIVER -DSTM32G474xx -c -I../Core/Inc -I../Drivers/STM32G4xx_HAL_Driver/Inc -I../Drivers/STM32G4xx_HAL_Driver/Inc/Legacy -I../Drivers/CMSIS/Device/ST/STM32G4xx/Include -I../Drivers/CMSIS/Include -O0 -ffunction-sections -fdata-sections -Wall -fstack-usage -fcyclomatic-complexity -MMD -MP -MF"Core/Src/syscalls.d" -MT"Core/Src/syscalls.o" --specs=nano.specs -mfpu=fpv4-sp-d16 -mfloat-abi=hard -mthumb -o "Core/Src/syscalls.o"
arm-none-eabi-gcc "../Core/Src/sysmem.c" -mcpu=cortex-m4 -std=gnu11 -g3 -DDEBUG -DUSE_HAL_DRIVER -DSTM32G474xx -c -I../Core/Inc -I../Drivers/STM32G4xx_HAL_Driver/Inc -I../Drivers/STM32G4xx_HAL_Driver/Inc/Legacy -I../Drivers/CMSIS/Device/ST/STM32G4xx/Include -I../Drivers/CMSIS/Include -O0 -ffunction-sections -fdata-sections -Wall -fstack-usage -fcyclomatic-complexity -MMD -MP -MF"Core/Src/sysmem.d" -MT"Core/Src/sysmem.o" --specs=nano.specs -mfpu=fpv4-sp-d16 -mfloat-abi=hard -mthumb -o "Core/Src/sysmem.o"
arm-none-eabi-gcc "../Core/Src/system_stm32g4xx.c" -mcpu=cortex-m4 -std=gnu11 -g3 -DDEBUG -DUSE_HAL_DRIVER -DSTM32G474xx -c -I../Core/Inc -I../Drivers/STM32G4xx_HAL_Driver/Inc -I../Drivers/STM32G4xx_HAL_Driver/Inc/Legacy -I../Drivers/CMSIS/Device/ST/STM32G4xx/Include -I../Drivers/CMSIS/Include -O0 -ffunction-sections -fdata-sections -Wall -fstack-usage -fcyclomatic-complexity -MMD -MP -MF"Core/Src/system_stm32g4xx.d" -MT"Core/Src/system_stm32g4xx.o" --specs=nano.specs -mfpu=fpv4-sp-d16 -mfloat-abi=hard -mthumb -o "Core/Src/system_stm32g4xx.o"
arm-none-eabi-gcc "../Core/Src/tim.c" -mcpu=cortex-m4 -std=gnu11 -g3 -DDEBUG -DUSE_HAL_DRIVER -DSTM32G474xx -c -I../Core/Inc -I../Drivers/STM32G4xx_HAL_Driver/Inc -I../Drivers/STM32G4xx_HAL_Driver/Inc/Legacy -I../Drivers/CMSIS/Device/ST/STM32G4xx/Include -I../Drivers/CMSIS/Include -O0 -ffunction-sections -fdata-sections -Wall -fstack-usage -fcyclomatic-complexity -MMD -MP -MF"Core/Src/tim.d" -MT"Core/Src/tim.o" --specs=nano.specs -mfpu=fpv4-sp-d16 -mfloat-abi=hard -mthumb -o "Core/Src/tim.o"
arm-none-eabi-gcc "../Core/Src/usart.c" -mcpu=cortex-m4 -std=gnu11 -g3 -DDEBUG -DUSE_HAL_DRIVER -DSTM32G474xx -c -I../Core/Inc -I../Drivers/STM32G4xx_HAL_Driver/Inc -I../Drivers/STM32G4xx_HAL_Driver/Inc/Legacy -I../Drivers/CMSIS/Device/ST/STM32G4xx/Include -I../Drivers/CMSIS/Include -O0 -ffunction-sections -fdata-sections -Wall -fstack-usage -fcyclomatic-complexity -MMD -MP -MF"Core/Src/usart.d" -MT"Core/Src/usart.o" --specs=nano.specs -mfpu=fpv4-sp-d16 -mfloat-abi=hard -mthumb -o "Core/Src/usart.o"
arm-none-eabi-gcc -o "lanternasemaforicaRTC.elf" @"objects.list"   -mcpu=cortex-m4 -T"C:\Users\frank\Documents\Uni\Embedded\project location\fsm\lanternasemaforicaRTC\lanternasemaforicaRTC\STM32G474RETX_FLASH.ld" --specs=nosys.specs -Wl,-Map="lanternasemaforicaRTC.map" -Wl,--gc-sections -static --specs=nano.specs -mfpu=fpv4-sp-d16 -mfloat-abi=hard -mthumb -Wl,--start-group -lc -lm -Wl,--end-group
Finished building target: lanternasemaforicaRTC.elf
 
arm-none-eabi-size  lanternasemaforicaRTC.elf 
arm-none-eabi-objdump -h -S lanternasemaforicaRTC.elf  > "lanternasemaforicaRTC.list"
   text	   data	    bss	    dec	    hex	filename
  16932	     12	   1876	  18820	   4984	lanternasemaforicaRTC.elf
Finished building: default.size.stdout
 
Finished building: lanternasemaforicaRTC.list
 
10:25:57 **** Incremental Build of configuration Debug for project lanternasemaforicaRTC ****
make -j14 all 
arm-none-eabi-size  lanternasemaforicaRTC.elf 
   text	   data	    bss	    dec	    hex	filename
  16932	     12	   1876	  18820	   4984	lanternasemaforicaRTC.elf
Finished building: default.size.stdout
 
10:29:14 **** Incremental Build of configuration Debug for project lanternasemaforicaRTC ****
make -j14 all 
arm-none-eabi-gcc "../Core/Src/main.c" -mcpu=cortex-m4 -std=gnu11 -g3 -DDEBUG -DUSE_HAL_DRIVER -DSTM32G474xx -c -I../Core/Inc -I../Drivers/STM32G4xx_HAL_Driver/Inc -I../Drivers/STM32G4xx_HAL_Driver/Inc/Legacy -I../Drivers/CMSIS/Device/ST/STM32G4xx/Include -I../Drivers/CMSIS/Include -O0 -ffunction-sections -fdata-sections -Wall -fstack-usage -fcyclomatic-complexity -MMD -MP -MF"Core/Src/main.d" -MT"Core/Src/main.o" --specs=nano.specs -mfpu=fpv4-sp-d16 -mfloat-abi=hard -mthumb -o "Core/Src/main.o"
arm-none-eabi-gcc -o "lanternasemaforicaRTC.elf" @"objects.list"   -mcpu=cortex-m4 -T"C:\Users\frank\Documents\Uni\Embedded\project location\fsm\lanternasemaforicaRTC\lanternasemaforicaRTC\STM32G474RETX_FLASH.ld" --specs=nosys.specs -Wl,-Map="lanternasemaforicaRTC.map" -Wl,--gc-sections -static --specs=nano.specs -mfpu=fpv4-sp-d16 -mfloat-abi=hard -mthumb -Wl,--start-group -lc -lm -Wl,--end-group
Finished building target: lanternasemaforicaRTC.elf
 
arm-none-eabi-size  lanternasemaforicaRTC.elf 
arm-none-eabi-objdump -h -S lanternasemaforicaRTC.elf  > "lanternasemaforicaRTC.list"
   text	   data	    bss	    dec	    hex	filename
  18172	     12	   1876	  20060	   4e5c	lanternasemaforicaRTC.elf
Finished building: default.size.stdout
 
Finished building: lanternasemaforicaRTC.list
 
10:29:30 **** Incremental Build of configuration Debug for project lanternasemaforicaRTC ****
make -j14 all 
arm-none-eabi-gcc "../Core/Src/main.c" -mcpu=cortex-m4 -std=gnu11 -g3 -DDEBUG -DUSE_HAL_DRIVER -DSTM32G474xx -c -I../Core/Inc -I../Drivers/STM32G4xx_HAL_Driver/Inc -I../Drivers/STM32G4xx_HAL_Driver/Inc/Legacy -I../Drivers/CMSIS/Device/ST/STM32G4xx/Include -I../Drivers/CMSIS/Include -O0 -ffunction-sections -fdata-sections -Wall -fstack-usage -fcyclomatic-complexity -MMD -MP -MF"Core/Src/main.d" -MT"Core/Src/main.o" --specs=nano.specs -mfpu=fpv4-sp-d16 -mfloat-abi=hard -mthumb -o "Core/Src/main.o"
arm-none-eabi-gcc -o "lanternasemaforicaRTC.elf" @"objects.list"   -mcpu=cortex-m4 -T"C:\Users\frank\Documents\Uni\Embedded\project location\fsm\lanternasemaforicaRTC\lanternasemaforicaRTC\STM32G474RETX_FLASH.ld" --specs=nosys.specs -Wl,-Map="lanternasemaforicaRTC.map" -Wl,--gc-sections -static --specs=nano.specs -mfpu=fpv4-sp-d16 -mfloat-abi=hard -mthumb -Wl,--start-group -lc -lm -Wl,--end-group
Finished building target: lanternasemaforicaRTC.elf
 
arm-none-eabi-size  lanternasemaforicaRTC.elf 
arm-none-eabi-objdump -h -S lanternasemaforicaRTC.elf  > "lanternasemaforicaRTC.list"
   text	   data	    bss	    dec	    hex	filename
  18172	     12	   1876	  20060	   4e5c	lanternasemaforicaRTC.elf
Finished building: default.size.stdout
 
Finished building: lanternasemaforicaRTC.list
 
10:31:58 **** Incremental Build of configuration Debug for project lanternasemaforicaRTC ****
make -j14 all 
arm-none-eabi-gcc "../Core/Src/main.c" -mcpu=cortex-m4 -std=gnu11 -g3 -DDEBUG -DUSE_HAL_DRIVER -DSTM32G474xx -c -I../Core/Inc -I../Drivers/STM32G4xx_HAL_Driver/Inc -I../Drivers/STM32G4xx_HAL_Driver/Inc/Legacy -I../Drivers/CMSIS/Device/ST/STM32G4xx/Include -I../Drivers/CMSIS/Include -O0 -ffunction-sections -fdata-sections -Wall -fstack-usage -fcyclomatic-complexity -MMD -MP -MF"Core/Src/main.d" -MT"Core/Src/main.o" --specs=nano.specs -mfpu=fpv4-sp-d16 -mfloat-abi=hard -mthumb -o "Core/Src/main.o"
arm-none-eabi-gcc -o "lanternasemaforicaRTC.elf" @"objects.list"   -mcpu=cortex-m4 -T"C:\Users\frank\Documents\Uni\Embedded\project location\fsm\lanternasemaforicaRTC\lanternasemaforicaRTC\STM32G474RETX_FLASH.ld" --specs=nosys.specs -Wl,-Map="lanternasemaforicaRTC.map" -Wl,--gc-sections -static --specs=nano.specs -mfpu=fpv4-sp-d16 -mfloat-abi=hard -mthumb -Wl,--start-group -lc -lm -Wl,--end-group
Finished building target: lanternasemaforicaRTC.elf
 
arm-none-eabi-size  lanternasemaforicaRTC.elf 
arm-none-eabi-objdump -h -S lanternasemaforicaRTC.elf  > "lanternasemaforicaRTC.list"
   text	   data	    bss	    dec	    hex	filename
  16932	     12	   1876	  18820	   4984	lanternasemaforicaRTC.elf
Finished building: default.size.stdout
 
Finished building: lanternasemaforicaRTC.list
 
10:32:17 **** Incremental Build of configuration Debug for project lanternasemaforicaRTC ****
make -j14 all 
arm-none-eabi-gcc "../Core/Src/main.c" -mcpu=cortex-m4 -std=gnu11 -g3 -DDEBUG -DUSE_HAL_DRIVER -DSTM32G474xx -c -I../Core/Inc -I../Drivers/STM32G4xx_HAL_Driver/Inc -I../Drivers/STM32G4xx_HAL_Driver/Inc/Legacy -I../Drivers/CMSIS/Device/ST/STM32G4xx/Include -I../Drivers/CMSIS/Include -O0 -ffunction-sections -fdata-sections -Wall -fstack-usage -fcyclomatic-complexity -MMD -MP -MF"Core/Src/main.d" -MT"Core/Src/main.o" --specs=nano.specs -mfpu=fpv4-sp-d16 -mfloat-abi=hard -mthumb -o "Core/Src/main.o"
arm-none-eabi-gcc -o "lanternasemaforicaRTC.elf" @"objects.list"   -mcpu=cortex-m4 -T"C:\Users\frank\Documents\Uni\Embedded\project location\fsm\lanternasemaforicaRTC\lanternasemaforicaRTC\STM32G474RETX_FLASH.ld" --specs=nosys.specs -Wl,-Map="lanternasemaforicaRTC.map" -Wl,--gc-sections -static --specs=nano.specs -mfpu=fpv4-sp-d16 -mfloat-abi=hard -mthumb -Wl,--start-group -lc -lm -Wl,--end-group
Finished building target: lanternasemaforicaRTC.elf
 
arm-none-eabi-size  lanternasemaforicaRTC.elf 
arm-none-eabi-objdump -h -S lanternasemaforicaRTC.elf  > "lanternasemaforicaRTC.list"
   text	   data	    bss	    dec	    hex	filename
  16932	     12	   1876	  18820	   4984	lanternasemaforicaRTC.elf
Finished building: default.size.stdout
 
Finished building: lanternasemaforicaRTC.list
 
10:33:12 **** Incremental Build of configuration Debug for project lanternasemaforicaRTC ****
make -j14 all 
arm-none-eabi-gcc "../Core/Src/main.c" -mcpu=cortex-m4 -std=gnu11 -g3 -DDEBUG -DUSE_HAL_DRIVER -DSTM32G474xx -c -I../Core/Inc -I../Drivers/STM32G4xx_HAL_Driver/Inc -I../Drivers/STM32G4xx_HAL_Driver/Inc/Legacy -I../Drivers/CMSIS/Device/ST/STM32G4xx/Include -I../Drivers/CMSIS/Include -O0 -ffunction-sections -fdata-sections -Wall -fstack-usage -fcyclomatic-complexity -MMD -MP -MF"Core/Src/main.d" -MT"Core/Src/main.o" --specs=nano.specs -mfpu=fpv4-sp-d16 -mfloat-abi=hard -mthumb -o "Core/Src/main.o"
arm-none-eabi-gcc -o "lanternasemaforicaRTC.elf" @"objects.list"   -mcpu=cortex-m4 -T"C:\Users\frank\Documents\Uni\Embedded\project location\fsm\lanternasemaforicaRTC\lanternasemaforicaRTC\STM32G474RETX_FLASH.ld" --specs=nosys.specs -Wl,-Map="lanternasemaforicaRTC.map" -Wl,--gc-sections -static --specs=nano.specs -mfpu=fpv4-sp-d16 -mfloat-abi=hard -mthumb -Wl,--start-group -lc -lm -Wl,--end-group
Finished building target: lanternasemaforicaRTC.elf
 
arm-none-eabi-size  lanternasemaforicaRTC.elf 
arm-none-eabi-objdump -h -S lanternasemaforicaRTC.elf  > "lanternasemaforicaRTC.list"
   text	   data	    bss	    dec	    hex	filename
  18160	     12	   1876	  20048	   4e50	lanternasemaforicaRTC.elf
Finished building: default.size.stdout
 
Finished building: lanternasemaforicaRTC.list
 
10:33:47 **** Incremental Build of configuration Debug for project lanternasemaforicaRTC ****
make -j14 all 
arm-none-eabi-gcc "../Core/Src/main.c" -mcpu=cortex-m4 -std=gnu11 -g3 -DDEBUG -DUSE_HAL_DRIVER -DSTM32G474xx -c -I../Core/Inc -I../Drivers/STM32G4xx_HAL_Driver/Inc -I../Drivers/STM32G4xx_HAL_Driver/Inc/Legacy -I../Drivers/CMSIS/Device/ST/STM32G4xx/Include -I../Drivers/CMSIS/Include -O0 -ffunction-sections -fdata-sections -Wall -fstack-usage -fcyclomatic-complexity -MMD -MP -MF"Core/Src/main.d" -MT"Core/Src/main.o" --specs=nano.specs -mfpu=fpv4-sp-d16 -mfloat-abi=hard -mthumb -o "Core/Src/main.o"
arm-none-eabi-gcc -o "lanternasemaforicaRTC.elf" @"objects.list"   -mcpu=cortex-m4 -T"C:\Users\frank\Documents\Uni\Embedded\project location\fsm\lanternasemaforicaRTC\lanternasemaforicaRTC\STM32G474RETX_FLASH.ld" --specs=nosys.specs -Wl,-Map="lanternasemaforicaRTC.map" -Wl,--gc-sections -static --specs=nano.specs -mfpu=fpv4-sp-d16 -mfloat-abi=hard -mthumb -Wl,--start-group -lc -lm -Wl,--end-group
Finished building target: lanternasemaforicaRTC.elf
 
arm-none-eabi-size  lanternasemaforicaRTC.elf 
arm-none-eabi-objdump -h -S lanternasemaforicaRTC.elf  > "lanternasemaforicaRTC.list"
   text	   data	    bss	    dec	    hex	filename
  19932	     12	   1876	  21820	   553c	lanternasemaforicaRTC.elf
Finished building: default.size.stdout
 
Finished building: lanternasemaforicaRTC.list
 
10:33:54 **** Incremental Build of configuration Debug for project lanternasemaforicaRTC ****
make -j14 all 
arm-none-eabi-gcc "../Core/Src/main.c" -mcpu=cortex-m4 -std=gnu11 -g3 -DDEBUG -DUSE_HAL_DRIVER -DSTM32G474xx -c -I../Core/Inc -I../Drivers/STM32G4xx_HAL_Driver/Inc -I../Drivers/STM32G4xx_HAL_Driver/Inc/Legacy -I../Drivers/CMSIS/Device/ST/STM32G4xx/Include -I../Drivers/CMSIS/Include -O0 -ffunction-sections -fdata-sections -Wall -fstack-usage -fcyclomatic-complexity -MMD -MP -MF"Core/Src/main.d" -MT"Core/Src/main.o" --specs=nano.specs -mfpu=fpv4-sp-d16 -mfloat-abi=hard -mthumb -o "Core/Src/main.o"
arm-none-eabi-gcc -o "lanternasemaforicaRTC.elf" @"objects.list"   -mcpu=cortex-m4 -T"C:\Users\frank\Documents\Uni\Embedded\project location\fsm\lanternasemaforicaRTC\lanternasemaforicaRTC\STM32G474RETX_FLASH.ld" --specs=nosys.specs -Wl,-Map="lanternasemaforicaRTC.map" -Wl,--gc-sections -static --specs=nano.specs -mfpu=fpv4-sp-d16 -mfloat-abi=hard -mthumb -Wl,--start-group -lc -lm -Wl,--end-group
Finished building target: lanternasemaforicaRTC.elf
 
arm-none-eabi-size  lanternasemaforicaRTC.elf 
arm-none-eabi-objdump -h -S lanternasemaforicaRTC.elf  > "lanternasemaforicaRTC.list"
   text	   data	    bss	    dec	    hex	filename
  19932	     12	   1876	  21820	   553c	lanternasemaforicaRTC.elf
Finished building: default.size.stdout
 
Finished building: lanternasemaforicaRTC.list
 
10:34:16 **** Incremental Build of configuration Debug for project lanternasemaforicaRTC ****
make -j14 all 
arm-none-eabi-gcc "../Core/Src/main.c" -mcpu=cortex-m4 -std=gnu11 -g3 -DDEBUG -DUSE_HAL_DRIVER -DSTM32G474xx -c -I../Core/Inc -I../Drivers/STM32G4xx_HAL_Driver/Inc -I../Drivers/STM32G4xx_HAL_Driver/Inc/Legacy -I../Drivers/CMSIS/Device/ST/STM32G4xx/Include -I../Drivers/CMSIS/Include -O0 -ffunction-sections -fdata-sections -Wall -fstack-usage -fcyclomatic-complexity -MMD -MP -MF"Core/Src/main.d" -MT"Core/Src/main.o" --specs=nano.specs -mfpu=fpv4-sp-d16 -mfloat-abi=hard -mthumb -o "Core/Src/main.o"
arm-none-eabi-gcc -o "lanternasemaforicaRTC.elf" @"objects.list"   -mcpu=cortex-m4 -T"C:\Users\frank\Documents\Uni\Embedded\project location\fsm\lanternasemaforicaRTC\lanternasemaforicaRTC\STM32G474RETX_FLASH.ld" --specs=nosys.specs -Wl,-Map="lanternasemaforicaRTC.map" -Wl,--gc-sections -static --specs=nano.specs -mfpu=fpv4-sp-d16 -mfloat-abi=hard -mthumb -Wl,--start-group -lc -lm -Wl,--end-group
Finished building target: lanternasemaforicaRTC.elf
 
arm-none-eabi-size  lanternasemaforicaRTC.elf 
arm-none-eabi-objdump -h -S lanternasemaforicaRTC.elf  > "lanternasemaforicaRTC.list"
   text	   data	    bss	    dec	    hex	filename
  19932	     12	   1876	  21820	   553c	lanternasemaforicaRTC.elf
Finished building: default.size.stdout
 
Finished building: lanternasemaforicaRTC.list
 
12:06:13 **** Incremental Build of configuration Debug for project lanternasemaforicaRTC ****
make -j14 all 
arm-none-eabi-gcc "../Core/Src/button.c" -mcpu=cortex-m4 -std=gnu11 -g3 -DDEBUG -DUSE_HAL_DRIVER -DSTM32G474xx -c -I../Core/Inc -I../Drivers/STM32G4xx_HAL_Driver/Inc -I../Drivers/STM32G4xx_HAL_Driver/Inc/Legacy -I../Drivers/CMSIS/Device/ST/STM32G4xx/Include -I../Drivers/CMSIS/Include -O0 -ffunction-sections -fdata-sections -Wall -fstack-usage -fcyclomatic-complexity -MMD -MP -MF"Core/Src/button.d" -MT"Core/Src/button.o" --specs=nano.specs -mfpu=fpv4-sp-d16 -mfloat-abi=hard -mthumb -o "Core/Src/button.o"
arm-none-eabi-gcc "../Core/Src/ds3231_for_stm32_hal.c" -mcpu=cortex-m4 -std=gnu11 -g3 -DDEBUG -DUSE_HAL_DRIVER -DSTM32G474xx -c -I../Core/Inc -I../Drivers/STM32G4xx_HAL_Driver/Inc -I../Drivers/STM32G4xx_HAL_Driver/Inc/Legacy -I../Drivers/CMSIS/Device/ST/STM32G4xx/Include -I../Drivers/CMSIS/Include -O0 -ffunction-sections -fdata-sections -Wall -fstack-usage -fcyclomatic-complexity -MMD -MP -MF"Core/Src/ds3231_for_stm32_hal.d" -MT"Core/Src/ds3231_for_stm32_hal.o" --specs=nano.specs -mfpu=fpv4-sp-d16 -mfloat-abi=hard -mthumb -o "Core/Src/ds3231_for_stm32_hal.o"
arm-none-eabi-gcc "../Core/Src/fsm_logic.c" -mcpu=cortex-m4 -std=gnu11 -g3 -DDEBUG -DUSE_HAL_DRIVER -DSTM32G474xx -c -I../Core/Inc -I../Drivers/STM32G4xx_HAL_Driver/Inc -I../Drivers/STM32G4xx_HAL_Driver/Inc/Legacy -I../Drivers/CMSIS/Device/ST/STM32G4xx/Include -I../Drivers/CMSIS/Include -O0 -ffunction-sections -fdata-sections -Wall -fstack-usage -fcyclomatic-complexity -MMD -MP -MF"Core/Src/fsm_logic.d" -MT"Core/Src/fsm_logic.o" --specs=nano.specs -mfpu=fpv4-sp-d16 -mfloat-abi=hard -mthumb -o "Core/Src/fsm_logic.o"
arm-none-eabi-gcc "../Core/Src/gpio.c" -mcpu=cortex-m4 -std=gnu11 -g3 -DDEBUG -DUSE_HAL_DRIVER -DSTM32G474xx -c -I../Core/Inc -I../Drivers/STM32G4xx_HAL_Driver/Inc -I../Drivers/STM32G4xx_HAL_Driver/Inc/Legacy -I../Drivers/CMSIS/Device/ST/STM32G4xx/Include -I../Drivers/CMSIS/Include -O0 -ffunction-sections -fdata-sections -Wall -fstack-usage -fcyclomatic-complexity -MMD -MP -MF"Core/Src/gpio.d" -MT"Core/Src/gpio.o" --specs=nano.specs -mfpu=fpv4-sp-d16 -mfloat-abi=hard -mthumb -o "Core/Src/gpio.o"
arm-none-eabi-gcc "../Core/Src/i2c.c" -mcpu=cortex-m4 -std=gnu11 -g3 -DDEBUG -DUSE_HAL_DRIVER -DSTM32G474xx -c -I../Core/Inc -I../Drivers/STM32G4xx_HAL_Driver/Inc -I../Drivers/STM32G4xx_HAL_Driver/Inc/Legacy -I../Drivers/CMSIS/Device/ST/STM32G4xx/Include -I../Drivers/CMSIS/Include -O0 -ffunction-sections -fdata-sections -Wall -fstack-usage -fcyclomatic-complexity -MMD -MP -MF"Core/Src/i2c.d" -MT"Core/Src/i2c.o" --specs=nano.specs -mfpu=fpv4-sp-d16 -mfloat-abi=hard -mthumb -o "Core/Src/i2c.o"
arm-none-eabi-gcc "../Core/Src/led.c" -mcpu=cortex-m4 -std=gnu11 -g3 -DDEBUG -DUSE_HAL_DRIVER -DSTM32G474xx -c -I../Core/Inc -I../Drivers/STM32G4xx_HAL_Driver/Inc -I../Drivers/STM32G4xx_HAL_Driver/Inc/Legacy -I../Drivers/CMSIS/Device/ST/STM32G4xx/Include -I../Drivers/CMSIS/Include -O0 -ffunction-sections -fdata-sections -Wall -fstack-usage -fcyclomatic-complexity -MMD -MP -MF"Core/Src/led.d" -MT"Core/Src/led.o" --specs=nano.specs -mfpu=fpv4-sp-d16 -mfloat-abi=hard -mthumb -o "Core/Src/led.o"
arm-none-eabi-gcc "../Core/Src/main.c" -mcpu=cortex-m4 -std=gnu11 -g3 -DDEBUG -DUSE_HAL_DRIVER -DSTM32G474xx -c -I../Core/Inc -I../Drivers/STM32G4xx_HAL_Driver/Inc -I../Drivers/STM32G4xx_HAL_Driver/Inc/Legacy -I../Drivers/CMSIS/Device/ST/STM32G4xx/Include -I../Drivers/CMSIS/Include -O0 -ffunction-sections -fdata-sections -Wall -fstack-usage -fcyclomatic-complexity -MMD -MP -MF"Core/Src/main.d" -MT"Core/Src/main.o" --specs=nano.specs -mfpu=fpv4-sp-d16 -mfloat-abi=hard -mthumb -o "Core/Src/main.o"
arm-none-eabi-gcc "../Core/Src/queue.c" -mcpu=cortex-m4 -std=gnu11 -g3 -DDEBUG -DUSE_HAL_DRIVER -DSTM32G474xx -c -I../Core/Inc -I../Drivers/STM32G4xx_HAL_Driver/Inc -I../Drivers/STM32G4xx_HAL_Driver/Inc/Legacy -I../Drivers/CMSIS/Device/ST/STM32G4xx/Include -I../Drivers/CMSIS/Include -O0 -ffunction-sections -fdata-sections -Wall -fstack-usage -fcyclomatic-complexity -MMD -MP -MF"Core/Src/queue.d" -MT"Core/Src/queue.o" --specs=nano.specs -mfpu=fpv4-sp-d16 -mfloat-abi=hard -mthumb -o "Core/Src/queue.o"
arm-none-eabi-gcc "../Core/Src/stm32g4xx_hal_msp.c" -mcpu=cortex-m4 -std=gnu11 -g3 -DDEBUG -DUSE_HAL_DRIVER -DSTM32G474xx -c -I../Core/Inc -I../Drivers/STM32G4xx_HAL_Driver/Inc -I../Drivers/STM32G4xx_HAL_Driver/Inc/Legacy -I../Drivers/CMSIS/Device/ST/STM32G4xx/Include -I../Drivers/CMSIS/Include -O0 -ffunction-sections -fdata-sections -Wall -fstack-usage -fcyclomatic-complexity -MMD -MP -MF"Core/Src/stm32g4xx_hal_msp.d" -MT"Core/Src/stm32g4xx_hal_msp.o" --specs=nano.specs -mfpu=fpv4-sp-d16 -mfloat-abi=hard -mthumb -o "Core/Src/stm32g4xx_hal_msp.o"
arm-none-eabi-gcc "../Core/Src/stm32g4xx_it.c" -mcpu=cortex-m4 -std=gnu11 -g3 -DDEBUG -DUSE_HAL_DRIVER -DSTM32G474xx -c -I../Core/Inc -I../Drivers/STM32G4xx_HAL_Driver/Inc -I../Drivers/STM32G4xx_HAL_Driver/Inc/Legacy -I../Drivers/CMSIS/Device/ST/STM32G4xx/Include -I../Drivers/CMSIS/Include -O0 -ffunction-sections -fdata-sections -Wall -fstack-usage -fcyclomatic-complexity -MMD -MP -MF"Core/Src/stm32g4xx_it.d" -MT"Core/Src/stm32g4xx_it.o" --specs=nano.specs -mfpu=fpv4-sp-d16 -mfloat-abi=hard -mthumb -o "Core/Src/stm32g4xx_it.o"
arm-none-eabi-gcc "../Core/Src/syscalls.c" -mcpu=cortex-m4 -std=gnu11 -g3 -DDEBUG -DUSE_HAL_DRIVER -DSTM32G474xx -c -I../Core/Inc -I../Drivers/STM32G4xx_HAL_Driver/Inc -I../Drivers/STM32G4xx_HAL_Driver/Inc/Legacy -I../Drivers/CMSIS/Device/ST/STM32G4xx/Include -I../Drivers/CMSIS/Include -O0 -ffunction-sections -fdata-sections -Wall -fstack-usage -fcyclomatic-complexity -MMD -MP -MF"Core/Src/syscalls.d" -MT"Core/Src/syscalls.o" --specs=nano.specs -mfpu=fpv4-sp-d16 -mfloat-abi=hard -mthumb -o "Core/Src/syscalls.o"
arm-none-eabi-gcc "../Core/Src/sysmem.c" -mcpu=cortex-m4 -std=gnu11 -g3 -DDEBUG -DUSE_HAL_DRIVER -DSTM32G474xx -c -I../Core/Inc -I../Drivers/STM32G4xx_HAL_Driver/Inc -I../Drivers/STM32G4xx_HAL_Driver/Inc/Legacy -I../Drivers/CMSIS/Device/ST/STM32G4xx/Include -I../Drivers/CMSIS/Include -O0 -ffunction-sections -fdata-sections -Wall -fstack-usage -fcyclomatic-complexity -MMD -MP -MF"Core/Src/sysmem.d" -MT"Core/Src/sysmem.o" --specs=nano.specs -mfpu=fpv4-sp-d16 -mfloat-abi=hard -mthumb -o "Core/Src/sysmem.o"
arm-none-eabi-gcc "../Core/Src/system_stm32g4xx.c" -mcpu=cortex-m4 -std=gnu11 -g3 -DDEBUG -DUSE_HAL_DRIVER -DSTM32G474xx -c -I../Core/Inc -I../Drivers/STM32G4xx_HAL_Driver/Inc -I../Drivers/STM32G4xx_HAL_Driver/Inc/Legacy -I../Drivers/CMSIS/Device/ST/STM32G4xx/Include -I../Drivers/CMSIS/Include -O0 -ffunction-sections -fdata-sections -Wall -fstack-usage -fcyclomatic-complexity -MMD -MP -MF"Core/Src/system_stm32g4xx.d" -MT"Core/Src/system_stm32g4xx.o" --specs=nano.specs -mfpu=fpv4-sp-d16 -mfloat-abi=hard -mthumb -o "Core/Src/system_stm32g4xx.o"
arm-none-eabi-gcc "../Core/Src/tim.c" -mcpu=cortex-m4 -std=gnu11 -g3 -DDEBUG -DUSE_HAL_DRIVER -DSTM32G474xx -c -I../Core/Inc -I../Drivers/STM32G4xx_HAL_Driver/Inc -I../Drivers/STM32G4xx_HAL_Driver/Inc/Legacy -I../Drivers/CMSIS/Device/ST/STM32G4xx/Include -I../Drivers/CMSIS/Include -O0 -ffunction-sections -fdata-sections -Wall -fstack-usage -fcyclomatic-complexity -MMD -MP -MF"Core/Src/tim.d" -MT"Core/Src/tim.o" --specs=nano.specs -mfpu=fpv4-sp-d16 -mfloat-abi=hard -mthumb -o "Core/Src/tim.o"
../Core/Src/main.c: In function 'main':
../Core/Src/main.c:96:3: error: implicit declaration of function 'DS3231_Init' [-Wimplicit-function-declaration]
   96 |   DS3231_Init(&hi2c1);
      |   ^~~~~~~~~~~
../Core/Src/main.c:98:3: error: implicit declaration of function 'DS3231_SetFullTime' [-Wimplicit-function-declaration]
   98 |   DS3231_SetFullTime(12, 30, 0);
      |   ^~~~~~~~~~~~~~~~~~
../Core/Src/fsm_logic.c: In function 'FSM_init':
../Core/Src/fsm_logic.c:109:17: error: implicit declaration of function 'printMessage' [-Wimplicit-function-declaration]
  109 |                 printMessage("Stato iniziale: Giallo lampeggiante\r\n");
      |                 ^~~~~~~~~~~~
../Core/Src/fsm_logic.c: At top level:
../Core/Src/fsm_logic.c:150:13: warning: conflicting types for 'printMessage'; have 'void(const char *)'
  150 | static void printMessage(const char* msg){
      |             ^~~~~~~~~~~~
../Core/Src/fsm_logic.c:150:13: error: static declaration of 'printMessage' follows non-static declaration
../Core/Src/fsm_logic.c:109:17: note: previous implicit declaration of 'printMessage' with type 'void(const char *)'
  109 |                 printMessage("Stato iniziale: Giallo lampeggiante\r\n");
      |                 ^~~~~~~~~~~~
../Core/Src/main.c:100:15: error: implicit declaration of function 'DS3231_GetHour' [-Wimplicit-function-declaration]
  100 |   uint8_t h = DS3231_GetHour();
      |               ^~~~~~~~~~~~~~
../Core/Src/fsm_logic.c: In function 'printMessage':
../Core/Src/fsm_logic.c:151:12: error: 'uart_tx_completed' undeclared (first use in this function)
  151 |         if(uart_tx_completed){
      |            ^~~~~~~~~~~~~~~~~
../Core/Src/fsm_logic.c:151:12: note: each undeclared identifier is reported only once for each function it appears in
../Core/Src/fsm_logic.c:154:39: error: 'hlpuart1' undeclared (first use in this function)
  154 |                 HAL_UART_Transmit_IT(&hlpuart1,(uint8_t*) msg , strlen(msg));
      |                                       ^~~~~~~~
../Core/Src/fsm_logic.c:154:65: error: implicit declaration of function 'strlen' [-Wimplicit-function-declaration]
  154 |                 HAL_UART_Transmit_IT(&hlpuart1,(uint8_t*) msg , strlen(msg));
      |                                                                 ^~~~~~
../Core/Src/fsm_logic.c:2:1: note: include '<string.h>' or provide a declaration of 'strlen'
    1 | #include "fsm_logic.h"
  +++ |+#include <string.h>
    2 | #define DEFAULT_BUTTON_DELAY            (100) //delay del bottone per evitare il bounce
../Core/Src/fsm_logic.c:154:65: warning: incompatible implicit declaration of built-in function 'strlen' [-Wbuiltin-declaration-mismatch]
  154 |                 HAL_UART_Transmit_IT(&hlpuart1,(uint8_t*) msg , strlen(msg));
      |                                                                 ^~~~~~
../Core/Src/fsm_logic.c:154:65: note: include '<string.h>' or provide a declaration of 'strlen'
../Core/Src/fsm_logic.c: In function 'HAL_GPIO_EXTI_Callback':
../Core/Src/fsm_logic.c:391:25: error: 'ALARM_INT_Pin' undeclared (first use in this function); did you mean 'ALLARM_INT_Pin'?
  391 |         if( GPIO_Pin == ALARM_INT_Pin) {
      |                         ^~~~~~~~~~~~~
      |                         ALLARM_INT_Pin
../Core/Src/main.c:101:15: error: implicit declaration of function 'DS3231_GetMinute' [-Wimplicit-function-declaration]
  101 |   uint8_t m = DS3231_GetMinute();
      |               ^~~~~~~~~~~~~~~~
../Core/Src/fsm_logic.c:395:17: error: implicit declaration of function 'DS3231_ClearAlarm1Flag' [-Wimplicit-function-declaration]
  395 |                 DS3231_ClearAlarm1Flag(); //venerdi 10:45 attiva il semaforo
      |                 ^~~~~~~~~~~~~~~~~~~~~~
../Core/Src/main.c:102:15: error: implicit declaration of function 'DS3231_GetSecond' [-Wimplicit-function-declaration]
  102 |   uint8_t s = DS3231_GetSecond();
      |               ^~~~~~~~~~~~~~~~
../Core/Src/main.c:102:11: warning: unused variable 's' [-Wunused-variable]
  102 |   uint8_t s = DS3231_GetSecond();
      |           ^
../Core/Src/main.c:101:11: warning: unused variable 'm' [-Wunused-variable]
  101 |   uint8_t m = DS3231_GetMinute();
      |           ^
../Core/Src/main.c:100:11: warning: unused variable 'h' [-Wunused-variable]
  100 |   uint8_t h = DS3231_GetHour();
      |           ^
make: *** [Core/Src/subdir.mk:64: Core/Src/main.o] Error 1
make: *** Waiting for unfinished jobs....
../Core/Src/fsm_logic.c:396:17: error: implicit declaration of function 'DS3231_ClearAlarm2Flag' [-Wimplicit-function-declaration]
  396 |                 DS3231_ClearAlarm2Flag(); //venerdi 10:48 disattiva il semaforo
      |                 ^~~~~~~~~~~~~~~~~~~~~~
make: *** [Core/Src/subdir.mk:64: Core/Src/fsm_logic.o] Error 1
"make -j14 all" terminated with exit code 2. Build might be incomplete.
12:06:47 **** Incremental Build of configuration Debug for project lanternasemaforicaRTC ****
make -j14 all 
arm-none-eabi-gcc "../Core/Src/fsm_logic.c" -mcpu=cortex-m4 -std=gnu11 -g3 -DDEBUG -DUSE_HAL_DRIVER -DSTM32G474xx -c -I../Core/Inc -I../Drivers/STM32G4xx_HAL_Driver/Inc -I../Drivers/STM32G4xx_HAL_Driver/Inc/Legacy -I../Drivers/CMSIS/Device/ST/STM32G4xx/Include -I../Drivers/CMSIS/Include -O0 -ffunction-sections -fdata-sections -Wall -fstack-usage -fcyclomatic-complexity -MMD -MP -MF"Core/Src/fsm_logic.d" -MT"Core/Src/fsm_logic.o" --specs=nano.specs -mfpu=fpv4-sp-d16 -mfloat-abi=hard -mthumb -o "Core/Src/fsm_logic.o"
arm-none-eabi-gcc "../Core/Src/main.c" -mcpu=cortex-m4 -std=gnu11 -g3 -DDEBUG -DUSE_HAL_DRIVER -DSTM32G474xx -c -I../Core/Inc -I../Drivers/STM32G4xx_HAL_Driver/Inc -I../Drivers/STM32G4xx_HAL_Driver/Inc/Legacy -I../Drivers/CMSIS/Device/ST/STM32G4xx/Include -I../Drivers/CMSIS/Include -O0 -ffunction-sections -fdata-sections -Wall -fstack-usage -fcyclomatic-complexity -MMD -MP -MF"Core/Src/main.d" -MT"Core/Src/main.o" --specs=nano.specs -mfpu=fpv4-sp-d16 -mfloat-abi=hard -mthumb -o "Core/Src/main.o"
arm-none-eabi-gcc "../Core/Src/timer.c" -mcpu=cortex-m4 -std=gnu11 -g3 -DDEBUG -DUSE_HAL_DRIVER -DSTM32G474xx -c -I../Core/Inc -I../Drivers/STM32G4xx_HAL_Driver/Inc -I../Drivers/STM32G4xx_HAL_Driver/Inc/Legacy -I../Drivers/CMSIS/Device/ST/STM32G4xx/Include -I../Drivers/CMSIS/Include -O0 -ffunction-sections -fdata-sections -Wall -fstack-usage -fcyclomatic-complexity -MMD -MP -MF"Core/Src/timer.d" -MT"Core/Src/timer.o" --specs=nano.specs -mfpu=fpv4-sp-d16 -mfloat-abi=hard -mthumb -o "Core/Src/timer.o"
arm-none-eabi-gcc "../Core/Src/usart.c" -mcpu=cortex-m4 -std=gnu11 -g3 -DDEBUG -DUSE_HAL_DRIVER -DSTM32G474xx -c -I../Core/Inc -I../Drivers/STM32G4xx_HAL_Driver/Inc -I../Drivers/STM32G4xx_HAL_Driver/Inc/Legacy -I../Drivers/CMSIS/Device/ST/STM32G4xx/Include -I../Drivers/CMSIS/Include -O0 -ffunction-sections -fdata-sections -Wall -fstack-usage -fcyclomatic-complexity -MMD -MP -MF"Core/Src/usart.d" -MT"Core/Src/usart.o" --specs=nano.specs -mfpu=fpv4-sp-d16 -mfloat-abi=hard -mthumb -o "Core/Src/usart.o"
../Core/Src/main.c:32:10: fatal error: ds3231.h: No such file or directory
   32 | #include "ds3231.h"
      |          ^~~~~~~~~~
compilation terminated.
../Core/Src/fsm_logic.c: In function 'FSM_init':
../Core/Src/fsm_logic.c:109:17: error: implicit declaration of function 'printMessage' [-Wimplicit-function-declaration]
  109 |                 printMessage("Stato iniziale: Giallo lampeggiante\r\n");
      |                 ^~~~~~~~~~~~
../Core/Src/fsm_logic.c: At top level:
../Core/Src/fsm_logic.c:150:13: warning: conflicting types for 'printMessage'; have 'void(const char *)'
  150 | static void printMessage(const char* msg){
      |             ^~~~~~~~~~~~
../Core/Src/fsm_logic.c:150:13: error: static declaration of 'printMessage' follows non-static declaration
../Core/Src/fsm_logic.c:109:17: note: previous implicit declaration of 'printMessage' with type 'void(const char *)'
  109 |                 printMessage("Stato iniziale: Giallo lampeggiante\r\n");
      |                 ^~~~~~~~~~~~
make: *** [Core/Src/subdir.mk:64: Core/Src/main.o] Error 1
make: *** Waiting for unfinished jobs....
../Core/Src/fsm_logic.c: In function 'printMessage':
../Core/Src/fsm_logic.c:151:12: error: 'uart_tx_completed' undeclared (first use in this function)
  151 |         if(uart_tx_completed){
      |            ^~~~~~~~~~~~~~~~~
../Core/Src/fsm_logic.c:151:12: note: each undeclared identifier is reported only once for each function it appears in
../Core/Src/fsm_logic.c:154:39: error: 'hlpuart1' undeclared (first use in this function)
  154 |                 HAL_UART_Transmit_IT(&hlpuart1,(uint8_t*) msg , strlen(msg));
      |                                       ^~~~~~~~
../Core/Src/fsm_logic.c:154:65: error: implicit declaration of function 'strlen' [-Wimplicit-function-declaration]
  154 |                 HAL_UART_Transmit_IT(&hlpuart1,(uint8_t*) msg , strlen(msg));
      |                                                                 ^~~~~~
../Core/Src/fsm_logic.c:2:1: note: include '<string.h>' or provide a declaration of 'strlen'
    1 | #include "fsm_logic.h"
  +++ |+#include <string.h>
    2 | #define DEFAULT_BUTTON_DELAY            (100) //delay del bottone per evitare il bounce
../Core/Src/fsm_logic.c:154:65: warning: incompatible implicit declaration of built-in function 'strlen' [-Wbuiltin-declaration-mismatch]
  154 |                 HAL_UART_Transmit_IT(&hlpuart1,(uint8_t*) msg , strlen(msg));
      |                                                                 ^~~~~~
../Core/Src/fsm_logic.c:154:65: note: include '<string.h>' or provide a declaration of 'strlen'
../Core/Src/fsm_logic.c: In function 'HAL_GPIO_EXTI_Callback':
../Core/Src/fsm_logic.c:391:25: error: 'ALARM_INT_Pin' undeclared (first use in this function); did you mean 'ALLARM_INT_Pin'?
  391 |         if( GPIO_Pin == ALARM_INT_Pin) {
      |                         ^~~~~~~~~~~~~
      |                         ALLARM_INT_Pin
../Core/Src/fsm_logic.c:395:17: error: implicit declaration of function 'DS3231_ClearAlarm1Flag' [-Wimplicit-function-declaration]
  395 |                 DS3231_ClearAlarm1Flag(); //venerdi 10:45 attiva il semaforo
      |                 ^~~~~~~~~~~~~~~~~~~~~~
../Core/Src/fsm_logic.c:396:17: error: implicit declaration of function 'DS3231_ClearAlarm2Flag' [-Wimplicit-function-declaration]
  396 |                 DS3231_ClearAlarm2Flag(); //venerdi 10:48 disattiva il semaforo
      |                 ^~~~~~~~~~~~~~~~~~~~~~
make: *** [Core/Src/subdir.mk:64: Core/Src/fsm_logic.o] Error 1
"make -j14 all" terminated with exit code 2. Build might be incomplete.
12:07:54 **** Incremental Build of configuration Debug for project lanternasemaforicaRTC ****
make -j14 all 
arm-none-eabi-gcc "../Core/Src/fsm_logic.c" -mcpu=cortex-m4 -std=gnu11 -g3 -DDEBUG -DUSE_HAL_DRIVER -DSTM32G474xx -c -I../Core/Inc -I../Drivers/STM32G4xx_HAL_Driver/Inc -I../Drivers/STM32G4xx_HAL_Driver/Inc/Legacy -I../Drivers/CMSIS/Device/ST/STM32G4xx/Include -I../Drivers/CMSIS/Include -O0 -ffunction-sections -fdata-sections -Wall -fstack-usage -fcyclomatic-complexity -MMD -MP -MF"Core/Src/fsm_logic.d" -MT"Core/Src/fsm_logic.o" --specs=nano.specs -mfpu=fpv4-sp-d16 -mfloat-abi=hard -mthumb -o "Core/Src/fsm_logic.o"
arm-none-eabi-gcc "../Core/Src/main.c" -mcpu=cortex-m4 -std=gnu11 -g3 -DDEBUG -DUSE_HAL_DRIVER -DSTM32G474xx -c -I../Core/Inc -I../Drivers/STM32G4xx_HAL_Driver/Inc -I../Drivers/STM32G4xx_HAL_Driver/Inc/Legacy -I../Drivers/CMSIS/Device/ST/STM32G4xx/Include -I../Drivers/CMSIS/Include -O0 -ffunction-sections -fdata-sections -Wall -fstack-usage -fcyclomatic-complexity -MMD -MP -MF"Core/Src/main.d" -MT"Core/Src/main.o" --specs=nano.specs -mfpu=fpv4-sp-d16 -mfloat-abi=hard -mthumb -o "Core/Src/main.o"
../Core/Src/main.c: In function 'main':
../Core/Src/main.c:104:11: warning: unused variable 's' [-Wunused-variable]
  104 |   uint8_t s = DS3231_GetSecond();
      |           ^
../Core/Src/main.c:103:11: warning: unused variable 'm' [-Wunused-variable]
  103 |   uint8_t m = DS3231_GetMinute();
      |           ^
../Core/Src/main.c:102:11: warning: unused variable 'h' [-Wunused-variable]
  102 |   uint8_t h = DS3231_GetHour();
      |           ^
../Core/Src/fsm_logic.c: In function 'FSM_init':
../Core/Src/fsm_logic.c:112:17: error: implicit declaration of function 'printMessage' [-Wimplicit-function-declaration]
  112 |                 printMessage("Stato iniziale: Giallo lampeggiante\r\n");
      |                 ^~~~~~~~~~~~
../Core/Src/fsm_logic.c: At top level:
../Core/Src/fsm_logic.c:153:13: warning: conflicting types for 'printMessage'; have 'void(const char *)'
  153 | static void printMessage(const char* msg){
      |             ^~~~~~~~~~~~
../Core/Src/fsm_logic.c:153:13: error: static declaration of 'printMessage' follows non-static declaration
../Core/Src/fsm_logic.c:112:17: note: previous implicit declaration of 'printMessage' with type 'void(const char *)'
  112 |                 printMessage("Stato iniziale: Giallo lampeggiante\r\n");
      |                 ^~~~~~~~~~~~
../Core/Src/fsm_logic.c: In function 'printMessage':
../Core/Src/fsm_logic.c:154:12: error: 'uart_tx_completed' undeclared (first use in this function)
  154 |         if(uart_tx_completed){
      |            ^~~~~~~~~~~~~~~~~
../Core/Src/fsm_logic.c:154:12: note: each undeclared identifier is reported only once for each function it appears in
../Core/Src/fsm_logic.c: In function 'HAL_GPIO_EXTI_Callback':
../Core/Src/fsm_logic.c:394:25: error: 'ALARM_INT_Pin' undeclared (first use in this function); did you mean 'ALLARM_INT_Pin'?
  394 |         if( GPIO_Pin == ALARM_INT_Pin) {
      |                         ^~~~~~~~~~~~~
      |                         ALLARM_INT_Pin
make: *** [Core/Src/subdir.mk:64: Core/Src/fsm_logic.o] Error 1
make: *** Waiting for unfinished jobs....
"make -j14 all" terminated with exit code 2. Build might be incomplete.
12:08:25 **** Incremental Build of configuration Debug for project lanternasemaforicaRTC ****
make -j14 all 
arm-none-eabi-gcc "../Core/Src/fsm_logic.c" -mcpu=cortex-m4 -std=gnu11 -g3 -DDEBUG -DUSE_HAL_DRIVER -DSTM32G474xx -c -I../Core/Inc -I../Drivers/STM32G4xx_HAL_Driver/Inc -I../Drivers/STM32G4xx_HAL_Driver/Inc/Legacy -I../Drivers/CMSIS/Device/ST/STM32G4xx/Include -I../Drivers/CMSIS/Include -O0 -ffunction-sections -fdata-sections -Wall -fstack-usage -fcyclomatic-complexity -MMD -MP -MF"Core/Src/fsm_logic.d" -MT"Core/Src/fsm_logic.o" --specs=nano.specs -mfpu=fpv4-sp-d16 -mfloat-abi=hard -mthumb -o "Core/Src/fsm_logic.o"
arm-none-eabi-gcc "../Core/Src/main.c" -mcpu=cortex-m4 -std=gnu11 -g3 -DDEBUG -DUSE_HAL_DRIVER -DSTM32G474xx -c -I../Core/Inc -I../Drivers/STM32G4xx_HAL_Driver/Inc -I../Drivers/STM32G4xx_HAL_Driver/Inc/Legacy -I../Drivers/CMSIS/Device/ST/STM32G4xx/Include -I../Drivers/CMSIS/Include -O0 -ffunction-sections -fdata-sections -Wall -fstack-usage -fcyclomatic-complexity -MMD -MP -MF"Core/Src/main.d" -MT"Core/Src/main.o" --specs=nano.specs -mfpu=fpv4-sp-d16 -mfloat-abi=hard -mthumb -o "Core/Src/main.o"
../Core/Src/fsm_logic.c: In function 'FSM_init':
../Core/Src/fsm_logic.c:112:17: error: implicit declaration of function 'printMessage' [-Wimplicit-function-declaration]
  112 |                 printMessage("Stato iniziale: Giallo lampeggiante\r\n");
      |                 ^~~~~~~~~~~~
../Core/Src/fsm_logic.c: At top level:
../Core/Src/fsm_logic.c:153:13: warning: conflicting types for 'printMessage'; have 'void(const char *)'
  153 | static void printMessage(const char* msg){
      |             ^~~~~~~~~~~~
../Core/Src/fsm_logic.c:153:13: error: static declaration of 'printMessage' follows non-static declaration
../Core/Src/fsm_logic.c:112:17: note: previous implicit declaration of 'printMessage' with type 'void(const char *)'
  112 |                 printMessage("Stato iniziale: Giallo lampeggiante\r\n");
      |                 ^~~~~~~~~~~~
../Core/Src/fsm_logic.c: In function 'printMessage':
../Core/Src/fsm_logic.c:154:12: error: 'uart_tx_completed' undeclared (first use in this function)
  154 |         if(uart_tx_completed){
      |            ^~~~~~~~~~~~~~~~~
../Core/Src/fsm_logic.c:154:12: note: each undeclared identifier is reported only once for each function it appears in
../Core/Src/fsm_logic.c: In function 'HAL_GPIO_EXTI_Callback':
../Core/Src/fsm_logic.c:394:25: error: 'ALARM_INT_Pin' undeclared (first use in this function); did you mean 'ALLARM_INT_Pin'?
  394 |         if( GPIO_Pin == ALARM_INT_Pin) {
      |                         ^~~~~~~~~~~~~
      |                         ALLARM_INT_Pin
make: *** [Core/Src/subdir.mk:64: Core/Src/fsm_logic.o] Error 1
make: *** Waiting for unfinished jobs....
"make -j14 all" terminated with exit code 2. Build might be incomplete.
12:09:28 **** Incremental Build of configuration Debug for project lanternasemaforicaRTC ****
make -j14 all 
arm-none-eabi-gcc "../Core/Src/fsm_logic.c" -mcpu=cortex-m4 -std=gnu11 -g3 -DDEBUG -DUSE_HAL_DRIVER -DSTM32G474xx -c -I../Core/Inc -I../Drivers/STM32G4xx_HAL_Driver/Inc -I../Drivers/STM32G4xx_HAL_Driver/Inc/Legacy -I../Drivers/CMSIS/Device/ST/STM32G4xx/Include -I../Drivers/CMSIS/Include -O0 -ffunction-sections -fdata-sections -Wall -fstack-usage -fcyclomatic-complexity -MMD -MP -MF"Core/Src/fsm_logic.d" -MT"Core/Src/fsm_logic.o" --specs=nano.specs -mfpu=fpv4-sp-d16 -mfloat-abi=hard -mthumb -o "Core/Src/fsm_logic.o"
../Core/Src/fsm_logic.c: In function 'HAL_GPIO_EXTI_Callback':
../Core/Src/fsm_logic.c:395:25: error: 'ALARM_INT_Pin' undeclared (first use in this function); did you mean 'ALLARM_INT_Pin'?
  395 |         if( GPIO_Pin == ALARM_INT_Pin) {
      |                         ^~~~~~~~~~~~~
      |                         ALLARM_INT_Pin
../Core/Src/fsm_logic.c:395:25: note: each undeclared identifier is reported only once for each function it appears in
make: *** [Core/Src/subdir.mk:64: Core/Src/fsm_logic.o] Error 1
"make -j14 all" terminated with exit code 2. Build might be incomplete.
12:09:44 **** Incremental Build of configuration Debug for project lanternasemaforicaRTC ****
make -j14 all 
arm-none-eabi-gcc "../Core/Src/fsm_logic.c" -mcpu=cortex-m4 -std=gnu11 -g3 -DDEBUG -DUSE_HAL_DRIVER -DSTM32G474xx -c -I../Core/Inc -I../Drivers/STM32G4xx_HAL_Driver/Inc -I../Drivers/STM32G4xx_HAL_Driver/Inc/Legacy -I../Drivers/CMSIS/Device/ST/STM32G4xx/Include -I../Drivers/CMSIS/Include -O0 -ffunction-sections -fdata-sections -Wall -fstack-usage -fcyclomatic-complexity -MMD -MP -MF"Core/Src/fsm_logic.d" -MT"Core/Src/fsm_logic.o" --specs=nano.specs -mfpu=fpv4-sp-d16 -mfloat-abi=hard -mthumb -o "Core/Src/fsm_logic.o"
arm-none-eabi-gcc -o "lanternasemaforicaRTC.elf" @"objects.list"   -mcpu=cortex-m4 -T"C:\Users\frank\Documents\Uni\Embedded\project location\fsm\lanternasemaforicaRTC\lanternasemaforicaRTC\STM32G474RETX_FLASH.ld" --specs=nosys.specs -Wl,-Map="lanternasemaforicaRTC.map" -Wl,--gc-sections -static --specs=nano.specs -mfpu=fpv4-sp-d16 -mfloat-abi=hard -mthumb -Wl,--start-group -lc -lm -Wl,--end-group
Finished building target: lanternasemaforicaRTC.elf
 
arm-none-eabi-size  lanternasemaforicaRTC.elf 
arm-none-eabi-objdump -h -S lanternasemaforicaRTC.elf  > "lanternasemaforicaRTC.list"
   text	   data	    bss	    dec	    hex	filename
  19724	     12	   1916	  21652	   5494	lanternasemaforicaRTC.elf
Finished building: default.size.stdout
 
Finished building: lanternasemaforicaRTC.list
 
12:15:51 **** Incremental Build of configuration Debug for project lanternasemaforicaRTC ****
make -j14 all 
arm-none-eabi-gcc "../Core/Src/main.c" -mcpu=cortex-m4 -std=gnu11 -g3 -DDEBUG -DUSE_HAL_DRIVER -DSTM32G474xx -c -I../Core/Inc -I../Drivers/STM32G4xx_HAL_Driver/Inc -I../Drivers/STM32G4xx_HAL_Driver/Inc/Legacy -I../Drivers/CMSIS/Device/ST/STM32G4xx/Include -I../Drivers/CMSIS/Include -O0 -ffunction-sections -fdata-sections -Wall -fstack-usage -fcyclomatic-complexity -MMD -MP -MF"Core/Src/main.d" -MT"Core/Src/main.o" --specs=nano.specs -mfpu=fpv4-sp-d16 -mfloat-abi=hard -mthumb -o "Core/Src/main.o"
../Core/Src/main.c: In function 'main':
../Core/Src/main.c:78:12: warning: unused variable 'button' [-Wunused-variable]
   78 |   button_t button;
      |            ^~~~~~
../Core/Src/main.c:77:11: warning: unused variable 'timer' [-Wunused-variable]
   77 |   timer_t timer;
      |           ^~~~~
../Core/Src/main.c:76:9: warning: unused variable 'red' [-Wunused-variable]
   76 |   led_t red;
      |         ^~~
../Core/Src/main.c:75:9: warning: unused variable 'yellow' [-Wunused-variable]
   75 |   led_t yellow;
      |         ^~~~~~
../Core/Src/main.c:74:9: warning: unused variable 'green' [-Wunused-variable]
   74 |   led_t green;
      |         ^~~~~
arm-none-eabi-gcc -o "lanternasemaforicaRTC.elf" @"objects.list"   -mcpu=cortex-m4 -T"C:\Users\frank\Documents\Uni\Embedded\project location\fsm\lanternasemaforicaRTC\lanternasemaforicaRTC\STM32G474RETX_FLASH.ld" --specs=nosys.specs -Wl,-Map="lanternasemaforicaRTC.map" -Wl,--gc-sections -static --specs=nano.specs -mfpu=fpv4-sp-d16 -mfloat-abi=hard -mthumb -Wl,--start-group -lc -lm -Wl,--end-group
Finished building target: lanternasemaforicaRTC.elf
 
arm-none-eabi-size  lanternasemaforicaRTC.elf 
arm-none-eabi-objdump -h -S lanternasemaforicaRTC.elf  > "lanternasemaforicaRTC.list"
   text	   data	    bss	    dec	    hex	filename
  21536	     12	   1916	  23464	   5ba8	lanternasemaforicaRTC.elf
Finished building: default.size.stdout
 
Finished building: lanternasemaforicaRTC.list
 
12:16:34 **** Incremental Build of configuration Debug for project lanternasemaforicaRTC ****
make -j14 all 
arm-none-eabi-size  lanternasemaforicaRTC.elf 
   text	   data	    bss	    dec	    hex	filename
  21536	     12	   1916	  23464	   5ba8	lanternasemaforicaRTC.elf
Finished building: default.size.stdout
 
12:19:58 **** Incremental Build of configuration Debug for project lanternasemaforicaRTC ****
make -j14 all 
arm-none-eabi-gcc "../Core/Src/fsm_logic.c" -mcpu=cortex-m4 -std=gnu11 -g3 -DDEBUG -DUSE_HAL_DRIVER -DSTM32G474xx -c -I../Core/Inc -I../Drivers/STM32G4xx_HAL_Driver/Inc -I../Drivers/STM32G4xx_HAL_Driver/Inc/Legacy -I../Drivers/CMSIS/Device/ST/STM32G4xx/Include -I../Drivers/CMSIS/Include -O0 -ffunction-sections -fdata-sections -Wall -fstack-usage -fcyclomatic-complexity -MMD -MP -MF"Core/Src/fsm_logic.d" -MT"Core/Src/fsm_logic.o" --specs=nano.specs -mfpu=fpv4-sp-d16 -mfloat-abi=hard -mthumb -o "Core/Src/fsm_logic.o"
arm-none-eabi-gcc "../Core/Src/main.c" -mcpu=cortex-m4 -std=gnu11 -g3 -DDEBUG -DUSE_HAL_DRIVER -DSTM32G474xx -c -I../Core/Inc -I../Drivers/STM32G4xx_HAL_Driver/Inc -I../Drivers/STM32G4xx_HAL_Driver/Inc/Legacy -I../Drivers/CMSIS/Device/ST/STM32G4xx/Include -I../Drivers/CMSIS/Include -O0 -ffunction-sections -fdata-sections -Wall -fstack-usage -fcyclomatic-complexity -MMD -MP -MF"Core/Src/main.d" -MT"Core/Src/main.o" --specs=nano.specs -mfpu=fpv4-sp-d16 -mfloat-abi=hard -mthumb -o "Core/Src/main.o"
../Core/Src/fsm_logic.c: In function 'FSM_read_inputs':
../Core/Src/fsm_logic.c:165:16: warning: unused variable 'res' [-Wunused-variable]
  165 |         int8_t res = FSM_ERR;
      |                ^~~
arm-none-eabi-gcc -o "lanternasemaforicaRTC.elf" @"objects.list"   -mcpu=cortex-m4 -T"C:\Users\frank\Documents\Uni\Embedded\project location\fsm\lanternasemaforicaRTC\lanternasemaforicaRTC\STM32G474RETX_FLASH.ld" --specs=nosys.specs -Wl,-Map="lanternasemaforicaRTC.map" -Wl,--gc-sections -static --specs=nano.specs -mfpu=fpv4-sp-d16 -mfloat-abi=hard -mthumb -Wl,--start-group -lc -lm -Wl,--end-group
Finished building target: lanternasemaforicaRTC.elf
 
arm-none-eabi-size  lanternasemaforicaRTC.elf 
arm-none-eabi-objdump -h -S lanternasemaforicaRTC.elf  > "lanternasemaforicaRTC.list"
   text	   data	    bss	    dec	    hex	filename
  25764	     12	   1916	  27692	   6c2c	lanternasemaforicaRTC.elf
Finished building: default.size.stdout
 
Finished building: lanternasemaforicaRTC.list
 
12:20:05 **** Incremental Build of configuration Debug for project lanternasemaforicaRTC ****
make -j14 all 
arm-none-eabi-size  lanternasemaforicaRTC.elf 
   text	   data	    bss	    dec	    hex	filename
  25764	     12	   1916	  27692	   6c2c	lanternasemaforicaRTC.elf
Finished building: default.size.stdout
 
12:20:10 **** Incremental Build of configuration Debug for project lanternasemaforicaRTC ****
make -j14 all 
arm-none-eabi-size  lanternasemaforicaRTC.elf 
   text	   data	    bss	    dec	    hex	filename
  25764	     12	   1916	  27692	   6c2c	lanternasemaforicaRTC.elf
Finished building: default.size.stdout
 
16:07:55 **** Incremental Build of configuration Debug for project lanternasemaforicaRTC ****
make -j14 all 
arm-none-eabi-gcc "../Core/Src/fsm_logic.c" -mcpu=cortex-m4 -std=gnu11 -g3 -DDEBUG -DUSE_HAL_DRIVER -DSTM32G474xx -c -I../Core/Inc -I../Drivers/STM32G4xx_HAL_Driver/Inc -I../Drivers/STM32G4xx_HAL_Driver/Inc/Legacy -I../Drivers/CMSIS/Device/ST/STM32G4xx/Include -I../Drivers/CMSIS/Include -O0 -ffunction-sections -fdata-sections -Wall -fstack-usage -fcyclomatic-complexity -MMD -MP -MF"Core/Src/fsm_logic.d" -MT"Core/Src/fsm_logic.o" --specs=nano.specs -mfpu=fpv4-sp-d16 -mfloat-abi=hard -mthumb -o "Core/Src/fsm_logic.o"
arm-none-eabi-gcc "../Core/Src/main.c" -mcpu=cortex-m4 -std=gnu11 -g3 -DDEBUG -DUSE_HAL_DRIVER -DSTM32G474xx -c -I../Core/Inc -I../Drivers/STM32G4xx_HAL_Driver/Inc -I../Drivers/STM32G4xx_HAL_Driver/Inc/Legacy -I../Drivers/CMSIS/Device/ST/STM32G4xx/Include -I../Drivers/CMSIS/Include -O0 -ffunction-sections -fdata-sections -Wall -fstack-usage -fcyclomatic-complexity -MMD -MP -MF"Core/Src/main.d" -MT"Core/Src/main.o" --specs=nano.specs -mfpu=fpv4-sp-d16 -mfloat-abi=hard -mthumb -o "Core/Src/main.o"
../Core/Src/fsm_logic.c: In function 'FSM_read_inputs':
../Core/Src/fsm_logic.c:165:16: warning: unused variable 'res' [-Wunused-variable]
  165 |         int8_t res = FSM_ERR;
      |                ^~~
../Core/Src/fsm_logic.c: In function 'FSM_inactive':
../Core/Src/fsm_logic.c:223:17: error: expected expression before '||' token
  223 |                 || led_on(fsm.green) != LED_OK || led_off(fsm.red) != LED_OK){
      |                 ^~
make: *** [Core/Src/subdir.mk:64: Core/Src/fsm_logic.o] Error 1
make: *** Waiting for unfinished jobs....
"make -j14 all" terminated with exit code 2. Build might be incomplete.
16:08:02 **** Incremental Build of configuration Debug for project lanternasemaforicaRTC ****
make -j14 all 
arm-none-eabi-gcc "../Core/Src/fsm_logic.c" -mcpu=cortex-m4 -std=gnu11 -g3 -DDEBUG -DUSE_HAL_DRIVER -DSTM32G474xx -c -I../Core/Inc -I../Drivers/STM32G4xx_HAL_Driver/Inc -I../Drivers/STM32G4xx_HAL_Driver/Inc/Legacy -I../Drivers/CMSIS/Device/ST/STM32G4xx/Include -I../Drivers/CMSIS/Include -O0 -ffunction-sections -fdata-sections -Wall -fstack-usage -fcyclomatic-complexity -MMD -MP -MF"Core/Src/fsm_logic.d" -MT"Core/Src/fsm_logic.o" --specs=nano.specs -mfpu=fpv4-sp-d16 -mfloat-abi=hard -mthumb -o "Core/Src/fsm_logic.o"
../Core/Src/fsm_logic.c: In function 'FSM_read_inputs':
../Core/Src/fsm_logic.c:165:16: warning: unused variable 'res' [-Wunused-variable]
  165 |         int8_t res = FSM_ERR;
      |                ^~~
../Core/Src/fsm_logic.c: In function 'FSM_inactive':
../Core/Src/fsm_logic.c:223:17: error: expected expression before '||' token
  223 |                 || led_on(fsm.green) != LED_OK || led_off(fsm.red) != LED_OK){
      |                 ^~
make: *** [Core/Src/subdir.mk:64: Core/Src/fsm_logic.o] Error 1
"make -j14 all" terminated with exit code 2. Build might be incomplete.
16:09:04 **** Incremental Build of configuration Debug for project lanternasemaforicaRTC ****
make -j14 all 
arm-none-eabi-gcc "../Core/Src/fsm_logic.c" -mcpu=cortex-m4 -std=gnu11 -g3 -DDEBUG -DUSE_HAL_DRIVER -DSTM32G474xx -c -I../Core/Inc -I../Drivers/STM32G4xx_HAL_Driver/Inc -I../Drivers/STM32G4xx_HAL_Driver/Inc/Legacy -I../Drivers/CMSIS/Device/ST/STM32G4xx/Include -I../Drivers/CMSIS/Include -O0 -ffunction-sections -fdata-sections -Wall -fstack-usage -fcyclomatic-complexity -MMD -MP -MF"Core/Src/fsm_logic.d" -MT"Core/Src/fsm_logic.o" --specs=nano.specs -mfpu=fpv4-sp-d16 -mfloat-abi=hard -mthumb -o "Core/Src/fsm_logic.o"
arm-none-eabi-gcc -o "lanternasemaforicaRTC.elf" @"objects.list"   -mcpu=cortex-m4 -T"C:\Users\frank\Documents\Uni\Embedded\project location\fsm\lanternasemaforicaRTC\lanternasemaforicaRTC\STM32G474RETX_FLASH.ld" --specs=nosys.specs -Wl,-Map="lanternasemaforicaRTC.map" -Wl,--gc-sections -static --specs=nano.specs -mfpu=fpv4-sp-d16 -mfloat-abi=hard -mthumb -Wl,--start-group -lc -lm -Wl,--end-group
Finished building target: lanternasemaforicaRTC.elf
 
arm-none-eabi-size  lanternasemaforicaRTC.elf 
arm-none-eabi-objdump -h -S lanternasemaforicaRTC.elf  > "lanternasemaforicaRTC.list"
   text	   data	    bss	    dec	    hex	filename
  25876	     12	   1916	  27804	   6c9c	lanternasemaforicaRTC.elf
Finished building: default.size.stdout
 
Finished building: lanternasemaforicaRTC.list
 
16:09:47 **** Incremental Build of configuration Debug for project lanternasemaforicaRTC ****
make -j14 all 
arm-none-eabi-size  lanternasemaforicaRTC.elf 
   text	   data	    bss	    dec	    hex	filename
  25876	     12	   1916	  27804	   6c9c	lanternasemaforicaRTC.elf
Finished building: default.size.stdout
 
16:12:12 **** Incremental Build of configuration Debug for project lanternasemaforicaRTC ****
make -j14 all 
arm-none-eabi-gcc "../Core/Src/fsm_logic.c" -mcpu=cortex-m4 -std=gnu11 -g3 -DDEBUG -DUSE_HAL_DRIVER -DSTM32G474xx -c -I../Core/Inc -I../Drivers/STM32G4xx_HAL_Driver/Inc -I../Drivers/STM32G4xx_HAL_Driver/Inc/Legacy -I../Drivers/CMSIS/Device/ST/STM32G4xx/Include -I../Drivers/CMSIS/Include -O0 -ffunction-sections -fdata-sections -Wall -fstack-usage -fcyclomatic-complexity -MMD -MP -MF"Core/Src/fsm_logic.d" -MT"Core/Src/fsm_logic.o" --specs=nano.specs -mfpu=fpv4-sp-d16 -mfloat-abi=hard -mthumb -o "Core/Src/fsm_logic.o"
arm-none-eabi-gcc -o "lanternasemaforicaRTC.elf" @"objects.list"   -mcpu=cortex-m4 -T"C:\Users\frank\Documents\Uni\Embedded\project location\fsm\lanternasemaforicaRTC\lanternasemaforicaRTC\STM32G474RETX_FLASH.ld" --specs=nosys.specs -Wl,-Map="lanternasemaforicaRTC.map" -Wl,--gc-sections -static --specs=nano.specs -mfpu=fpv4-sp-d16 -mfloat-abi=hard -mthumb -Wl,--start-group -lc -lm -Wl,--end-group
Finished building target: lanternasemaforicaRTC.elf
 
arm-none-eabi-size  lanternasemaforicaRTC.elf 
arm-none-eabi-objdump -h -S lanternasemaforicaRTC.elf  > "lanternasemaforicaRTC.list"
   text	   data	    bss	    dec	    hex	filename
  25876	     12	   1916	  27804	   6c9c	lanternasemaforicaRTC.elf
Finished building: default.size.stdout
 
Finished building: lanternasemaforicaRTC.list
 
16:14:55 **** Incremental Build of configuration Debug for project lanternasemaforicaRTC ****
make -j14 all 
arm-none-eabi-gcc "../Core/Src/fsm_logic.c" -mcpu=cortex-m4 -std=gnu11 -g3 -DDEBUG -DUSE_HAL_DRIVER -DSTM32G474xx -c -I../Core/Inc -I../Drivers/STM32G4xx_HAL_Driver/Inc -I../Drivers/STM32G4xx_HAL_Driver/Inc/Legacy -I../Drivers/CMSIS/Device/ST/STM32G4xx/Include -I../Drivers/CMSIS/Include -O0 -ffunction-sections -fdata-sections -Wall -fstack-usage -fcyclomatic-complexity -MMD -MP -MF"Core/Src/fsm_logic.d" -MT"Core/Src/fsm_logic.o" --specs=nano.specs -mfpu=fpv4-sp-d16 -mfloat-abi=hard -mthumb -o "Core/Src/fsm_logic.o"
arm-none-eabi-gcc -o "lanternasemaforicaRTC.elf" @"objects.list"   -mcpu=cortex-m4 -T"C:\Users\frank\Documents\Uni\Embedded\project location\fsm\lanternasemaforicaRTC\lanternasemaforicaRTC\STM32G474RETX_FLASH.ld" --specs=nosys.specs -Wl,-Map="lanternasemaforicaRTC.map" -Wl,--gc-sections -static --specs=nano.specs -mfpu=fpv4-sp-d16 -mfloat-abi=hard -mthumb -Wl,--start-group -lc -lm -Wl,--end-group
Finished building target: lanternasemaforicaRTC.elf
 
arm-none-eabi-size  lanternasemaforicaRTC.elf 
arm-none-eabi-objdump -h -S lanternasemaforicaRTC.elf  > "lanternasemaforicaRTC.list"
   text	   data	    bss	    dec	    hex	filename
  25888	     12	   1916	  27816	   6ca8	lanternasemaforicaRTC.elf
Finished building: default.size.stdout
 
Finished building: lanternasemaforicaRTC.list
 
16:15:39 **** Incremental Build of configuration Debug for project lanternasemaforicaRTC ****
make -j14 all 
arm-none-eabi-gcc "../Core/Src/fsm_logic.c" -mcpu=cortex-m4 -std=gnu11 -g3 -DDEBUG -DUSE_HAL_DRIVER -DSTM32G474xx -c -I../Core/Inc -I../Drivers/STM32G4xx_HAL_Driver/Inc -I../Drivers/STM32G4xx_HAL_Driver/Inc/Legacy -I../Drivers/CMSIS/Device/ST/STM32G4xx/Include -I../Drivers/CMSIS/Include -O0 -ffunction-sections -fdata-sections -Wall -fstack-usage -fcyclomatic-complexity -MMD -MP -MF"Core/Src/fsm_logic.d" -MT"Core/Src/fsm_logic.o" --specs=nano.specs -mfpu=fpv4-sp-d16 -mfloat-abi=hard -mthumb -o "Core/Src/fsm_logic.o"
../Core/Src/fsm_logic.c: In function 'FSM_read_inputs':
../Core/Src/fsm_logic.c:165:16: warning: unused variable 'res' [-Wunused-variable]
  165 |         int8_t res = FSM_ERR;
      |                ^~~
arm-none-eabi-gcc -o "lanternasemaforicaRTC.elf" @"objects.list"   -mcpu=cortex-m4 -T"C:\Users\frank\Documents\Uni\Embedded\project location\fsm\lanternasemaforicaRTC\lanternasemaforicaRTC\STM32G474RETX_FLASH.ld" --specs=nosys.specs -Wl,-Map="lanternasemaforicaRTC.map" -Wl,--gc-sections -static --specs=nano.specs -mfpu=fpv4-sp-d16 -mfloat-abi=hard -mthumb -Wl,--start-group -lc -lm -Wl,--end-group
Finished building target: lanternasemaforicaRTC.elf
 
arm-none-eabi-size  lanternasemaforicaRTC.elf 
arm-none-eabi-objdump -h -S lanternasemaforicaRTC.elf  > "lanternasemaforicaRTC.list"
   text	   data	    bss	    dec	    hex	filename
  25872	     12	   1916	  27800	   6c98	lanternasemaforicaRTC.elf
Finished building: default.size.stdout
 
Finished building: lanternasemaforicaRTC.list
 
18:20:17 **** Clean-only build of configuration Debug for project 11_LedButtonModules ****
make -j14 clean 
rm -rf ./Drivers/STM32G4xx_HAL_Driver/Src/stm32g4xx_hal.cyclo ./Drivers/STM32G4xx_HAL_Driver/Src/stm32g4xx_hal.d ./Drivers/STM32G4xx_HAL_Driver/Src/stm32g4xx_hal.o ./Drivers/STM32G4xx_HAL_Driver/Src/stm32g4xx_hal.su ./Drivers/STM32G4xx_HAL_Driver/Src/stm32g4xx_hal_cortex.cyclo ./Drivers/STM32G4xx_HAL_Driver/Src/stm32g4xx_hal_cortex.d ./Drivers/STM32G4xx_HAL_Driver/Src/stm32g4xx_hal_cortex.o ./Drivers/STM32G4xx_HAL_Driver/Src/stm32g4xx_hal_cortex.su ./Drivers/STM32G4xx_HAL_Driver/Src/stm32g4xx_hal_dma.cyclo ./Drivers/STM32G4xx_HAL_Driver/Src/stm32g4xx_hal_dma.d ./Drivers/STM32G4xx_HAL_Driver/Src/stm32g4xx_hal_dma.o ./Drivers/STM32G4xx_HAL_Driver/Src/stm32g4xx_hal_dma.su ./Drivers/STM32G4xx_HAL_Driver/Src/stm32g4xx_hal_dma_ex.cyclo ./Drivers/STM32G4xx_HAL_Driver/Src/stm32g4xx_hal_dma_ex.d ./Drivers/STM32G4xx_HAL_Driver/Src/stm32g4xx_hal_dma_ex.o ./Drivers/STM32G4xx_HAL_Driver/Src/stm32g4xx_hal_dma_ex.su ./Drivers/STM32G4xx_HAL_Driver/Src/stm32g4xx_hal_exti.cyclo ./Drivers/STM32G4xx_HAL_Driver/Src/stm32g4xx_hal_exti.d ./Drivers/STM32G4xx_HAL_Driver/Src/stm32g4xx_hal_exti.o ./Drivers/STM32G4xx_HAL_Driver/Src/stm32g4xx_hal_exti.su ./Drivers/STM32G4xx_HAL_Driver/Src/stm32g4xx_hal_flash.cyclo ./Drivers/STM32G4xx_HAL_Driver/Src/stm32g4xx_hal_flash.d ./Drivers/STM32G4xx_HAL_Driver/Src/stm32g4xx_hal_flash.o ./Drivers/STM32G4xx_HAL_Driver/Src/stm32g4xx_hal_flash.su ./Drivers/STM32G4xx_HAL_Driver/Src/stm32g4xx_hal_flash_ex.cyclo ./Drivers/STM32G4xx_HAL_Driver/Src/stm32g4xx_hal_flash_ex.d ./Drivers/STM32G4xx_HAL_Driver/Src/stm32g4xx_hal_flash_ex.o ./Drivers/STM32G4xx_HAL_Driver/Src/stm32g4xx_hal_flash_ex.su ./Drivers/STM32G4xx_HAL_Driver/Src/stm32g4xx_hal_flash_ramfunc.cyclo ./Drivers/STM32G4xx_HAL_Driver/Src/stm32g4xx_hal_flash_ramfunc.d ./Drivers/STM32G4xx_HAL_Driver/Src/stm32g4xx_hal_flash_ramfunc.o ./Drivers/STM32G4xx_HAL_Driver/Src/stm32g4xx_hal_flash_ramfunc.su ./Drivers/STM32G4xx_HAL_Driver/Src/stm32g4xx_hal_gpio.cyclo ./Drivers/STM32G4xx_HAL_Driver/Src/stm32g4xx_hal_gpio.d ./Drivers/STM32G4xx_HAL_Driver/Src/stm32g4xx_hal_gpio.o ./Drivers/STM32G4xx_HAL_Driver/Src/stm32g4xx_hal_gpio.su ./Drivers/STM32G4xx_HAL_Driver/Src/stm32g4xx_hal_pwr.cyclo ./Drivers/STM32G4xx_HAL_Driver/Src/stm32g4xx_hal_pwr.d ./Drivers/STM32G4xx_HAL_Driver/Src/stm32g4xx_hal_pwr.o ./Drivers/STM32G4xx_HAL_Driver/Src/stm32g4xx_hal_pwr.su ./Drivers/STM32G4xx_HAL_Driver/Src/stm32g4xx_hal_pwr_ex.cyclo ./Drivers/STM32G4xx_HAL_Driver/Src/stm32g4xx_hal_pwr_ex.d ./Drivers/STM32G4xx_HAL_Driver/Src/stm32g4xx_hal_pwr_ex.o ./Drivers/STM32G4xx_HAL_Driver/Src/stm32g4xx_hal_pwr_ex.su ./Drivers/STM32G4xx_HAL_Driver/Src/stm32g4xx_hal_rcc.cyclo ./Drivers/STM32G4xx_HAL_Driver/Src/stm32g4xx_hal_rcc.d ./Drivers/STM32G4xx_HAL_Driver/Src/stm32g4xx_hal_rcc.o ./Drivers/STM32G4xx_HAL_Driver/Src/stm32g4xx_hal_rcc.su ./Drivers/STM32G4xx_HAL_Driver/Src/stm32g4xx_hal_rcc_ex.cyclo ./Drivers/STM32G4xx_HAL_Driver/Src/stm32g4xx_hal_rcc_ex.d ./Drivers/STM32G4xx_HAL_Driver/Src/stm32g4xx_hal_rcc_ex.o ./Drivers/STM32G4xx_HAL_Driver/Src/stm32g4xx_hal_rcc_ex.su ./Drivers/STM32G4xx_HAL_Driver/Src/stm32g4xx_hal_tim.cyclo ./Drivers/STM32G4xx_HAL_Driver/Src/stm32g4xx_hal_tim.d ./Drivers/STM32G4xx_HAL_Driver/Src/stm32g4xx_hal_tim.o ./Drivers/STM32G4xx_HAL_Driver/Src/stm32g4xx_hal_tim.su ./Drivers/STM32G4xx_HAL_Driver/Src/stm32g4xx_hal_tim_ex.cyclo ./Drivers/STM32G4xx_HAL_Driver/Src/stm32g4xx_hal_tim_ex.d ./Drivers/STM32G4xx_HAL_Driver/Src/stm32g4xx_hal_tim_ex.o ./Drivers/STM32G4xx_HAL_Driver/Src/stm32g4xx_hal_tim_ex.su
rm -rf ./Core/Startup/startup_stm32g474retx.d ./Core/Startup/startup_stm32g474retx.o
rm -rf ./Core/Src/gpio.cyclo ./Core/Src/gpio.d ./Core/Src/gpio.o ./Core/Src/gpio.su ./Core/Src/led.cyclo ./Core/Src/led.d ./Core/Src/led.o ./Core/Src/led.su ./Core/Src/main.cyclo ./Core/Src/main.d ./Core/Src/main.o ./Core/Src/main.su ./Core/Src/stm32g4xx_hal_msp.cyclo ./Core/Src/stm32g4xx_hal_msp.d ./Core/Src/stm32g4xx_hal_msp.o ./Core/Src/stm32g4xx_hal_msp.su ./Core/Src/stm32g4xx_it.cyclo ./Core/Src/stm32g4xx_it.d ./Core/Src/stm32g4xx_it.o ./Core/Src/stm32g4xx_it.su ./Core/Src/syscalls.cyclo ./Core/Src/syscalls.d ./Core/Src/syscalls.o ./Core/Src/syscalls.su ./Core/Src/sysmem.cyclo ./Core/Src/sysmem.d ./Core/Src/sysmem.o ./Core/Src/sysmem.su ./Core/Src/system_stm32g4xx.cyclo ./Core/Src/system_stm32g4xx.d ./Core/Src/system_stm32g4xx.o ./Core/Src/system_stm32g4xx.su
rm -rf 11_LedButtonModules.elf 11_LedButtonModules.list 11_LedButtonModules.map default.size.stdout
 
18:20:17 **** Build of configuration Debug for project 11_LedButtonModules ****
make -j14 all 
arm-none-eabi-gcc "../Drivers/STM32G4xx_HAL_Driver/Src/stm32g4xx_hal.c" -mcpu=cortex-m4 -std=gnu11 -g3 -DDEBUG -DUSE_HAL_DRIVER -DSTM32G474xx -c -I../Core/Inc -I../Drivers/STM32G4xx_HAL_Driver/Inc -I../Drivers/STM32G4xx_HAL_Driver/Inc/Legacy -I../Drivers/CMSIS/Device/ST/STM32G4xx/Include -I../Drivers/CMSIS/Include -O0 -ffunction-sections -fdata-sections -Wall -fstack-usage -fcyclomatic-complexity -MMD -MP -MF"Drivers/STM32G4xx_HAL_Driver/Src/stm32g4xx_hal.d" -MT"Drivers/STM32G4xx_HAL_Driver/Src/stm32g4xx_hal.o" --specs=nano.specs -mfpu=fpv4-sp-d16 -mfloat-abi=hard -mthumb -o "Drivers/STM32G4xx_HAL_Driver/Src/stm32g4xx_hal.o"
arm-none-eabi-gcc "../Drivers/STM32G4xx_HAL_Driver/Src/stm32g4xx_hal_cortex.c" -mcpu=cortex-m4 -std=gnu11 -g3 -DDEBUG -DUSE_HAL_DRIVER -DSTM32G474xx -c -I../Core/Inc -I../Drivers/STM32G4xx_HAL_Driver/Inc -I../Drivers/STM32G4xx_HAL_Driver/Inc/Legacy -I../Drivers/CMSIS/Device/ST/STM32G4xx/Include -I../Drivers/CMSIS/Include -O0 -ffunction-sections -fdata-sections -Wall -fstack-usage -fcyclomatic-complexity -MMD -MP -MF"Drivers/STM32G4xx_HAL_Driver/Src/stm32g4xx_hal_cortex.d" -MT"Drivers/STM32G4xx_HAL_Driver/Src/stm32g4xx_hal_cortex.o" --specs=nano.specs -mfpu=fpv4-sp-d16 -mfloat-abi=hard -mthumb -o "Drivers/STM32G4xx_HAL_Driver/Src/stm32g4xx_hal_cortex.o"
arm-none-eabi-gcc "../Drivers/STM32G4xx_HAL_Driver/Src/stm32g4xx_hal_dma.c" -mcpu=cortex-m4 -std=gnu11 -g3 -DDEBUG -DUSE_HAL_DRIVER -DSTM32G474xx -c -I../Core/Inc -I../Drivers/STM32G4xx_HAL_Driver/Inc -I../Drivers/STM32G4xx_HAL_Driver/Inc/Legacy -I../Drivers/CMSIS/Device/ST/STM32G4xx/Include -I../Drivers/CMSIS/Include -O0 -ffunction-sections -fdata-sections -Wall -fstack-usage -fcyclomatic-complexity -MMD -MP -MF"Drivers/STM32G4xx_HAL_Driver/Src/stm32g4xx_hal_dma.d" -MT"Drivers/STM32G4xx_HAL_Driver/Src/stm32g4xx_hal_dma.o" --specs=nano.specs -mfpu=fpv4-sp-d16 -mfloat-abi=hard -mthumb -o "Drivers/STM32G4xx_HAL_Driver/Src/stm32g4xx_hal_dma.o"
arm-none-eabi-gcc "../Drivers/STM32G4xx_HAL_Driver/Src/stm32g4xx_hal_dma_ex.c" -mcpu=cortex-m4 -std=gnu11 -g3 -DDEBUG -DUSE_HAL_DRIVER -DSTM32G474xx -c -I../Core/Inc -I../Drivers/STM32G4xx_HAL_Driver/Inc -I../Drivers/STM32G4xx_HAL_Driver/Inc/Legacy -I../Drivers/CMSIS/Device/ST/STM32G4xx/Include -I../Drivers/CMSIS/Include -O0 -ffunction-sections -fdata-sections -Wall -fstack-usage -fcyclomatic-complexity -MMD -MP -MF"Drivers/STM32G4xx_HAL_Driver/Src/stm32g4xx_hal_dma_ex.d" -MT"Drivers/STM32G4xx_HAL_Driver/Src/stm32g4xx_hal_dma_ex.o" --specs=nano.specs -mfpu=fpv4-sp-d16 -mfloat-abi=hard -mthumb -o "Drivers/STM32G4xx_HAL_Driver/Src/stm32g4xx_hal_dma_ex.o"
arm-none-eabi-gcc "../Drivers/STM32G4xx_HAL_Driver/Src/stm32g4xx_hal_exti.c" -mcpu=cortex-m4 -std=gnu11 -g3 -DDEBUG -DUSE_HAL_DRIVER -DSTM32G474xx -c -I../Core/Inc -I../Drivers/STM32G4xx_HAL_Driver/Inc -I../Drivers/STM32G4xx_HAL_Driver/Inc/Legacy -I../Drivers/CMSIS/Device/ST/STM32G4xx/Include -I../Drivers/CMSIS/Include -O0 -ffunction-sections -fdata-sections -Wall -fstack-usage -fcyclomatic-complexity -MMD -MP -MF"Drivers/STM32G4xx_HAL_Driver/Src/stm32g4xx_hal_exti.d" -MT"Drivers/STM32G4xx_HAL_Driver/Src/stm32g4xx_hal_exti.o" --specs=nano.specs -mfpu=fpv4-sp-d16 -mfloat-abi=hard -mthumb -o "Drivers/STM32G4xx_HAL_Driver/Src/stm32g4xx_hal_exti.o"
arm-none-eabi-gcc "../Drivers/STM32G4xx_HAL_Driver/Src/stm32g4xx_hal_flash.c" -mcpu=cortex-m4 -std=gnu11 -g3 -DDEBUG -DUSE_HAL_DRIVER -DSTM32G474xx -c -I../Core/Inc -I../Drivers/STM32G4xx_HAL_Driver/Inc -I../Drivers/STM32G4xx_HAL_Driver/Inc/Legacy -I../Drivers/CMSIS/Device/ST/STM32G4xx/Include -I../Drivers/CMSIS/Include -O0 -ffunction-sections -fdata-sections -Wall -fstack-usage -fcyclomatic-complexity -MMD -MP -MF"Drivers/STM32G4xx_HAL_Driver/Src/stm32g4xx_hal_flash.d" -MT"Drivers/STM32G4xx_HAL_Driver/Src/stm32g4xx_hal_flash.o" --specs=nano.specs -mfpu=fpv4-sp-d16 -mfloat-abi=hard -mthumb -o "Drivers/STM32G4xx_HAL_Driver/Src/stm32g4xx_hal_flash.o"
arm-none-eabi-gcc "../Drivers/STM32G4xx_HAL_Driver/Src/stm32g4xx_hal_flash_ex.c" -mcpu=cortex-m4 -std=gnu11 -g3 -DDEBUG -DUSE_HAL_DRIVER -DSTM32G474xx -c -I../Core/Inc -I../Drivers/STM32G4xx_HAL_Driver/Inc -I../Drivers/STM32G4xx_HAL_Driver/Inc/Legacy -I../Drivers/CMSIS/Device/ST/STM32G4xx/Include -I../Drivers/CMSIS/Include -O0 -ffunction-sections -fdata-sections -Wall -fstack-usage -fcyclomatic-complexity -MMD -MP -MF"Drivers/STM32G4xx_HAL_Driver/Src/stm32g4xx_hal_flash_ex.d" -MT"Drivers/STM32G4xx_HAL_Driver/Src/stm32g4xx_hal_flash_ex.o" --specs=nano.specs -mfpu=fpv4-sp-d16 -mfloat-abi=hard -mthumb -o "Drivers/STM32G4xx_HAL_Driver/Src/stm32g4xx_hal_flash_ex.o"
arm-none-eabi-gcc "../Drivers/STM32G4xx_HAL_Driver/Src/stm32g4xx_hal_flash_ramfunc.c" -mcpu=cortex-m4 -std=gnu11 -g3 -DDEBUG -DUSE_HAL_DRIVER -DSTM32G474xx -c -I../Core/Inc -I../Drivers/STM32G4xx_HAL_Driver/Inc -I../Drivers/STM32G4xx_HAL_Driver/Inc/Legacy -I../Drivers/CMSIS/Device/ST/STM32G4xx/Include -I../Drivers/CMSIS/Include -O0 -ffunction-sections -fdata-sections -Wall -fstack-usage -fcyclomatic-complexity -MMD -MP -MF"Drivers/STM32G4xx_HAL_Driver/Src/stm32g4xx_hal_flash_ramfunc.d" -MT"Drivers/STM32G4xx_HAL_Driver/Src/stm32g4xx_hal_flash_ramfunc.o" --specs=nano.specs -mfpu=fpv4-sp-d16 -mfloat-abi=hard -mthumb -o "Drivers/STM32G4xx_HAL_Driver/Src/stm32g4xx_hal_flash_ramfunc.o"
arm-none-eabi-gcc "../Drivers/STM32G4xx_HAL_Driver/Src/stm32g4xx_hal_gpio.c" -mcpu=cortex-m4 -std=gnu11 -g3 -DDEBUG -DUSE_HAL_DRIVER -DSTM32G474xx -c -I../Core/Inc -I../Drivers/STM32G4xx_HAL_Driver/Inc -I../Drivers/STM32G4xx_HAL_Driver/Inc/Legacy -I../Drivers/CMSIS/Device/ST/STM32G4xx/Include -I../Drivers/CMSIS/Include -O0 -ffunction-sections -fdata-sections -Wall -fstack-usage -fcyclomatic-complexity -MMD -MP -MF"Drivers/STM32G4xx_HAL_Driver/Src/stm32g4xx_hal_gpio.d" -MT"Drivers/STM32G4xx_HAL_Driver/Src/stm32g4xx_hal_gpio.o" --specs=nano.specs -mfpu=fpv4-sp-d16 -mfloat-abi=hard -mthumb -o "Drivers/STM32G4xx_HAL_Driver/Src/stm32g4xx_hal_gpio.o"
arm-none-eabi-gcc "../Drivers/STM32G4xx_HAL_Driver/Src/stm32g4xx_hal_pwr.c" -mcpu=cortex-m4 -std=gnu11 -g3 -DDEBUG -DUSE_HAL_DRIVER -DSTM32G474xx -c -I../Core/Inc -I../Drivers/STM32G4xx_HAL_Driver/Inc -I../Drivers/STM32G4xx_HAL_Driver/Inc/Legacy -I../Drivers/CMSIS/Device/ST/STM32G4xx/Include -I../Drivers/CMSIS/Include -O0 -ffunction-sections -fdata-sections -Wall -fstack-usage -fcyclomatic-complexity -MMD -MP -MF"Drivers/STM32G4xx_HAL_Driver/Src/stm32g4xx_hal_pwr.d" -MT"Drivers/STM32G4xx_HAL_Driver/Src/stm32g4xx_hal_pwr.o" --specs=nano.specs -mfpu=fpv4-sp-d16 -mfloat-abi=hard -mthumb -o "Drivers/STM32G4xx_HAL_Driver/Src/stm32g4xx_hal_pwr.o"
arm-none-eabi-gcc "../Drivers/STM32G4xx_HAL_Driver/Src/stm32g4xx_hal_pwr_ex.c" -mcpu=cortex-m4 -std=gnu11 -g3 -DDEBUG -DUSE_HAL_DRIVER -DSTM32G474xx -c -I../Core/Inc -I../Drivers/STM32G4xx_HAL_Driver/Inc -I../Drivers/STM32G4xx_HAL_Driver/Inc/Legacy -I../Drivers/CMSIS/Device/ST/STM32G4xx/Include -I../Drivers/CMSIS/Include -O0 -ffunction-sections -fdata-sections -Wall -fstack-usage -fcyclomatic-complexity -MMD -MP -MF"Drivers/STM32G4xx_HAL_Driver/Src/stm32g4xx_hal_pwr_ex.d" -MT"Drivers/STM32G4xx_HAL_Driver/Src/stm32g4xx_hal_pwr_ex.o" --specs=nano.specs -mfpu=fpv4-sp-d16 -mfloat-abi=hard -mthumb -o "Drivers/STM32G4xx_HAL_Driver/Src/stm32g4xx_hal_pwr_ex.o"
arm-none-eabi-gcc "../Drivers/STM32G4xx_HAL_Driver/Src/stm32g4xx_hal_rcc.c" -mcpu=cortex-m4 -std=gnu11 -g3 -DDEBUG -DUSE_HAL_DRIVER -DSTM32G474xx -c -I../Core/Inc -I../Drivers/STM32G4xx_HAL_Driver/Inc -I../Drivers/STM32G4xx_HAL_Driver/Inc/Legacy -I../Drivers/CMSIS/Device/ST/STM32G4xx/Include -I../Drivers/CMSIS/Include -O0 -ffunction-sections -fdata-sections -Wall -fstack-usage -fcyclomatic-complexity -MMD -MP -MF"Drivers/STM32G4xx_HAL_Driver/Src/stm32g4xx_hal_rcc.d" -MT"Drivers/STM32G4xx_HAL_Driver/Src/stm32g4xx_hal_rcc.o" --specs=nano.specs -mfpu=fpv4-sp-d16 -mfloat-abi=hard -mthumb -o "Drivers/STM32G4xx_HAL_Driver/Src/stm32g4xx_hal_rcc.o"
arm-none-eabi-gcc "../Drivers/STM32G4xx_HAL_Driver/Src/stm32g4xx_hal_rcc_ex.c" -mcpu=cortex-m4 -std=gnu11 -g3 -DDEBUG -DUSE_HAL_DRIVER -DSTM32G474xx -c -I../Core/Inc -I../Drivers/STM32G4xx_HAL_Driver/Inc -I../Drivers/STM32G4xx_HAL_Driver/Inc/Legacy -I../Drivers/CMSIS/Device/ST/STM32G4xx/Include -I../Drivers/CMSIS/Include -O0 -ffunction-sections -fdata-sections -Wall -fstack-usage -fcyclomatic-complexity -MMD -MP -MF"Drivers/STM32G4xx_HAL_Driver/Src/stm32g4xx_hal_rcc_ex.d" -MT"Drivers/STM32G4xx_HAL_Driver/Src/stm32g4xx_hal_rcc_ex.o" --specs=nano.specs -mfpu=fpv4-sp-d16 -mfloat-abi=hard -mthumb -o "Drivers/STM32G4xx_HAL_Driver/Src/stm32g4xx_hal_rcc_ex.o"
arm-none-eabi-gcc "../Drivers/STM32G4xx_HAL_Driver/Src/stm32g4xx_hal_tim.c" -mcpu=cortex-m4 -std=gnu11 -g3 -DDEBUG -DUSE_HAL_DRIVER -DSTM32G474xx -c -I../Core/Inc -I../Drivers/STM32G4xx_HAL_Driver/Inc -I../Drivers/STM32G4xx_HAL_Driver/Inc/Legacy -I../Drivers/CMSIS/Device/ST/STM32G4xx/Include -I../Drivers/CMSIS/Include -O0 -ffunction-sections -fdata-sections -Wall -fstack-usage -fcyclomatic-complexity -MMD -MP -MF"Drivers/STM32G4xx_HAL_Driver/Src/stm32g4xx_hal_tim.d" -MT"Drivers/STM32G4xx_HAL_Driver/Src/stm32g4xx_hal_tim.o" --specs=nano.specs -mfpu=fpv4-sp-d16 -mfloat-abi=hard -mthumb -o "Drivers/STM32G4xx_HAL_Driver/Src/stm32g4xx_hal_tim.o"
arm-none-eabi-gcc "../Drivers/STM32G4xx_HAL_Driver/Src/stm32g4xx_hal_tim_ex.c" -mcpu=cortex-m4 -std=gnu11 -g3 -DDEBUG -DUSE_HAL_DRIVER -DSTM32G474xx -c -I../Core/Inc -I../Drivers/STM32G4xx_HAL_Driver/Inc -I../Drivers/STM32G4xx_HAL_Driver/Inc/Legacy -I../Drivers/CMSIS/Device/ST/STM32G4xx/Include -I../Drivers/CMSIS/Include -O0 -ffunction-sections -fdata-sections -Wall -fstack-usage -fcyclomatic-complexity -MMD -MP -MF"Drivers/STM32G4xx_HAL_Driver/Src/stm32g4xx_hal_tim_ex.d" -MT"Drivers/STM32G4xx_HAL_Driver/Src/stm32g4xx_hal_tim_ex.o" --specs=nano.specs -mfpu=fpv4-sp-d16 -mfloat-abi=hard -mthumb -o "Drivers/STM32G4xx_HAL_Driver/Src/stm32g4xx_hal_tim_ex.o"
arm-none-eabi-gcc -mcpu=cortex-m4 -g3 -DDEBUG -c -x assembler-with-cpp -MMD -MP -MF"Core/Startup/startup_stm32g474retx.d" -MT"Core/Startup/startup_stm32g474retx.o" --specs=nano.specs -mfpu=fpv4-sp-d16 -mfloat-abi=hard -mthumb -o "Core/Startup/startup_stm32g474retx.o" "../Core/Startup/startup_stm32g474retx.s"
arm-none-eabi-gcc "../Core/Src/gpio.c" -mcpu=cortex-m4 -std=gnu11 -g3 -DDEBUG -DUSE_HAL_DRIVER -DSTM32G474xx -c -I../Core/Inc -I../Drivers/STM32G4xx_HAL_Driver/Inc -I../Drivers/STM32G4xx_HAL_Driver/Inc/Legacy -I../Drivers/CMSIS/Device/ST/STM32G4xx/Include -I../Drivers/CMSIS/Include -O0 -ffunction-sections -fdata-sections -Wall -fstack-usage -fcyclomatic-complexity -MMD -MP -MF"Core/Src/gpio.d" -MT"Core/Src/gpio.o" --specs=nano.specs -mfpu=fpv4-sp-d16 -mfloat-abi=hard -mthumb -o "Core/Src/gpio.o"
arm-none-eabi-gcc "../Core/Src/led.c" -mcpu=cortex-m4 -std=gnu11 -g3 -DDEBUG -DUSE_HAL_DRIVER -DSTM32G474xx -c -I../Core/Inc -I../Drivers/STM32G4xx_HAL_Driver/Inc -I../Drivers/STM32G4xx_HAL_Driver/Inc/Legacy -I../Drivers/CMSIS/Device/ST/STM32G4xx/Include -I../Drivers/CMSIS/Include -O0 -ffunction-sections -fdata-sections -Wall -fstack-usage -fcyclomatic-complexity -MMD -MP -MF"Core/Src/led.d" -MT"Core/Src/led.o" --specs=nano.specs -mfpu=fpv4-sp-d16 -mfloat-abi=hard -mthumb -o "Core/Src/led.o"
arm-none-eabi-gcc "../Core/Src/main.c" -mcpu=cortex-m4 -std=gnu11 -g3 -DDEBUG -DUSE_HAL_DRIVER -DSTM32G474xx -c -I../Core/Inc -I../Drivers/STM32G4xx_HAL_Driver/Inc -I../Drivers/STM32G4xx_HAL_Driver/Inc/Legacy -I../Drivers/CMSIS/Device/ST/STM32G4xx/Include -I../Drivers/CMSIS/Include -O0 -ffunction-sections -fdata-sections -Wall -fstack-usage -fcyclomatic-complexity -MMD -MP -MF"Core/Src/main.d" -MT"Core/Src/main.o" --specs=nano.specs -mfpu=fpv4-sp-d16 -mfloat-abi=hard -mthumb -o "Core/Src/main.o"
arm-none-eabi-gcc "../Core/Src/stm32g4xx_hal_msp.c" -mcpu=cortex-m4 -std=gnu11 -g3 -DDEBUG -DUSE_HAL_DRIVER -DSTM32G474xx -c -I../Core/Inc -I../Drivers/STM32G4xx_HAL_Driver/Inc -I../Drivers/STM32G4xx_HAL_Driver/Inc/Legacy -I../Drivers/CMSIS/Device/ST/STM32G4xx/Include -I../Drivers/CMSIS/Include -O0 -ffunction-sections -fdata-sections -Wall -fstack-usage -fcyclomatic-complexity -MMD -MP -MF"Core/Src/stm32g4xx_hal_msp.d" -MT"Core/Src/stm32g4xx_hal_msp.o" --specs=nano.specs -mfpu=fpv4-sp-d16 -mfloat-abi=hard -mthumb -o "Core/Src/stm32g4xx_hal_msp.o"
arm-none-eabi-gcc "../Core/Src/stm32g4xx_it.c" -mcpu=cortex-m4 -std=gnu11 -g3 -DDEBUG -DUSE_HAL_DRIVER -DSTM32G474xx -c -I../Core/Inc -I../Drivers/STM32G4xx_HAL_Driver/Inc -I../Drivers/STM32G4xx_HAL_Driver/Inc/Legacy -I../Drivers/CMSIS/Device/ST/STM32G4xx/Include -I../Drivers/CMSIS/Include -O0 -ffunction-sections -fdata-sections -Wall -fstack-usage -fcyclomatic-complexity -MMD -MP -MF"Core/Src/stm32g4xx_it.d" -MT"Core/Src/stm32g4xx_it.o" --specs=nano.specs -mfpu=fpv4-sp-d16 -mfloat-abi=hard -mthumb -o "Core/Src/stm32g4xx_it.o"
arm-none-eabi-gcc "../Core/Src/syscalls.c" -mcpu=cortex-m4 -std=gnu11 -g3 -DDEBUG -DUSE_HAL_DRIVER -DSTM32G474xx -c -I../Core/Inc -I../Drivers/STM32G4xx_HAL_Driver/Inc -I../Drivers/STM32G4xx_HAL_Driver/Inc/Legacy -I../Drivers/CMSIS/Device/ST/STM32G4xx/Include -I../Drivers/CMSIS/Include -O0 -ffunction-sections -fdata-sections -Wall -fstack-usage -fcyclomatic-complexity -MMD -MP -MF"Core/Src/syscalls.d" -MT"Core/Src/syscalls.o" --specs=nano.specs -mfpu=fpv4-sp-d16 -mfloat-abi=hard -mthumb -o "Core/Src/syscalls.o"
arm-none-eabi-gcc "../Core/Src/sysmem.c" -mcpu=cortex-m4 -std=gnu11 -g3 -DDEBUG -DUSE_HAL_DRIVER -DSTM32G474xx -c -I../Core/Inc -I../Drivers/STM32G4xx_HAL_Driver/Inc -I../Drivers/STM32G4xx_HAL_Driver/Inc/Legacy -I../Drivers/CMSIS/Device/ST/STM32G4xx/Include -I../Drivers/CMSIS/Include -O0 -ffunction-sections -fdata-sections -Wall -fstack-usage -fcyclomatic-complexity -MMD -MP -MF"Core/Src/sysmem.d" -MT"Core/Src/sysmem.o" --specs=nano.specs -mfpu=fpv4-sp-d16 -mfloat-abi=hard -mthumb -o "Core/Src/sysmem.o"
arm-none-eabi-gcc "../Core/Src/system_stm32g4xx.c" -mcpu=cortex-m4 -std=gnu11 -g3 -DDEBUG -DUSE_HAL_DRIVER -DSTM32G474xx -c -I../Core/Inc -I../Drivers/STM32G4xx_HAL_Driver/Inc -I../Drivers/STM32G4xx_HAL_Driver/Inc/Legacy -I../Drivers/CMSIS/Device/ST/STM32G4xx/Include -I../Drivers/CMSIS/Include -O0 -ffunction-sections -fdata-sections -Wall -fstack-usage -fcyclomatic-complexity -MMD -MP -MF"Core/Src/system_stm32g4xx.d" -MT"Core/Src/system_stm32g4xx.o" --specs=nano.specs -mfpu=fpv4-sp-d16 -mfloat-abi=hard -mthumb -o "Core/Src/system_stm32g4xx.o"
arm-none-eabi-gcc -o "11_LedButtonModules.elf" @"objects.list"   -mcpu=cortex-m4 -T"C:\Users\frank\Documents\Uni\Embedded\project location\fsm\led-module-master\STM32G474RETX_FLASH.ld" --specs=nosys.specs -Wl,-Map="11_LedButtonModules.map" -Wl,--gc-sections -static --specs=nano.specs -mfpu=fpv4-sp-d16 -mfloat-abi=hard -mthumb -Wl,--start-group -lc -lm -Wl,--end-group
Finished building target: 11_LedButtonModules.elf
 
arm-none-eabi-size  11_LedButtonModules.elf 
arm-none-eabi-objdump -h -S 11_LedButtonModules.elf  > "11_LedButtonModules.list"
   text	   data	    bss	    dec	    hex	filename
   5956	     12	   1572	   7540	   1d74	11_LedButtonModules.elf
Finished building: default.size.stdout
 
Finished building: 11_LedButtonModules.list
 
18:20:19 **** Build of configuration Debug for project 13_HelloFSM ****
make -j14 all 
arm-none-eabi-gcc "../Drivers/STM32G4xx_HAL_Driver/Src/stm32g4xx_hal.c" -mcpu=cortex-m4 -std=gnu11 -g3 -DDEBUG -DUSE_HAL_DRIVER -DSTM32G474xx -c -I../Core/Inc -I../Drivers/STM32G4xx_HAL_Driver/Inc -I../Drivers/STM32G4xx_HAL_Driver/Inc/Legacy -I../Drivers/CMSIS/Device/ST/STM32G4xx/Include -I../Drivers/CMSIS/Include -O0 -ffunction-sections -fdata-sections -Wall -fstack-usage -fcyclomatic-complexity -MMD -MP -MF"Drivers/STM32G4xx_HAL_Driver/Src/stm32g4xx_hal.d" -MT"Drivers/STM32G4xx_HAL_Driver/Src/stm32g4xx_hal.o" --specs=nano.specs -mfpu=fpv4-sp-d16 -mfloat-abi=hard -mthumb -o "Drivers/STM32G4xx_HAL_Driver/Src/stm32g4xx_hal.o"
arm-none-eabi-gcc "../Drivers/STM32G4xx_HAL_Driver/Src/stm32g4xx_hal_cortex.c" -mcpu=cortex-m4 -std=gnu11 -g3 -DDEBUG -DUSE_HAL_DRIVER -DSTM32G474xx -c -I../Core/Inc -I../Drivers/STM32G4xx_HAL_Driver/Inc -I../Drivers/STM32G4xx_HAL_Driver/Inc/Legacy -I../Drivers/CMSIS/Device/ST/STM32G4xx/Include -I../Drivers/CMSIS/Include -O0 -ffunction-sections -fdata-sections -Wall -fstack-usage -fcyclomatic-complexity -MMD -MP -MF"Drivers/STM32G4xx_HAL_Driver/Src/stm32g4xx_hal_cortex.d" -MT"Drivers/STM32G4xx_HAL_Driver/Src/stm32g4xx_hal_cortex.o" --specs=nano.specs -mfpu=fpv4-sp-d16 -mfloat-abi=hard -mthumb -o "Drivers/STM32G4xx_HAL_Driver/Src/stm32g4xx_hal_cortex.o"
arm-none-eabi-gcc "../Drivers/STM32G4xx_HAL_Driver/Src/stm32g4xx_hal_dma.c" -mcpu=cortex-m4 -std=gnu11 -g3 -DDEBUG -DUSE_HAL_DRIVER -DSTM32G474xx -c -I../Core/Inc -I../Drivers/STM32G4xx_HAL_Driver/Inc -I../Drivers/STM32G4xx_HAL_Driver/Inc/Legacy -I../Drivers/CMSIS/Device/ST/STM32G4xx/Include -I../Drivers/CMSIS/Include -O0 -ffunction-sections -fdata-sections -Wall -fstack-usage -fcyclomatic-complexity -MMD -MP -MF"Drivers/STM32G4xx_HAL_Driver/Src/stm32g4xx_hal_dma.d" -MT"Drivers/STM32G4xx_HAL_Driver/Src/stm32g4xx_hal_dma.o" --specs=nano.specs -mfpu=fpv4-sp-d16 -mfloat-abi=hard -mthumb -o "Drivers/STM32G4xx_HAL_Driver/Src/stm32g4xx_hal_dma.o"
arm-none-eabi-gcc "../Drivers/STM32G4xx_HAL_Driver/Src/stm32g4xx_hal_dma_ex.c" -mcpu=cortex-m4 -std=gnu11 -g3 -DDEBUG -DUSE_HAL_DRIVER -DSTM32G474xx -c -I../Core/Inc -I../Drivers/STM32G4xx_HAL_Driver/Inc -I../Drivers/STM32G4xx_HAL_Driver/Inc/Legacy -I../Drivers/CMSIS/Device/ST/STM32G4xx/Include -I../Drivers/CMSIS/Include -O0 -ffunction-sections -fdata-sections -Wall -fstack-usage -fcyclomatic-complexity -MMD -MP -MF"Drivers/STM32G4xx_HAL_Driver/Src/stm32g4xx_hal_dma_ex.d" -MT"Drivers/STM32G4xx_HAL_Driver/Src/stm32g4xx_hal_dma_ex.o" --specs=nano.specs -mfpu=fpv4-sp-d16 -mfloat-abi=hard -mthumb -o "Drivers/STM32G4xx_HAL_Driver/Src/stm32g4xx_hal_dma_ex.o"
arm-none-eabi-gcc "../Drivers/STM32G4xx_HAL_Driver/Src/stm32g4xx_hal_exti.c" -mcpu=cortex-m4 -std=gnu11 -g3 -DDEBUG -DUSE_HAL_DRIVER -DSTM32G474xx -c -I../Core/Inc -I../Drivers/STM32G4xx_HAL_Driver/Inc -I../Drivers/STM32G4xx_HAL_Driver/Inc/Legacy -I../Drivers/CMSIS/Device/ST/STM32G4xx/Include -I../Drivers/CMSIS/Include -O0 -ffunction-sections -fdata-sections -Wall -fstack-usage -fcyclomatic-complexity -MMD -MP -MF"Drivers/STM32G4xx_HAL_Driver/Src/stm32g4xx_hal_exti.d" -MT"Drivers/STM32G4xx_HAL_Driver/Src/stm32g4xx_hal_exti.o" --specs=nano.specs -mfpu=fpv4-sp-d16 -mfloat-abi=hard -mthumb -o "Drivers/STM32G4xx_HAL_Driver/Src/stm32g4xx_hal_exti.o"
arm-none-eabi-gcc "../Drivers/STM32G4xx_HAL_Driver/Src/stm32g4xx_hal_flash.c" -mcpu=cortex-m4 -std=gnu11 -g3 -DDEBUG -DUSE_HAL_DRIVER -DSTM32G474xx -c -I../Core/Inc -I../Drivers/STM32G4xx_HAL_Driver/Inc -I../Drivers/STM32G4xx_HAL_Driver/Inc/Legacy -I../Drivers/CMSIS/Device/ST/STM32G4xx/Include -I../Drivers/CMSIS/Include -O0 -ffunction-sections -fdata-sections -Wall -fstack-usage -fcyclomatic-complexity -MMD -MP -MF"Drivers/STM32G4xx_HAL_Driver/Src/stm32g4xx_hal_flash.d" -MT"Drivers/STM32G4xx_HAL_Driver/Src/stm32g4xx_hal_flash.o" --specs=nano.specs -mfpu=fpv4-sp-d16 -mfloat-abi=hard -mthumb -o "Drivers/STM32G4xx_HAL_Driver/Src/stm32g4xx_hal_flash.o"
arm-none-eabi-gcc "../Drivers/STM32G4xx_HAL_Driver/Src/stm32g4xx_hal_flash_ex.c" -mcpu=cortex-m4 -std=gnu11 -g3 -DDEBUG -DUSE_HAL_DRIVER -DSTM32G474xx -c -I../Core/Inc -I../Drivers/STM32G4xx_HAL_Driver/Inc -I../Drivers/STM32G4xx_HAL_Driver/Inc/Legacy -I../Drivers/CMSIS/Device/ST/STM32G4xx/Include -I../Drivers/CMSIS/Include -O0 -ffunction-sections -fdata-sections -Wall -fstack-usage -fcyclomatic-complexity -MMD -MP -MF"Drivers/STM32G4xx_HAL_Driver/Src/stm32g4xx_hal_flash_ex.d" -MT"Drivers/STM32G4xx_HAL_Driver/Src/stm32g4xx_hal_flash_ex.o" --specs=nano.specs -mfpu=fpv4-sp-d16 -mfloat-abi=hard -mthumb -o "Drivers/STM32G4xx_HAL_Driver/Src/stm32g4xx_hal_flash_ex.o"
arm-none-eabi-gcc "../Drivers/STM32G4xx_HAL_Driver/Src/stm32g4xx_hal_flash_ramfunc.c" -mcpu=cortex-m4 -std=gnu11 -g3 -DDEBUG -DUSE_HAL_DRIVER -DSTM32G474xx -c -I../Core/Inc -I../Drivers/STM32G4xx_HAL_Driver/Inc -I../Drivers/STM32G4xx_HAL_Driver/Inc/Legacy -I../Drivers/CMSIS/Device/ST/STM32G4xx/Include -I../Drivers/CMSIS/Include -O0 -ffunction-sections -fdata-sections -Wall -fstack-usage -fcyclomatic-complexity -MMD -MP -MF"Drivers/STM32G4xx_HAL_Driver/Src/stm32g4xx_hal_flash_ramfunc.d" -MT"Drivers/STM32G4xx_HAL_Driver/Src/stm32g4xx_hal_flash_ramfunc.o" --specs=nano.specs -mfpu=fpv4-sp-d16 -mfloat-abi=hard -mthumb -o "Drivers/STM32G4xx_HAL_Driver/Src/stm32g4xx_hal_flash_ramfunc.o"
arm-none-eabi-gcc "../Drivers/STM32G4xx_HAL_Driver/Src/stm32g4xx_hal_gpio.c" -mcpu=cortex-m4 -std=gnu11 -g3 -DDEBUG -DUSE_HAL_DRIVER -DSTM32G474xx -c -I../Core/Inc -I../Drivers/STM32G4xx_HAL_Driver/Inc -I../Drivers/STM32G4xx_HAL_Driver/Inc/Legacy -I../Drivers/CMSIS/Device/ST/STM32G4xx/Include -I../Drivers/CMSIS/Include -O0 -ffunction-sections -fdata-sections -Wall -fstack-usage -fcyclomatic-complexity -MMD -MP -MF"Drivers/STM32G4xx_HAL_Driver/Src/stm32g4xx_hal_gpio.d" -MT"Drivers/STM32G4xx_HAL_Driver/Src/stm32g4xx_hal_gpio.o" --specs=nano.specs -mfpu=fpv4-sp-d16 -mfloat-abi=hard -mthumb -o "Drivers/STM32G4xx_HAL_Driver/Src/stm32g4xx_hal_gpio.o"
arm-none-eabi-gcc "../Drivers/STM32G4xx_HAL_Driver/Src/stm32g4xx_hal_pwr.c" -mcpu=cortex-m4 -std=gnu11 -g3 -DDEBUG -DUSE_HAL_DRIVER -DSTM32G474xx -c -I../Core/Inc -I../Drivers/STM32G4xx_HAL_Driver/Inc -I../Drivers/STM32G4xx_HAL_Driver/Inc/Legacy -I../Drivers/CMSIS/Device/ST/STM32G4xx/Include -I../Drivers/CMSIS/Include -O0 -ffunction-sections -fdata-sections -Wall -fstack-usage -fcyclomatic-complexity -MMD -MP -MF"Drivers/STM32G4xx_HAL_Driver/Src/stm32g4xx_hal_pwr.d" -MT"Drivers/STM32G4xx_HAL_Driver/Src/stm32g4xx_hal_pwr.o" --specs=nano.specs -mfpu=fpv4-sp-d16 -mfloat-abi=hard -mthumb -o "Drivers/STM32G4xx_HAL_Driver/Src/stm32g4xx_hal_pwr.o"
arm-none-eabi-gcc "../Drivers/STM32G4xx_HAL_Driver/Src/stm32g4xx_hal_pwr_ex.c" -mcpu=cortex-m4 -std=gnu11 -g3 -DDEBUG -DUSE_HAL_DRIVER -DSTM32G474xx -c -I../Core/Inc -I../Drivers/STM32G4xx_HAL_Driver/Inc -I../Drivers/STM32G4xx_HAL_Driver/Inc/Legacy -I../Drivers/CMSIS/Device/ST/STM32G4xx/Include -I../Drivers/CMSIS/Include -O0 -ffunction-sections -fdata-sections -Wall -fstack-usage -fcyclomatic-complexity -MMD -MP -MF"Drivers/STM32G4xx_HAL_Driver/Src/stm32g4xx_hal_pwr_ex.d" -MT"Drivers/STM32G4xx_HAL_Driver/Src/stm32g4xx_hal_pwr_ex.o" --specs=nano.specs -mfpu=fpv4-sp-d16 -mfloat-abi=hard -mthumb -o "Drivers/STM32G4xx_HAL_Driver/Src/stm32g4xx_hal_pwr_ex.o"
arm-none-eabi-gcc "../Drivers/STM32G4xx_HAL_Driver/Src/stm32g4xx_hal_rcc.c" -mcpu=cortex-m4 -std=gnu11 -g3 -DDEBUG -DUSE_HAL_DRIVER -DSTM32G474xx -c -I../Core/Inc -I../Drivers/STM32G4xx_HAL_Driver/Inc -I../Drivers/STM32G4xx_HAL_Driver/Inc/Legacy -I../Drivers/CMSIS/Device/ST/STM32G4xx/Include -I../Drivers/CMSIS/Include -O0 -ffunction-sections -fdata-sections -Wall -fstack-usage -fcyclomatic-complexity -MMD -MP -MF"Drivers/STM32G4xx_HAL_Driver/Src/stm32g4xx_hal_rcc.d" -MT"Drivers/STM32G4xx_HAL_Driver/Src/stm32g4xx_hal_rcc.o" --specs=nano.specs -mfpu=fpv4-sp-d16 -mfloat-abi=hard -mthumb -o "Drivers/STM32G4xx_HAL_Driver/Src/stm32g4xx_hal_rcc.o"
arm-none-eabi-gcc "../Drivers/STM32G4xx_HAL_Driver/Src/stm32g4xx_hal_rcc_ex.c" -mcpu=cortex-m4 -std=gnu11 -g3 -DDEBUG -DUSE_HAL_DRIVER -DSTM32G474xx -c -I../Core/Inc -I../Drivers/STM32G4xx_HAL_Driver/Inc -I../Drivers/STM32G4xx_HAL_Driver/Inc/Legacy -I../Drivers/CMSIS/Device/ST/STM32G4xx/Include -I../Drivers/CMSIS/Include -O0 -ffunction-sections -fdata-sections -Wall -fstack-usage -fcyclomatic-complexity -MMD -MP -MF"Drivers/STM32G4xx_HAL_Driver/Src/stm32g4xx_hal_rcc_ex.d" -MT"Drivers/STM32G4xx_HAL_Driver/Src/stm32g4xx_hal_rcc_ex.o" --specs=nano.specs -mfpu=fpv4-sp-d16 -mfloat-abi=hard -mthumb -o "Drivers/STM32G4xx_HAL_Driver/Src/stm32g4xx_hal_rcc_ex.o"
arm-none-eabi-gcc "../Drivers/STM32G4xx_HAL_Driver/Src/stm32g4xx_hal_tim.c" -mcpu=cortex-m4 -std=gnu11 -g3 -DDEBUG -DUSE_HAL_DRIVER -DSTM32G474xx -c -I../Core/Inc -I../Drivers/STM32G4xx_HAL_Driver/Inc -I../Drivers/STM32G4xx_HAL_Driver/Inc/Legacy -I../Drivers/CMSIS/Device/ST/STM32G4xx/Include -I../Drivers/CMSIS/Include -O0 -ffunction-sections -fdata-sections -Wall -fstack-usage -fcyclomatic-complexity -MMD -MP -MF"Drivers/STM32G4xx_HAL_Driver/Src/stm32g4xx_hal_tim.d" -MT"Drivers/STM32G4xx_HAL_Driver/Src/stm32g4xx_hal_tim.o" --specs=nano.specs -mfpu=fpv4-sp-d16 -mfloat-abi=hard -mthumb -o "Drivers/STM32G4xx_HAL_Driver/Src/stm32g4xx_hal_tim.o"
arm-none-eabi-gcc "../Drivers/STM32G4xx_HAL_Driver/Src/stm32g4xx_hal_tim_ex.c" -mcpu=cortex-m4 -std=gnu11 -g3 -DDEBUG -DUSE_HAL_DRIVER -DSTM32G474xx -c -I../Core/Inc -I../Drivers/STM32G4xx_HAL_Driver/Inc -I../Drivers/STM32G4xx_HAL_Driver/Inc/Legacy -I../Drivers/CMSIS/Device/ST/STM32G4xx/Include -I../Drivers/CMSIS/Include -O0 -ffunction-sections -fdata-sections -Wall -fstack-usage -fcyclomatic-complexity -MMD -MP -MF"Drivers/STM32G4xx_HAL_Driver/Src/stm32g4xx_hal_tim_ex.d" -MT"Drivers/STM32G4xx_HAL_Driver/Src/stm32g4xx_hal_tim_ex.o" --specs=nano.specs -mfpu=fpv4-sp-d16 -mfloat-abi=hard -mthumb -o "Drivers/STM32G4xx_HAL_Driver/Src/stm32g4xx_hal_tim_ex.o"
arm-none-eabi-gcc "../Core/Src/button.c" -mcpu=cortex-m4 -std=gnu11 -g3 -DDEBUG -DUSE_HAL_DRIVER -DSTM32G474xx -c -I../Core/Inc -I../Drivers/STM32G4xx_HAL_Driver/Inc -I../Drivers/STM32G4xx_HAL_Driver/Inc/Legacy -I../Drivers/CMSIS/Device/ST/STM32G4xx/Include -I../Drivers/CMSIS/Include -O0 -ffunction-sections -fdata-sections -Wall -fstack-usage -fcyclomatic-complexity -MMD -MP -MF"Core/Src/button.d" -MT"Core/Src/button.o" --specs=nano.specs -mfpu=fpv4-sp-d16 -mfloat-abi=hard -mthumb -o "Core/Src/button.o"
arm-none-eabi-gcc "../Core/Src/fsm_logic.c" -mcpu=cortex-m4 -std=gnu11 -g3 -DDEBUG -DUSE_HAL_DRIVER -DSTM32G474xx -c -I../Core/Inc -I../Drivers/STM32G4xx_HAL_Driver/Inc -I../Drivers/STM32G4xx_HAL_Driver/Inc/Legacy -I../Drivers/CMSIS/Device/ST/STM32G4xx/Include -I../Drivers/CMSIS/Include -O0 -ffunction-sections -fdata-sections -Wall -fstack-usage -fcyclomatic-complexity -MMD -MP -MF"Core/Src/fsm_logic.d" -MT"Core/Src/fsm_logic.o" --specs=nano.specs -mfpu=fpv4-sp-d16 -mfloat-abi=hard -mthumb -o "Core/Src/fsm_logic.o"
arm-none-eabi-gcc "../Core/Src/gpio.c" -mcpu=cortex-m4 -std=gnu11 -g3 -DDEBUG -DUSE_HAL_DRIVER -DSTM32G474xx -c -I../Core/Inc -I../Drivers/STM32G4xx_HAL_Driver/Inc -I../Drivers/STM32G4xx_HAL_Driver/Inc/Legacy -I../Drivers/CMSIS/Device/ST/STM32G4xx/Include -I../Drivers/CMSIS/Include -O0 -ffunction-sections -fdata-sections -Wall -fstack-usage -fcyclomatic-complexity -MMD -MP -MF"Core/Src/gpio.d" -MT"Core/Src/gpio.o" --specs=nano.specs -mfpu=fpv4-sp-d16 -mfloat-abi=hard -mthumb -o "Core/Src/gpio.o"
arm-none-eabi-gcc "../Core/Src/led.c" -mcpu=cortex-m4 -std=gnu11 -g3 -DDEBUG -DUSE_HAL_DRIVER -DSTM32G474xx -c -I../Core/Inc -I../Drivers/STM32G4xx_HAL_Driver/Inc -I../Drivers/STM32G4xx_HAL_Driver/Inc/Legacy -I../Drivers/CMSIS/Device/ST/STM32G4xx/Include -I../Drivers/CMSIS/Include -O0 -ffunction-sections -fdata-sections -Wall -fstack-usage -fcyclomatic-complexity -MMD -MP -MF"Core/Src/led.d" -MT"Core/Src/led.o" --specs=nano.specs -mfpu=fpv4-sp-d16 -mfloat-abi=hard -mthumb -o "Core/Src/led.o"
arm-none-eabi-gcc "../Core/Src/main.c" -mcpu=cortex-m4 -std=gnu11 -g3 -DDEBUG -DUSE_HAL_DRIVER -DSTM32G474xx -c -I../Core/Inc -I../Drivers/STM32G4xx_HAL_Driver/Inc -I../Drivers/STM32G4xx_HAL_Driver/Inc/Legacy -I../Drivers/CMSIS/Device/ST/STM32G4xx/Include -I../Drivers/CMSIS/Include -O0 -ffunction-sections -fdata-sections -Wall -fstack-usage -fcyclomatic-complexity -MMD -MP -MF"Core/Src/main.d" -MT"Core/Src/main.o" --specs=nano.specs -mfpu=fpv4-sp-d16 -mfloat-abi=hard -mthumb -o "Core/Src/main.o"
arm-none-eabi-gcc "../Core/Src/stm32g4xx_hal_msp.c" -mcpu=cortex-m4 -std=gnu11 -g3 -DDEBUG -DUSE_HAL_DRIVER -DSTM32G474xx -c -I../Core/Inc -I../Drivers/STM32G4xx_HAL_Driver/Inc -I../Drivers/STM32G4xx_HAL_Driver/Inc/Legacy -I../Drivers/CMSIS/Device/ST/STM32G4xx/Include -I../Drivers/CMSIS/Include -O0 -ffunction-sections -fdata-sections -Wall -fstack-usage -fcyclomatic-complexity -MMD -MP -MF"Core/Src/stm32g4xx_hal_msp.d" -MT"Core/Src/stm32g4xx_hal_msp.o" --specs=nano.specs -mfpu=fpv4-sp-d16 -mfloat-abi=hard -mthumb -o "Core/Src/stm32g4xx_hal_msp.o"
arm-none-eabi-gcc "../Core/Src/stm32g4xx_it.c" -mcpu=cortex-m4 -std=gnu11 -g3 -DDEBUG -DUSE_HAL_DRIVER -DSTM32G474xx -c -I../Core/Inc -I../Drivers/STM32G4xx_HAL_Driver/Inc -I../Drivers/STM32G4xx_HAL_Driver/Inc/Legacy -I../Drivers/CMSIS/Device/ST/STM32G4xx/Include -I../Drivers/CMSIS/Include -O0 -ffunction-sections -fdata-sections -Wall -fstack-usage -fcyclomatic-complexity -MMD -MP -MF"Core/Src/stm32g4xx_it.d" -MT"Core/Src/stm32g4xx_it.o" --specs=nano.specs -mfpu=fpv4-sp-d16 -mfloat-abi=hard -mthumb -o "Core/Src/stm32g4xx_it.o"
arm-none-eabi-gcc "../Core/Src/system_stm32g4xx.c" -mcpu=cortex-m4 -std=gnu11 -g3 -DDEBUG -DUSE_HAL_DRIVER -DSTM32G474xx -c -I../Core/Inc -I../Drivers/STM32G4xx_HAL_Driver/Inc -I../Drivers/STM32G4xx_HAL_Driver/Inc/Legacy -I../Drivers/CMSIS/Device/ST/STM32G4xx/Include -I../Drivers/CMSIS/Include -O0 -ffunction-sections -fdata-sections -Wall -fstack-usage -fcyclomatic-complexity -MMD -MP -MF"Core/Src/system_stm32g4xx.d" -MT"Core/Src/system_stm32g4xx.o" --specs=nano.specs -mfpu=fpv4-sp-d16 -mfloat-abi=hard -mthumb -o "Core/Src/system_stm32g4xx.o"
In file included from ../Core/Src/fsm_logic.c:9:
../Core/Inc/fsm_logic.h:14:10: fatal error: queue.h: No such file or directory
   14 | #include "queue.h"
      |          ^~~~~~~~~
compilation terminated.
In file included from ../Core/Src/main.c:25:
../Core/Inc/fsm_logic.h:14:10: fatal error: queue.h: No such file or directory
   14 | #include "queue.h"
      |          ^~~~~~~~~
compilation terminated.
make: *** [Core/Src/subdir.mk:46: Core/Src/fsm_logic.o] Error 1
make: *** Waiting for unfinished jobs....
make: *** [Core/Src/subdir.mk:46: Core/Src/main.o] Error 1
"make -j14 all" terminated with exit code 2. Build might be incomplete.
18:20:20 **** Clean-only build of configuration Debug for project CronometroLED ****
make -j14 clean 
rm -rf ./Drivers/STM32G4xx_HAL_Driver/Src/stm32g4xx_hal.cyclo ./Drivers/STM32G4xx_HAL_Driver/Src/stm32g4xx_hal.d ./Drivers/STM32G4xx_HAL_Driver/Src/stm32g4xx_hal.o ./Drivers/STM32G4xx_HAL_Driver/Src/stm32g4xx_hal.su ./Drivers/STM32G4xx_HAL_Driver/Src/stm32g4xx_hal_cortex.cyclo ./Drivers/STM32G4xx_HAL_Driver/Src/stm32g4xx_hal_cortex.d ./Drivers/STM32G4xx_HAL_Driver/Src/stm32g4xx_hal_cortex.o ./Drivers/STM32G4xx_HAL_Driver/Src/stm32g4xx_hal_cortex.su ./Drivers/STM32G4xx_HAL_Driver/Src/stm32g4xx_hal_dma.cyclo ./Drivers/STM32G4xx_HAL_Driver/Src/stm32g4xx_hal_dma.d ./Drivers/STM32G4xx_HAL_Driver/Src/stm32g4xx_hal_dma.o ./Drivers/STM32G4xx_HAL_Driver/Src/stm32g4xx_hal_dma.su ./Drivers/STM32G4xx_HAL_Driver/Src/stm32g4xx_hal_dma_ex.cyclo ./Drivers/STM32G4xx_HAL_Driver/Src/stm32g4xx_hal_dma_ex.d ./Drivers/STM32G4xx_HAL_Driver/Src/stm32g4xx_hal_dma_ex.o ./Drivers/STM32G4xx_HAL_Driver/Src/stm32g4xx_hal_dma_ex.su ./Drivers/STM32G4xx_HAL_Driver/Src/stm32g4xx_hal_exti.cyclo ./Drivers/STM32G4xx_HAL_Driver/Src/stm32g4xx_hal_exti.d ./Drivers/STM32G4xx_HAL_Driver/Src/stm32g4xx_hal_exti.o ./Drivers/STM32G4xx_HAL_Driver/Src/stm32g4xx_hal_exti.su ./Drivers/STM32G4xx_HAL_Driver/Src/stm32g4xx_hal_flash.cyclo ./Drivers/STM32G4xx_HAL_Driver/Src/stm32g4xx_hal_flash.d ./Drivers/STM32G4xx_HAL_Driver/Src/stm32g4xx_hal_flash.o ./Drivers/STM32G4xx_HAL_Driver/Src/stm32g4xx_hal_flash.su ./Drivers/STM32G4xx_HAL_Driver/Src/stm32g4xx_hal_flash_ex.cyclo ./Drivers/STM32G4xx_HAL_Driver/Src/stm32g4xx_hal_flash_ex.d ./Drivers/STM32G4xx_HAL_Driver/Src/stm32g4xx_hal_flash_ex.o ./Drivers/STM32G4xx_HAL_Driver/Src/stm32g4xx_hal_flash_ex.su ./Drivers/STM32G4xx_HAL_Driver/Src/stm32g4xx_hal_flash_ramfunc.cyclo ./Drivers/STM32G4xx_HAL_Driver/Src/stm32g4xx_hal_flash_ramfunc.d ./Drivers/STM32G4xx_HAL_Driver/Src/stm32g4xx_hal_flash_ramfunc.o ./Drivers/STM32G4xx_HAL_Driver/Src/stm32g4xx_hal_flash_ramfunc.su ./Drivers/STM32G4xx_HAL_Driver/Src/stm32g4xx_hal_gpio.cyclo ./Drivers/STM32G4xx_HAL_Driver/Src/stm32g4xx_hal_gpio.d ./Drivers/STM32G4xx_HAL_Driver/Src/stm32g4xx_hal_gpio.o ./Drivers/STM32G4xx_HAL_Driver/Src/stm32g4xx_hal_gpio.su ./Drivers/STM32G4xx_HAL_Driver/Src/stm32g4xx_hal_pwr.cyclo ./Drivers/STM32G4xx_HAL_Driver/Src/stm32g4xx_hal_pwr.d ./Drivers/STM32G4xx_HAL_Driver/Src/stm32g4xx_hal_pwr.o ./Drivers/STM32G4xx_HAL_Driver/Src/stm32g4xx_hal_pwr.su ./Drivers/STM32G4xx_HAL_Driver/Src/stm32g4xx_hal_pwr_ex.cyclo ./Drivers/STM32G4xx_HAL_Driver/Src/stm32g4xx_hal_pwr_ex.d ./Drivers/STM32G4xx_HAL_Driver/Src/stm32g4xx_hal_pwr_ex.o ./Drivers/STM32G4xx_HAL_Driver/Src/stm32g4xx_hal_pwr_ex.su ./Drivers/STM32G4xx_HAL_Driver/Src/stm32g4xx_hal_rcc.cyclo ./Drivers/STM32G4xx_HAL_Driver/Src/stm32g4xx_hal_rcc.d ./Drivers/STM32G4xx_HAL_Driver/Src/stm32g4xx_hal_rcc.o ./Drivers/STM32G4xx_HAL_Driver/Src/stm32g4xx_hal_rcc.su ./Drivers/STM32G4xx_HAL_Driver/Src/stm32g4xx_hal_rcc_ex.cyclo ./Drivers/STM32G4xx_HAL_Driver/Src/stm32g4xx_hal_rcc_ex.d ./Drivers/STM32G4xx_HAL_Driver/Src/stm32g4xx_hal_rcc_ex.o ./Drivers/STM32G4xx_HAL_Driver/Src/stm32g4xx_hal_rcc_ex.su ./Drivers/STM32G4xx_HAL_Driver/Src/stm32g4xx_hal_tim.cyclo ./Drivers/STM32G4xx_HAL_Driver/Src/stm32g4xx_hal_tim.d ./Drivers/STM32G4xx_HAL_Driver/Src/stm32g4xx_hal_tim.o ./Drivers/STM32G4xx_HAL_Driver/Src/stm32g4xx_hal_tim.su ./Drivers/STM32G4xx_HAL_Driver/Src/stm32g4xx_hal_tim_ex.cyclo ./Drivers/STM32G4xx_HAL_Driver/Src/stm32g4xx_hal_tim_ex.d ./Drivers/STM32G4xx_HAL_Driver/Src/stm32g4xx_hal_tim_ex.o ./Drivers/STM32G4xx_HAL_Driver/Src/stm32g4xx_hal_tim_ex.su
rm -rf ./Core/Startup/startup_stm32g474retx.d ./Core/Startup/startup_stm32g474retx.o
rm -rf ./Core/Src/gpio.cyclo ./Core/Src/gpio.d ./Core/Src/gpio.o ./Core/Src/gpio.su ./Core/Src/main.cyclo ./Core/Src/main.d ./Core/Src/main.o ./Core/Src/main.su ./Core/Src/stm32g4xx_hal_msp.cyclo ./Core/Src/stm32g4xx_hal_msp.d ./Core/Src/stm32g4xx_hal_msp.o ./Core/Src/stm32g4xx_hal_msp.su ./Core/Src/stm32g4xx_it.cyclo ./Core/Src/stm32g4xx_it.d ./Core/Src/stm32g4xx_it.o ./Core/Src/stm32g4xx_it.su ./Core/Src/syscalls.cyclo ./Core/Src/syscalls.d ./Core/Src/syscalls.o ./Core/Src/syscalls.su ./Core/Src/sysmem.cyclo ./Core/Src/sysmem.d ./Core/Src/sysmem.o ./Core/Src/sysmem.su ./Core/Src/system_stm32g4xx.cyclo ./Core/Src/system_stm32g4xx.d ./Core/Src/system_stm32g4xx.o ./Core/Src/system_stm32g4xx.su ./Core/Src/tim.cyclo ./Core/Src/tim.d ./Core/Src/tim.o ./Core/Src/tim.su
rm -rf CronometroLED.elf CronometroLED.list CronometroLED.map default.size.stdout
 
18:20:21 **** Build of configuration Debug for project CronometroLED ****
make -j14 all 
arm-none-eabi-gcc "../Drivers/STM32G4xx_HAL_Driver/Src/stm32g4xx_hal.c" -mcpu=cortex-m4 -std=gnu11 -g3 -DDEBUG -DUSE_HAL_DRIVER -DSTM32G474xx -c -I../Core/Inc -I../Drivers/STM32G4xx_HAL_Driver/Inc -I../Drivers/STM32G4xx_HAL_Driver/Inc/Legacy -I../Drivers/CMSIS/Device/ST/STM32G4xx/Include -I../Drivers/CMSIS/Include -O0 -ffunction-sections -fdata-sections -Wall -fstack-usage -fcyclomatic-complexity -MMD -MP -MF"Drivers/STM32G4xx_HAL_Driver/Src/stm32g4xx_hal.d" -MT"Drivers/STM32G4xx_HAL_Driver/Src/stm32g4xx_hal.o" --specs=nano.specs -mfpu=fpv4-sp-d16 -mfloat-abi=hard -mthumb -o "Drivers/STM32G4xx_HAL_Driver/Src/stm32g4xx_hal.o"
arm-none-eabi-gcc "../Drivers/STM32G4xx_HAL_Driver/Src/stm32g4xx_hal_cortex.c" -mcpu=cortex-m4 -std=gnu11 -g3 -DDEBUG -DUSE_HAL_DRIVER -DSTM32G474xx -c -I../Core/Inc -I../Drivers/STM32G4xx_HAL_Driver/Inc -I../Drivers/STM32G4xx_HAL_Driver/Inc/Legacy -I../Drivers/CMSIS/Device/ST/STM32G4xx/Include -I../Drivers/CMSIS/Include -O0 -ffunction-sections -fdata-sections -Wall -fstack-usage -fcyclomatic-complexity -MMD -MP -MF"Drivers/STM32G4xx_HAL_Driver/Src/stm32g4xx_hal_cortex.d" -MT"Drivers/STM32G4xx_HAL_Driver/Src/stm32g4xx_hal_cortex.o" --specs=nano.specs -mfpu=fpv4-sp-d16 -mfloat-abi=hard -mthumb -o "Drivers/STM32G4xx_HAL_Driver/Src/stm32g4xx_hal_cortex.o"
arm-none-eabi-gcc "../Drivers/STM32G4xx_HAL_Driver/Src/stm32g4xx_hal_dma.c" -mcpu=cortex-m4 -std=gnu11 -g3 -DDEBUG -DUSE_HAL_DRIVER -DSTM32G474xx -c -I../Core/Inc -I../Drivers/STM32G4xx_HAL_Driver/Inc -I../Drivers/STM32G4xx_HAL_Driver/Inc/Legacy -I../Drivers/CMSIS/Device/ST/STM32G4xx/Include -I../Drivers/CMSIS/Include -O0 -ffunction-sections -fdata-sections -Wall -fstack-usage -fcyclomatic-complexity -MMD -MP -MF"Drivers/STM32G4xx_HAL_Driver/Src/stm32g4xx_hal_dma.d" -MT"Drivers/STM32G4xx_HAL_Driver/Src/stm32g4xx_hal_dma.o" --specs=nano.specs -mfpu=fpv4-sp-d16 -mfloat-abi=hard -mthumb -o "Drivers/STM32G4xx_HAL_Driver/Src/stm32g4xx_hal_dma.o"
arm-none-eabi-gcc "../Drivers/STM32G4xx_HAL_Driver/Src/stm32g4xx_hal_dma_ex.c" -mcpu=cortex-m4 -std=gnu11 -g3 -DDEBUG -DUSE_HAL_DRIVER -DSTM32G474xx -c -I../Core/Inc -I../Drivers/STM32G4xx_HAL_Driver/Inc -I../Drivers/STM32G4xx_HAL_Driver/Inc/Legacy -I../Drivers/CMSIS/Device/ST/STM32G4xx/Include -I../Drivers/CMSIS/Include -O0 -ffunction-sections -fdata-sections -Wall -fstack-usage -fcyclomatic-complexity -MMD -MP -MF"Drivers/STM32G4xx_HAL_Driver/Src/stm32g4xx_hal_dma_ex.d" -MT"Drivers/STM32G4xx_HAL_Driver/Src/stm32g4xx_hal_dma_ex.o" --specs=nano.specs -mfpu=fpv4-sp-d16 -mfloat-abi=hard -mthumb -o "Drivers/STM32G4xx_HAL_Driver/Src/stm32g4xx_hal_dma_ex.o"
arm-none-eabi-gcc "../Drivers/STM32G4xx_HAL_Driver/Src/stm32g4xx_hal_exti.c" -mcpu=cortex-m4 -std=gnu11 -g3 -DDEBUG -DUSE_HAL_DRIVER -DSTM32G474xx -c -I../Core/Inc -I../Drivers/STM32G4xx_HAL_Driver/Inc -I../Drivers/STM32G4xx_HAL_Driver/Inc/Legacy -I../Drivers/CMSIS/Device/ST/STM32G4xx/Include -I../Drivers/CMSIS/Include -O0 -ffunction-sections -fdata-sections -Wall -fstack-usage -fcyclomatic-complexity -MMD -MP -MF"Drivers/STM32G4xx_HAL_Driver/Src/stm32g4xx_hal_exti.d" -MT"Drivers/STM32G4xx_HAL_Driver/Src/stm32g4xx_hal_exti.o" --specs=nano.specs -mfpu=fpv4-sp-d16 -mfloat-abi=hard -mthumb -o "Drivers/STM32G4xx_HAL_Driver/Src/stm32g4xx_hal_exti.o"
arm-none-eabi-gcc "../Drivers/STM32G4xx_HAL_Driver/Src/stm32g4xx_hal_flash.c" -mcpu=cortex-m4 -std=gnu11 -g3 -DDEBUG -DUSE_HAL_DRIVER -DSTM32G474xx -c -I../Core/Inc -I../Drivers/STM32G4xx_HAL_Driver/Inc -I../Drivers/STM32G4xx_HAL_Driver/Inc/Legacy -I../Drivers/CMSIS/Device/ST/STM32G4xx/Include -I../Drivers/CMSIS/Include -O0 -ffunction-sections -fdata-sections -Wall -fstack-usage -fcyclomatic-complexity -MMD -MP -MF"Drivers/STM32G4xx_HAL_Driver/Src/stm32g4xx_hal_flash.d" -MT"Drivers/STM32G4xx_HAL_Driver/Src/stm32g4xx_hal_flash.o" --specs=nano.specs -mfpu=fpv4-sp-d16 -mfloat-abi=hard -mthumb -o "Drivers/STM32G4xx_HAL_Driver/Src/stm32g4xx_hal_flash.o"
arm-none-eabi-gcc "../Drivers/STM32G4xx_HAL_Driver/Src/stm32g4xx_hal_flash_ex.c" -mcpu=cortex-m4 -std=gnu11 -g3 -DDEBUG -DUSE_HAL_DRIVER -DSTM32G474xx -c -I../Core/Inc -I../Drivers/STM32G4xx_HAL_Driver/Inc -I../Drivers/STM32G4xx_HAL_Driver/Inc/Legacy -I../Drivers/CMSIS/Device/ST/STM32G4xx/Include -I../Drivers/CMSIS/Include -O0 -ffunction-sections -fdata-sections -Wall -fstack-usage -fcyclomatic-complexity -MMD -MP -MF"Drivers/STM32G4xx_HAL_Driver/Src/stm32g4xx_hal_flash_ex.d" -MT"Drivers/STM32G4xx_HAL_Driver/Src/stm32g4xx_hal_flash_ex.o" --specs=nano.specs -mfpu=fpv4-sp-d16 -mfloat-abi=hard -mthumb -o "Drivers/STM32G4xx_HAL_Driver/Src/stm32g4xx_hal_flash_ex.o"
arm-none-eabi-gcc "../Drivers/STM32G4xx_HAL_Driver/Src/stm32g4xx_hal_flash_ramfunc.c" -mcpu=cortex-m4 -std=gnu11 -g3 -DDEBUG -DUSE_HAL_DRIVER -DSTM32G474xx -c -I../Core/Inc -I../Drivers/STM32G4xx_HAL_Driver/Inc -I../Drivers/STM32G4xx_HAL_Driver/Inc/Legacy -I../Drivers/CMSIS/Device/ST/STM32G4xx/Include -I../Drivers/CMSIS/Include -O0 -ffunction-sections -fdata-sections -Wall -fstack-usage -fcyclomatic-complexity -MMD -MP -MF"Drivers/STM32G4xx_HAL_Driver/Src/stm32g4xx_hal_flash_ramfunc.d" -MT"Drivers/STM32G4xx_HAL_Driver/Src/stm32g4xx_hal_flash_ramfunc.o" --specs=nano.specs -mfpu=fpv4-sp-d16 -mfloat-abi=hard -mthumb -o "Drivers/STM32G4xx_HAL_Driver/Src/stm32g4xx_hal_flash_ramfunc.o"
arm-none-eabi-gcc "../Drivers/STM32G4xx_HAL_Driver/Src/stm32g4xx_hal_gpio.c" -mcpu=cortex-m4 -std=gnu11 -g3 -DDEBUG -DUSE_HAL_DRIVER -DSTM32G474xx -c -I../Core/Inc -I../Drivers/STM32G4xx_HAL_Driver/Inc -I../Drivers/STM32G4xx_HAL_Driver/Inc/Legacy -I../Drivers/CMSIS/Device/ST/STM32G4xx/Include -I../Drivers/CMSIS/Include -O0 -ffunction-sections -fdata-sections -Wall -fstack-usage -fcyclomatic-complexity -MMD -MP -MF"Drivers/STM32G4xx_HAL_Driver/Src/stm32g4xx_hal_gpio.d" -MT"Drivers/STM32G4xx_HAL_Driver/Src/stm32g4xx_hal_gpio.o" --specs=nano.specs -mfpu=fpv4-sp-d16 -mfloat-abi=hard -mthumb -o "Drivers/STM32G4xx_HAL_Driver/Src/stm32g4xx_hal_gpio.o"
arm-none-eabi-gcc "../Drivers/STM32G4xx_HAL_Driver/Src/stm32g4xx_hal_pwr.c" -mcpu=cortex-m4 -std=gnu11 -g3 -DDEBUG -DUSE_HAL_DRIVER -DSTM32G474xx -c -I../Core/Inc -I../Drivers/STM32G4xx_HAL_Driver/Inc -I../Drivers/STM32G4xx_HAL_Driver/Inc/Legacy -I../Drivers/CMSIS/Device/ST/STM32G4xx/Include -I../Drivers/CMSIS/Include -O0 -ffunction-sections -fdata-sections -Wall -fstack-usage -fcyclomatic-complexity -MMD -MP -MF"Drivers/STM32G4xx_HAL_Driver/Src/stm32g4xx_hal_pwr.d" -MT"Drivers/STM32G4xx_HAL_Driver/Src/stm32g4xx_hal_pwr.o" --specs=nano.specs -mfpu=fpv4-sp-d16 -mfloat-abi=hard -mthumb -o "Drivers/STM32G4xx_HAL_Driver/Src/stm32g4xx_hal_pwr.o"
arm-none-eabi-gcc "../Drivers/STM32G4xx_HAL_Driver/Src/stm32g4xx_hal_pwr_ex.c" -mcpu=cortex-m4 -std=gnu11 -g3 -DDEBUG -DUSE_HAL_DRIVER -DSTM32G474xx -c -I../Core/Inc -I../Drivers/STM32G4xx_HAL_Driver/Inc -I../Drivers/STM32G4xx_HAL_Driver/Inc/Legacy -I../Drivers/CMSIS/Device/ST/STM32G4xx/Include -I../Drivers/CMSIS/Include -O0 -ffunction-sections -fdata-sections -Wall -fstack-usage -fcyclomatic-complexity -MMD -MP -MF"Drivers/STM32G4xx_HAL_Driver/Src/stm32g4xx_hal_pwr_ex.d" -MT"Drivers/STM32G4xx_HAL_Driver/Src/stm32g4xx_hal_pwr_ex.o" --specs=nano.specs -mfpu=fpv4-sp-d16 -mfloat-abi=hard -mthumb -o "Drivers/STM32G4xx_HAL_Driver/Src/stm32g4xx_hal_pwr_ex.o"
arm-none-eabi-gcc "../Drivers/STM32G4xx_HAL_Driver/Src/stm32g4xx_hal_rcc.c" -mcpu=cortex-m4 -std=gnu11 -g3 -DDEBUG -DUSE_HAL_DRIVER -DSTM32G474xx -c -I../Core/Inc -I../Drivers/STM32G4xx_HAL_Driver/Inc -I../Drivers/STM32G4xx_HAL_Driver/Inc/Legacy -I../Drivers/CMSIS/Device/ST/STM32G4xx/Include -I../Drivers/CMSIS/Include -O0 -ffunction-sections -fdata-sections -Wall -fstack-usage -fcyclomatic-complexity -MMD -MP -MF"Drivers/STM32G4xx_HAL_Driver/Src/stm32g4xx_hal_rcc.d" -MT"Drivers/STM32G4xx_HAL_Driver/Src/stm32g4xx_hal_rcc.o" --specs=nano.specs -mfpu=fpv4-sp-d16 -mfloat-abi=hard -mthumb -o "Drivers/STM32G4xx_HAL_Driver/Src/stm32g4xx_hal_rcc.o"
arm-none-eabi-gcc "../Drivers/STM32G4xx_HAL_Driver/Src/stm32g4xx_hal_rcc_ex.c" -mcpu=cortex-m4 -std=gnu11 -g3 -DDEBUG -DUSE_HAL_DRIVER -DSTM32G474xx -c -I../Core/Inc -I../Drivers/STM32G4xx_HAL_Driver/Inc -I../Drivers/STM32G4xx_HAL_Driver/Inc/Legacy -I../Drivers/CMSIS/Device/ST/STM32G4xx/Include -I../Drivers/CMSIS/Include -O0 -ffunction-sections -fdata-sections -Wall -fstack-usage -fcyclomatic-complexity -MMD -MP -MF"Drivers/STM32G4xx_HAL_Driver/Src/stm32g4xx_hal_rcc_ex.d" -MT"Drivers/STM32G4xx_HAL_Driver/Src/stm32g4xx_hal_rcc_ex.o" --specs=nano.specs -mfpu=fpv4-sp-d16 -mfloat-abi=hard -mthumb -o "Drivers/STM32G4xx_HAL_Driver/Src/stm32g4xx_hal_rcc_ex.o"
arm-none-eabi-gcc "../Drivers/STM32G4xx_HAL_Driver/Src/stm32g4xx_hal_tim.c" -mcpu=cortex-m4 -std=gnu11 -g3 -DDEBUG -DUSE_HAL_DRIVER -DSTM32G474xx -c -I../Core/Inc -I../Drivers/STM32G4xx_HAL_Driver/Inc -I../Drivers/STM32G4xx_HAL_Driver/Inc/Legacy -I../Drivers/CMSIS/Device/ST/STM32G4xx/Include -I../Drivers/CMSIS/Include -O0 -ffunction-sections -fdata-sections -Wall -fstack-usage -fcyclomatic-complexity -MMD -MP -MF"Drivers/STM32G4xx_HAL_Driver/Src/stm32g4xx_hal_tim.d" -MT"Drivers/STM32G4xx_HAL_Driver/Src/stm32g4xx_hal_tim.o" --specs=nano.specs -mfpu=fpv4-sp-d16 -mfloat-abi=hard -mthumb -o "Drivers/STM32G4xx_HAL_Driver/Src/stm32g4xx_hal_tim.o"
arm-none-eabi-gcc "../Drivers/STM32G4xx_HAL_Driver/Src/stm32g4xx_hal_tim_ex.c" -mcpu=cortex-m4 -std=gnu11 -g3 -DDEBUG -DUSE_HAL_DRIVER -DSTM32G474xx -c -I../Core/Inc -I../Drivers/STM32G4xx_HAL_Driver/Inc -I../Drivers/STM32G4xx_HAL_Driver/Inc/Legacy -I../Drivers/CMSIS/Device/ST/STM32G4xx/Include -I../Drivers/CMSIS/Include -O0 -ffunction-sections -fdata-sections -Wall -fstack-usage -fcyclomatic-complexity -MMD -MP -MF"Drivers/STM32G4xx_HAL_Driver/Src/stm32g4xx_hal_tim_ex.d" -MT"Drivers/STM32G4xx_HAL_Driver/Src/stm32g4xx_hal_tim_ex.o" --specs=nano.specs -mfpu=fpv4-sp-d16 -mfloat-abi=hard -mthumb -o "Drivers/STM32G4xx_HAL_Driver/Src/stm32g4xx_hal_tim_ex.o"
arm-none-eabi-gcc -mcpu=cortex-m4 -g3 -DDEBUG -c -x assembler-with-cpp -MMD -MP -MF"Core/Startup/startup_stm32g474retx.d" -MT"Core/Startup/startup_stm32g474retx.o" --specs=nano.specs -mfpu=fpv4-sp-d16 -mfloat-abi=hard -mthumb -o "Core/Startup/startup_stm32g474retx.o" "../Core/Startup/startup_stm32g474retx.s"
arm-none-eabi-gcc "../Core/Src/gpio.c" -mcpu=cortex-m4 -std=gnu11 -g3 -DDEBUG -DUSE_HAL_DRIVER -DSTM32G474xx -c -I../Core/Inc -I../Drivers/STM32G4xx_HAL_Driver/Inc -I../Drivers/STM32G4xx_HAL_Driver/Inc/Legacy -I../Drivers/CMSIS/Device/ST/STM32G4xx/Include -I../Drivers/CMSIS/Include -O0 -ffunction-sections -fdata-sections -Wall -fstack-usage -fcyclomatic-complexity -MMD -MP -MF"Core/Src/gpio.d" -MT"Core/Src/gpio.o" --specs=nano.specs -mfpu=fpv4-sp-d16 -mfloat-abi=hard -mthumb -o "Core/Src/gpio.o"
arm-none-eabi-gcc "../Core/Src/main.c" -mcpu=cortex-m4 -std=gnu11 -g3 -DDEBUG -DUSE_HAL_DRIVER -DSTM32G474xx -c -I../Core/Inc -I../Drivers/STM32G4xx_HAL_Driver/Inc -I../Drivers/STM32G4xx_HAL_Driver/Inc/Legacy -I../Drivers/CMSIS/Device/ST/STM32G4xx/Include -I../Drivers/CMSIS/Include -O0 -ffunction-sections -fdata-sections -Wall -fstack-usage -fcyclomatic-complexity -MMD -MP -MF"Core/Src/main.d" -MT"Core/Src/main.o" --specs=nano.specs -mfpu=fpv4-sp-d16 -mfloat-abi=hard -mthumb -o "Core/Src/main.o"
arm-none-eabi-gcc "../Core/Src/stm32g4xx_hal_msp.c" -mcpu=cortex-m4 -std=gnu11 -g3 -DDEBUG -DUSE_HAL_DRIVER -DSTM32G474xx -c -I../Core/Inc -I../Drivers/STM32G4xx_HAL_Driver/Inc -I../Drivers/STM32G4xx_HAL_Driver/Inc/Legacy -I../Drivers/CMSIS/Device/ST/STM32G4xx/Include -I../Drivers/CMSIS/Include -O0 -ffunction-sections -fdata-sections -Wall -fstack-usage -fcyclomatic-complexity -MMD -MP -MF"Core/Src/stm32g4xx_hal_msp.d" -MT"Core/Src/stm32g4xx_hal_msp.o" --specs=nano.specs -mfpu=fpv4-sp-d16 -mfloat-abi=hard -mthumb -o "Core/Src/stm32g4xx_hal_msp.o"
arm-none-eabi-gcc "../Core/Src/stm32g4xx_it.c" -mcpu=cortex-m4 -std=gnu11 -g3 -DDEBUG -DUSE_HAL_DRIVER -DSTM32G474xx -c -I../Core/Inc -I../Drivers/STM32G4xx_HAL_Driver/Inc -I../Drivers/STM32G4xx_HAL_Driver/Inc/Legacy -I../Drivers/CMSIS/Device/ST/STM32G4xx/Include -I../Drivers/CMSIS/Include -O0 -ffunction-sections -fdata-sections -Wall -fstack-usage -fcyclomatic-complexity -MMD -MP -MF"Core/Src/stm32g4xx_it.d" -MT"Core/Src/stm32g4xx_it.o" --specs=nano.specs -mfpu=fpv4-sp-d16 -mfloat-abi=hard -mthumb -o "Core/Src/stm32g4xx_it.o"
arm-none-eabi-gcc "../Core/Src/syscalls.c" -mcpu=cortex-m4 -std=gnu11 -g3 -DDEBUG -DUSE_HAL_DRIVER -DSTM32G474xx -c -I../Core/Inc -I../Drivers/STM32G4xx_HAL_Driver/Inc -I../Drivers/STM32G4xx_HAL_Driver/Inc/Legacy -I../Drivers/CMSIS/Device/ST/STM32G4xx/Include -I../Drivers/CMSIS/Include -O0 -ffunction-sections -fdata-sections -Wall -fstack-usage -fcyclomatic-complexity -MMD -MP -MF"Core/Src/syscalls.d" -MT"Core/Src/syscalls.o" --specs=nano.specs -mfpu=fpv4-sp-d16 -mfloat-abi=hard -mthumb -o "Core/Src/syscalls.o"
arm-none-eabi-gcc "../Core/Src/sysmem.c" -mcpu=cortex-m4 -std=gnu11 -g3 -DDEBUG -DUSE_HAL_DRIVER -DSTM32G474xx -c -I../Core/Inc -I../Drivers/STM32G4xx_HAL_Driver/Inc -I../Drivers/STM32G4xx_HAL_Driver/Inc/Legacy -I../Drivers/CMSIS/Device/ST/STM32G4xx/Include -I../Drivers/CMSIS/Include -O0 -ffunction-sections -fdata-sections -Wall -fstack-usage -fcyclomatic-complexity -MMD -MP -MF"Core/Src/sysmem.d" -MT"Core/Src/sysmem.o" --specs=nano.specs -mfpu=fpv4-sp-d16 -mfloat-abi=hard -mthumb -o "Core/Src/sysmem.o"
arm-none-eabi-gcc "../Core/Src/system_stm32g4xx.c" -mcpu=cortex-m4 -std=gnu11 -g3 -DDEBUG -DUSE_HAL_DRIVER -DSTM32G474xx -c -I../Core/Inc -I../Drivers/STM32G4xx_HAL_Driver/Inc -I../Drivers/STM32G4xx_HAL_Driver/Inc/Legacy -I../Drivers/CMSIS/Device/ST/STM32G4xx/Include -I../Drivers/CMSIS/Include -O0 -ffunction-sections -fdata-sections -Wall -fstack-usage -fcyclomatic-complexity -MMD -MP -MF"Core/Src/system_stm32g4xx.d" -MT"Core/Src/system_stm32g4xx.o" --specs=nano.specs -mfpu=fpv4-sp-d16 -mfloat-abi=hard -mthumb -o "Core/Src/system_stm32g4xx.o"
arm-none-eabi-gcc "../Core/Src/tim.c" -mcpu=cortex-m4 -std=gnu11 -g3 -DDEBUG -DUSE_HAL_DRIVER -DSTM32G474xx -c -I../Core/Inc -I../Drivers/STM32G4xx_HAL_Driver/Inc -I../Drivers/STM32G4xx_HAL_Driver/Inc/Legacy -I../Drivers/CMSIS/Device/ST/STM32G4xx/Include -I../Drivers/CMSIS/Include -O0 -ffunction-sections -fdata-sections -Wall -fstack-usage -fcyclomatic-complexity -MMD -MP -MF"Core/Src/tim.d" -MT"Core/Src/tim.o" --specs=nano.specs -mfpu=fpv4-sp-d16 -mfloat-abi=hard -mthumb -o "Core/Src/tim.o"
arm-none-eabi-gcc -o "CronometroLED.elf" @"objects.list"   -mcpu=cortex-m4 -T"C:\Users\frank\Documents\Uni\Embedded\project location\esercitazioni\CronometroLED\CronometroLED\STM32G474RETX_FLASH.ld" --specs=nosys.specs -Wl,-Map="CronometroLED.map" -Wl,--gc-sections -static --specs=nano.specs -mfpu=fpv4-sp-d16 -mfloat-abi=hard -mthumb -Wl,--start-group -lc -lm -Wl,--end-group
Finished building target: CronometroLED.elf
 
arm-none-eabi-size  CronometroLED.elf 
arm-none-eabi-objdump -h -S CronometroLED.elf  > "CronometroLED.list"
   text	   data	    bss	    dec	    hex	filename
   9448	     12	   1680	  11140	   2b84	CronometroLED.elf
Finished building: default.size.stdout
 
Finished building: CronometroLED.list
 
18:20:22 **** Clean-only build of configuration Debug for project DimmerAPulsanti ****
make -j14 clean 
rm -rf ./Drivers/STM32G4xx_HAL_Driver/Src/stm32g4xx_hal.cyclo ./Drivers/STM32G4xx_HAL_Driver/Src/stm32g4xx_hal.d ./Drivers/STM32G4xx_HAL_Driver/Src/stm32g4xx_hal.o ./Drivers/STM32G4xx_HAL_Driver/Src/stm32g4xx_hal.su ./Drivers/STM32G4xx_HAL_Driver/Src/stm32g4xx_hal_cortex.cyclo ./Drivers/STM32G4xx_HAL_Driver/Src/stm32g4xx_hal_cortex.d ./Drivers/STM32G4xx_HAL_Driver/Src/stm32g4xx_hal_cortex.o ./Drivers/STM32G4xx_HAL_Driver/Src/stm32g4xx_hal_cortex.su ./Drivers/STM32G4xx_HAL_Driver/Src/stm32g4xx_hal_dma.cyclo ./Drivers/STM32G4xx_HAL_Driver/Src/stm32g4xx_hal_dma.d ./Drivers/STM32G4xx_HAL_Driver/Src/stm32g4xx_hal_dma.o ./Drivers/STM32G4xx_HAL_Driver/Src/stm32g4xx_hal_dma.su ./Drivers/STM32G4xx_HAL_Driver/Src/stm32g4xx_hal_dma_ex.cyclo ./Drivers/STM32G4xx_HAL_Driver/Src/stm32g4xx_hal_dma_ex.d ./Drivers/STM32G4xx_HAL_Driver/Src/stm32g4xx_hal_dma_ex.o ./Drivers/STM32G4xx_HAL_Driver/Src/stm32g4xx_hal_dma_ex.su ./Drivers/STM32G4xx_HAL_Driver/Src/stm32g4xx_hal_exti.cyclo ./Drivers/STM32G4xx_HAL_Driver/Src/stm32g4xx_hal_exti.d ./Drivers/STM32G4xx_HAL_Driver/Src/stm32g4xx_hal_exti.o ./Drivers/STM32G4xx_HAL_Driver/Src/stm32g4xx_hal_exti.su ./Drivers/STM32G4xx_HAL_Driver/Src/stm32g4xx_hal_flash.cyclo ./Drivers/STM32G4xx_HAL_Driver/Src/stm32g4xx_hal_flash.d ./Drivers/STM32G4xx_HAL_Driver/Src/stm32g4xx_hal_flash.o ./Drivers/STM32G4xx_HAL_Driver/Src/stm32g4xx_hal_flash.su ./Drivers/STM32G4xx_HAL_Driver/Src/stm32g4xx_hal_flash_ex.cyclo ./Drivers/STM32G4xx_HAL_Driver/Src/stm32g4xx_hal_flash_ex.d ./Drivers/STM32G4xx_HAL_Driver/Src/stm32g4xx_hal_flash_ex.o ./Drivers/STM32G4xx_HAL_Driver/Src/stm32g4xx_hal_flash_ex.su ./Drivers/STM32G4xx_HAL_Driver/Src/stm32g4xx_hal_flash_ramfunc.cyclo ./Drivers/STM32G4xx_HAL_Driver/Src/stm32g4xx_hal_flash_ramfunc.d ./Drivers/STM32G4xx_HAL_Driver/Src/stm32g4xx_hal_flash_ramfunc.o ./Drivers/STM32G4xx_HAL_Driver/Src/stm32g4xx_hal_flash_ramfunc.su ./Drivers/STM32G4xx_HAL_Driver/Src/stm32g4xx_hal_gpio.cyclo ./Drivers/STM32G4xx_HAL_Driver/Src/stm32g4xx_hal_gpio.d ./Drivers/STM32G4xx_HAL_Driver/Src/stm32g4xx_hal_gpio.o ./Drivers/STM32G4xx_HAL_Driver/Src/stm32g4xx_hal_gpio.su ./Drivers/STM32G4xx_HAL_Driver/Src/stm32g4xx_hal_pwr.cyclo ./Drivers/STM32G4xx_HAL_Driver/Src/stm32g4xx_hal_pwr.d ./Drivers/STM32G4xx_HAL_Driver/Src/stm32g4xx_hal_pwr.o ./Drivers/STM32G4xx_HAL_Driver/Src/stm32g4xx_hal_pwr.su ./Drivers/STM32G4xx_HAL_Driver/Src/stm32g4xx_hal_pwr_ex.cyclo ./Drivers/STM32G4xx_HAL_Driver/Src/stm32g4xx_hal_pwr_ex.d ./Drivers/STM32G4xx_HAL_Driver/Src/stm32g4xx_hal_pwr_ex.o ./Drivers/STM32G4xx_HAL_Driver/Src/stm32g4xx_hal_pwr_ex.su ./Drivers/STM32G4xx_HAL_Driver/Src/stm32g4xx_hal_rcc.cyclo ./Drivers/STM32G4xx_HAL_Driver/Src/stm32g4xx_hal_rcc.d ./Drivers/STM32G4xx_HAL_Driver/Src/stm32g4xx_hal_rcc.o ./Drivers/STM32G4xx_HAL_Driver/Src/stm32g4xx_hal_rcc.su ./Drivers/STM32G4xx_HAL_Driver/Src/stm32g4xx_hal_rcc_ex.cyclo ./Drivers/STM32G4xx_HAL_Driver/Src/stm32g4xx_hal_rcc_ex.d ./Drivers/STM32G4xx_HAL_Driver/Src/stm32g4xx_hal_rcc_ex.o ./Drivers/STM32G4xx_HAL_Driver/Src/stm32g4xx_hal_rcc_ex.su ./Drivers/STM32G4xx_HAL_Driver/Src/stm32g4xx_hal_tim.cyclo ./Drivers/STM32G4xx_HAL_Driver/Src/stm32g4xx_hal_tim.d ./Drivers/STM32G4xx_HAL_Driver/Src/stm32g4xx_hal_tim.o ./Drivers/STM32G4xx_HAL_Driver/Src/stm32g4xx_hal_tim.su ./Drivers/STM32G4xx_HAL_Driver/Src/stm32g4xx_hal_tim_ex.cyclo ./Drivers/STM32G4xx_HAL_Driver/Src/stm32g4xx_hal_tim_ex.d ./Drivers/STM32G4xx_HAL_Driver/Src/stm32g4xx_hal_tim_ex.o ./Drivers/STM32G4xx_HAL_Driver/Src/stm32g4xx_hal_tim_ex.su
rm -rf ./Core/Startup/startup_stm32g474retx.d ./Core/Startup/startup_stm32g474retx.o
rm -rf ./Core/Src/gpio.cyclo ./Core/Src/gpio.d ./Core/Src/gpio.o ./Core/Src/gpio.su ./Core/Src/main.cyclo ./Core/Src/main.d ./Core/Src/main.o ./Core/Src/main.su ./Core/Src/stm32g4xx_hal_msp.cyclo ./Core/Src/stm32g4xx_hal_msp.d ./Core/Src/stm32g4xx_hal_msp.o ./Core/Src/stm32g4xx_hal_msp.su ./Core/Src/stm32g4xx_it.cyclo ./Core/Src/stm32g4xx_it.d ./Core/Src/stm32g4xx_it.o ./Core/Src/stm32g4xx_it.su ./Core/Src/syscalls.cyclo ./Core/Src/syscalls.d ./Core/Src/syscalls.o ./Core/Src/syscalls.su ./Core/Src/sysmem.cyclo ./Core/Src/sysmem.d ./Core/Src/sysmem.o ./Core/Src/sysmem.su ./Core/Src/system_stm32g4xx.cyclo ./Core/Src/system_stm32g4xx.d ./Core/Src/system_stm32g4xx.o ./Core/Src/system_stm32g4xx.su ./Core/Src/tim.cyclo ./Core/Src/tim.d ./Core/Src/tim.o ./Core/Src/tim.su
rm -rf DimmerAPulsanti.elf DimmerAPulsanti.list DimmerAPulsanti.map default.size.stdout
 
18:20:23 **** Build of configuration Debug for project DimmerAPulsanti ****
make -j14 all 
arm-none-eabi-gcc "../Drivers/STM32G4xx_HAL_Driver/Src/stm32g4xx_hal.c" -mcpu=cortex-m4 -std=gnu11 -g3 -DDEBUG -DUSE_HAL_DRIVER -DSTM32G474xx -c -I../Core/Inc -I../Drivers/STM32G4xx_HAL_Driver/Inc -I../Drivers/STM32G4xx_HAL_Driver/Inc/Legacy -I../Drivers/CMSIS/Device/ST/STM32G4xx/Include -I../Drivers/CMSIS/Include -O0 -ffunction-sections -fdata-sections -Wall -fstack-usage -fcyclomatic-complexity -MMD -MP -MF"Drivers/STM32G4xx_HAL_Driver/Src/stm32g4xx_hal.d" -MT"Drivers/STM32G4xx_HAL_Driver/Src/stm32g4xx_hal.o" --specs=nano.specs -mfpu=fpv4-sp-d16 -mfloat-abi=hard -mthumb -o "Drivers/STM32G4xx_HAL_Driver/Src/stm32g4xx_hal.o"
arm-none-eabi-gcc "../Drivers/STM32G4xx_HAL_Driver/Src/stm32g4xx_hal_cortex.c" -mcpu=cortex-m4 -std=gnu11 -g3 -DDEBUG -DUSE_HAL_DRIVER -DSTM32G474xx -c -I../Core/Inc -I../Drivers/STM32G4xx_HAL_Driver/Inc -I../Drivers/STM32G4xx_HAL_Driver/Inc/Legacy -I../Drivers/CMSIS/Device/ST/STM32G4xx/Include -I../Drivers/CMSIS/Include -O0 -ffunction-sections -fdata-sections -Wall -fstack-usage -fcyclomatic-complexity -MMD -MP -MF"Drivers/STM32G4xx_HAL_Driver/Src/stm32g4xx_hal_cortex.d" -MT"Drivers/STM32G4xx_HAL_Driver/Src/stm32g4xx_hal_cortex.o" --specs=nano.specs -mfpu=fpv4-sp-d16 -mfloat-abi=hard -mthumb -o "Drivers/STM32G4xx_HAL_Driver/Src/stm32g4xx_hal_cortex.o"
arm-none-eabi-gcc "../Drivers/STM32G4xx_HAL_Driver/Src/stm32g4xx_hal_dma.c" -mcpu=cortex-m4 -std=gnu11 -g3 -DDEBUG -DUSE_HAL_DRIVER -DSTM32G474xx -c -I../Core/Inc -I../Drivers/STM32G4xx_HAL_Driver/Inc -I../Drivers/STM32G4xx_HAL_Driver/Inc/Legacy -I../Drivers/CMSIS/Device/ST/STM32G4xx/Include -I../Drivers/CMSIS/Include -O0 -ffunction-sections -fdata-sections -Wall -fstack-usage -fcyclomatic-complexity -MMD -MP -MF"Drivers/STM32G4xx_HAL_Driver/Src/stm32g4xx_hal_dma.d" -MT"Drivers/STM32G4xx_HAL_Driver/Src/stm32g4xx_hal_dma.o" --specs=nano.specs -mfpu=fpv4-sp-d16 -mfloat-abi=hard -mthumb -o "Drivers/STM32G4xx_HAL_Driver/Src/stm32g4xx_hal_dma.o"
arm-none-eabi-gcc "../Drivers/STM32G4xx_HAL_Driver/Src/stm32g4xx_hal_dma_ex.c" -mcpu=cortex-m4 -std=gnu11 -g3 -DDEBUG -DUSE_HAL_DRIVER -DSTM32G474xx -c -I../Core/Inc -I../Drivers/STM32G4xx_HAL_Driver/Inc -I../Drivers/STM32G4xx_HAL_Driver/Inc/Legacy -I../Drivers/CMSIS/Device/ST/STM32G4xx/Include -I../Drivers/CMSIS/Include -O0 -ffunction-sections -fdata-sections -Wall -fstack-usage -fcyclomatic-complexity -MMD -MP -MF"Drivers/STM32G4xx_HAL_Driver/Src/stm32g4xx_hal_dma_ex.d" -MT"Drivers/STM32G4xx_HAL_Driver/Src/stm32g4xx_hal_dma_ex.o" --specs=nano.specs -mfpu=fpv4-sp-d16 -mfloat-abi=hard -mthumb -o "Drivers/STM32G4xx_HAL_Driver/Src/stm32g4xx_hal_dma_ex.o"
arm-none-eabi-gcc "../Drivers/STM32G4xx_HAL_Driver/Src/stm32g4xx_hal_exti.c" -mcpu=cortex-m4 -std=gnu11 -g3 -DDEBUG -DUSE_HAL_DRIVER -DSTM32G474xx -c -I../Core/Inc -I../Drivers/STM32G4xx_HAL_Driver/Inc -I../Drivers/STM32G4xx_HAL_Driver/Inc/Legacy -I../Drivers/CMSIS/Device/ST/STM32G4xx/Include -I../Drivers/CMSIS/Include -O0 -ffunction-sections -fdata-sections -Wall -fstack-usage -fcyclomatic-complexity -MMD -MP -MF"Drivers/STM32G4xx_HAL_Driver/Src/stm32g4xx_hal_exti.d" -MT"Drivers/STM32G4xx_HAL_Driver/Src/stm32g4xx_hal_exti.o" --specs=nano.specs -mfpu=fpv4-sp-d16 -mfloat-abi=hard -mthumb -o "Drivers/STM32G4xx_HAL_Driver/Src/stm32g4xx_hal_exti.o"
arm-none-eabi-gcc "../Drivers/STM32G4xx_HAL_Driver/Src/stm32g4xx_hal_flash.c" -mcpu=cortex-m4 -std=gnu11 -g3 -DDEBUG -DUSE_HAL_DRIVER -DSTM32G474xx -c -I../Core/Inc -I../Drivers/STM32G4xx_HAL_Driver/Inc -I../Drivers/STM32G4xx_HAL_Driver/Inc/Legacy -I../Drivers/CMSIS/Device/ST/STM32G4xx/Include -I../Drivers/CMSIS/Include -O0 -ffunction-sections -fdata-sections -Wall -fstack-usage -fcyclomatic-complexity -MMD -MP -MF"Drivers/STM32G4xx_HAL_Driver/Src/stm32g4xx_hal_flash.d" -MT"Drivers/STM32G4xx_HAL_Driver/Src/stm32g4xx_hal_flash.o" --specs=nano.specs -mfpu=fpv4-sp-d16 -mfloat-abi=hard -mthumb -o "Drivers/STM32G4xx_HAL_Driver/Src/stm32g4xx_hal_flash.o"
arm-none-eabi-gcc "../Drivers/STM32G4xx_HAL_Driver/Src/stm32g4xx_hal_flash_ex.c" -mcpu=cortex-m4 -std=gnu11 -g3 -DDEBUG -DUSE_HAL_DRIVER -DSTM32G474xx -c -I../Core/Inc -I../Drivers/STM32G4xx_HAL_Driver/Inc -I../Drivers/STM32G4xx_HAL_Driver/Inc/Legacy -I../Drivers/CMSIS/Device/ST/STM32G4xx/Include -I../Drivers/CMSIS/Include -O0 -ffunction-sections -fdata-sections -Wall -fstack-usage -fcyclomatic-complexity -MMD -MP -MF"Drivers/STM32G4xx_HAL_Driver/Src/stm32g4xx_hal_flash_ex.d" -MT"Drivers/STM32G4xx_HAL_Driver/Src/stm32g4xx_hal_flash_ex.o" --specs=nano.specs -mfpu=fpv4-sp-d16 -mfloat-abi=hard -mthumb -o "Drivers/STM32G4xx_HAL_Driver/Src/stm32g4xx_hal_flash_ex.o"
arm-none-eabi-gcc "../Drivers/STM32G4xx_HAL_Driver/Src/stm32g4xx_hal_flash_ramfunc.c" -mcpu=cortex-m4 -std=gnu11 -g3 -DDEBUG -DUSE_HAL_DRIVER -DSTM32G474xx -c -I../Core/Inc -I../Drivers/STM32G4xx_HAL_Driver/Inc -I../Drivers/STM32G4xx_HAL_Driver/Inc/Legacy -I../Drivers/CMSIS/Device/ST/STM32G4xx/Include -I../Drivers/CMSIS/Include -O0 -ffunction-sections -fdata-sections -Wall -fstack-usage -fcyclomatic-complexity -MMD -MP -MF"Drivers/STM32G4xx_HAL_Driver/Src/stm32g4xx_hal_flash_ramfunc.d" -MT"Drivers/STM32G4xx_HAL_Driver/Src/stm32g4xx_hal_flash_ramfunc.o" --specs=nano.specs -mfpu=fpv4-sp-d16 -mfloat-abi=hard -mthumb -o "Drivers/STM32G4xx_HAL_Driver/Src/stm32g4xx_hal_flash_ramfunc.o"
arm-none-eabi-gcc "../Drivers/STM32G4xx_HAL_Driver/Src/stm32g4xx_hal_gpio.c" -mcpu=cortex-m4 -std=gnu11 -g3 -DDEBUG -DUSE_HAL_DRIVER -DSTM32G474xx -c -I../Core/Inc -I../Drivers/STM32G4xx_HAL_Driver/Inc -I../Drivers/STM32G4xx_HAL_Driver/Inc/Legacy -I../Drivers/CMSIS/Device/ST/STM32G4xx/Include -I../Drivers/CMSIS/Include -O0 -ffunction-sections -fdata-sections -Wall -fstack-usage -fcyclomatic-complexity -MMD -MP -MF"Drivers/STM32G4xx_HAL_Driver/Src/stm32g4xx_hal_gpio.d" -MT"Drivers/STM32G4xx_HAL_Driver/Src/stm32g4xx_hal_gpio.o" --specs=nano.specs -mfpu=fpv4-sp-d16 -mfloat-abi=hard -mthumb -o "Drivers/STM32G4xx_HAL_Driver/Src/stm32g4xx_hal_gpio.o"
arm-none-eabi-gcc "../Drivers/STM32G4xx_HAL_Driver/Src/stm32g4xx_hal_pwr.c" -mcpu=cortex-m4 -std=gnu11 -g3 -DDEBUG -DUSE_HAL_DRIVER -DSTM32G474xx -c -I../Core/Inc -I../Drivers/STM32G4xx_HAL_Driver/Inc -I../Drivers/STM32G4xx_HAL_Driver/Inc/Legacy -I../Drivers/CMSIS/Device/ST/STM32G4xx/Include -I../Drivers/CMSIS/Include -O0 -ffunction-sections -fdata-sections -Wall -fstack-usage -fcyclomatic-complexity -MMD -MP -MF"Drivers/STM32G4xx_HAL_Driver/Src/stm32g4xx_hal_pwr.d" -MT"Drivers/STM32G4xx_HAL_Driver/Src/stm32g4xx_hal_pwr.o" --specs=nano.specs -mfpu=fpv4-sp-d16 -mfloat-abi=hard -mthumb -o "Drivers/STM32G4xx_HAL_Driver/Src/stm32g4xx_hal_pwr.o"
arm-none-eabi-gcc "../Drivers/STM32G4xx_HAL_Driver/Src/stm32g4xx_hal_pwr_ex.c" -mcpu=cortex-m4 -std=gnu11 -g3 -DDEBUG -DUSE_HAL_DRIVER -DSTM32G474xx -c -I../Core/Inc -I../Drivers/STM32G4xx_HAL_Driver/Inc -I../Drivers/STM32G4xx_HAL_Driver/Inc/Legacy -I../Drivers/CMSIS/Device/ST/STM32G4xx/Include -I../Drivers/CMSIS/Include -O0 -ffunction-sections -fdata-sections -Wall -fstack-usage -fcyclomatic-complexity -MMD -MP -MF"Drivers/STM32G4xx_HAL_Driver/Src/stm32g4xx_hal_pwr_ex.d" -MT"Drivers/STM32G4xx_HAL_Driver/Src/stm32g4xx_hal_pwr_ex.o" --specs=nano.specs -mfpu=fpv4-sp-d16 -mfloat-abi=hard -mthumb -o "Drivers/STM32G4xx_HAL_Driver/Src/stm32g4xx_hal_pwr_ex.o"
arm-none-eabi-gcc "../Drivers/STM32G4xx_HAL_Driver/Src/stm32g4xx_hal_rcc.c" -mcpu=cortex-m4 -std=gnu11 -g3 -DDEBUG -DUSE_HAL_DRIVER -DSTM32G474xx -c -I../Core/Inc -I../Drivers/STM32G4xx_HAL_Driver/Inc -I../Drivers/STM32G4xx_HAL_Driver/Inc/Legacy -I../Drivers/CMSIS/Device/ST/STM32G4xx/Include -I../Drivers/CMSIS/Include -O0 -ffunction-sections -fdata-sections -Wall -fstack-usage -fcyclomatic-complexity -MMD -MP -MF"Drivers/STM32G4xx_HAL_Driver/Src/stm32g4xx_hal_rcc.d" -MT"Drivers/STM32G4xx_HAL_Driver/Src/stm32g4xx_hal_rcc.o" --specs=nano.specs -mfpu=fpv4-sp-d16 -mfloat-abi=hard -mthumb -o "Drivers/STM32G4xx_HAL_Driver/Src/stm32g4xx_hal_rcc.o"
arm-none-eabi-gcc "../Drivers/STM32G4xx_HAL_Driver/Src/stm32g4xx_hal_rcc_ex.c" -mcpu=cortex-m4 -std=gnu11 -g3 -DDEBUG -DUSE_HAL_DRIVER -DSTM32G474xx -c -I../Core/Inc -I../Drivers/STM32G4xx_HAL_Driver/Inc -I../Drivers/STM32G4xx_HAL_Driver/Inc/Legacy -I../Drivers/CMSIS/Device/ST/STM32G4xx/Include -I../Drivers/CMSIS/Include -O0 -ffunction-sections -fdata-sections -Wall -fstack-usage -fcyclomatic-complexity -MMD -MP -MF"Drivers/STM32G4xx_HAL_Driver/Src/stm32g4xx_hal_rcc_ex.d" -MT"Drivers/STM32G4xx_HAL_Driver/Src/stm32g4xx_hal_rcc_ex.o" --specs=nano.specs -mfpu=fpv4-sp-d16 -mfloat-abi=hard -mthumb -o "Drivers/STM32G4xx_HAL_Driver/Src/stm32g4xx_hal_rcc_ex.o"
arm-none-eabi-gcc "../Drivers/STM32G4xx_HAL_Driver/Src/stm32g4xx_hal_tim.c" -mcpu=cortex-m4 -std=gnu11 -g3 -DDEBUG -DUSE_HAL_DRIVER -DSTM32G474xx -c -I../Core/Inc -I../Drivers/STM32G4xx_HAL_Driver/Inc -I../Drivers/STM32G4xx_HAL_Driver/Inc/Legacy -I../Drivers/CMSIS/Device/ST/STM32G4xx/Include -I../Drivers/CMSIS/Include -O0 -ffunction-sections -fdata-sections -Wall -fstack-usage -fcyclomatic-complexity -MMD -MP -MF"Drivers/STM32G4xx_HAL_Driver/Src/stm32g4xx_hal_tim.d" -MT"Drivers/STM32G4xx_HAL_Driver/Src/stm32g4xx_hal_tim.o" --specs=nano.specs -mfpu=fpv4-sp-d16 -mfloat-abi=hard -mthumb -o "Drivers/STM32G4xx_HAL_Driver/Src/stm32g4xx_hal_tim.o"
arm-none-eabi-gcc "../Drivers/STM32G4xx_HAL_Driver/Src/stm32g4xx_hal_tim_ex.c" -mcpu=cortex-m4 -std=gnu11 -g3 -DDEBUG -DUSE_HAL_DRIVER -DSTM32G474xx -c -I../Core/Inc -I../Drivers/STM32G4xx_HAL_Driver/Inc -I../Drivers/STM32G4xx_HAL_Driver/Inc/Legacy -I../Drivers/CMSIS/Device/ST/STM32G4xx/Include -I../Drivers/CMSIS/Include -O0 -ffunction-sections -fdata-sections -Wall -fstack-usage -fcyclomatic-complexity -MMD -MP -MF"Drivers/STM32G4xx_HAL_Driver/Src/stm32g4xx_hal_tim_ex.d" -MT"Drivers/STM32G4xx_HAL_Driver/Src/stm32g4xx_hal_tim_ex.o" --specs=nano.specs -mfpu=fpv4-sp-d16 -mfloat-abi=hard -mthumb -o "Drivers/STM32G4xx_HAL_Driver/Src/stm32g4xx_hal_tim_ex.o"
arm-none-eabi-gcc -mcpu=cortex-m4 -g3 -DDEBUG -c -x assembler-with-cpp -MMD -MP -MF"Core/Startup/startup_stm32g474retx.d" -MT"Core/Startup/startup_stm32g474retx.o" --specs=nano.specs -mfpu=fpv4-sp-d16 -mfloat-abi=hard -mthumb -o "Core/Startup/startup_stm32g474retx.o" "../Core/Startup/startup_stm32g474retx.s"
arm-none-eabi-gcc "../Core/Src/gpio.c" -mcpu=cortex-m4 -std=gnu11 -g3 -DDEBUG -DUSE_HAL_DRIVER -DSTM32G474xx -c -I../Core/Inc -I../Drivers/STM32G4xx_HAL_Driver/Inc -I../Drivers/STM32G4xx_HAL_Driver/Inc/Legacy -I../Drivers/CMSIS/Device/ST/STM32G4xx/Include -I../Drivers/CMSIS/Include -O0 -ffunction-sections -fdata-sections -Wall -fstack-usage -fcyclomatic-complexity -MMD -MP -MF"Core/Src/gpio.d" -MT"Core/Src/gpio.o" --specs=nano.specs -mfpu=fpv4-sp-d16 -mfloat-abi=hard -mthumb -o "Core/Src/gpio.o"
arm-none-eabi-gcc "../Core/Src/main.c" -mcpu=cortex-m4 -std=gnu11 -g3 -DDEBUG -DUSE_HAL_DRIVER -DSTM32G474xx -c -I../Core/Inc -I../Drivers/STM32G4xx_HAL_Driver/Inc -I../Drivers/STM32G4xx_HAL_Driver/Inc/Legacy -I../Drivers/CMSIS/Device/ST/STM32G4xx/Include -I../Drivers/CMSIS/Include -O0 -ffunction-sections -fdata-sections -Wall -fstack-usage -fcyclomatic-complexity -MMD -MP -MF"Core/Src/main.d" -MT"Core/Src/main.o" --specs=nano.specs -mfpu=fpv4-sp-d16 -mfloat-abi=hard -mthumb -o "Core/Src/main.o"
arm-none-eabi-gcc "../Core/Src/stm32g4xx_hal_msp.c" -mcpu=cortex-m4 -std=gnu11 -g3 -DDEBUG -DUSE_HAL_DRIVER -DSTM32G474xx -c -I../Core/Inc -I../Drivers/STM32G4xx_HAL_Driver/Inc -I../Drivers/STM32G4xx_HAL_Driver/Inc/Legacy -I../Drivers/CMSIS/Device/ST/STM32G4xx/Include -I../Drivers/CMSIS/Include -O0 -ffunction-sections -fdata-sections -Wall -fstack-usage -fcyclomatic-complexity -MMD -MP -MF"Core/Src/stm32g4xx_hal_msp.d" -MT"Core/Src/stm32g4xx_hal_msp.o" --specs=nano.specs -mfpu=fpv4-sp-d16 -mfloat-abi=hard -mthumb -o "Core/Src/stm32g4xx_hal_msp.o"
arm-none-eabi-gcc "../Core/Src/stm32g4xx_it.c" -mcpu=cortex-m4 -std=gnu11 -g3 -DDEBUG -DUSE_HAL_DRIVER -DSTM32G474xx -c -I../Core/Inc -I../Drivers/STM32G4xx_HAL_Driver/Inc -I../Drivers/STM32G4xx_HAL_Driver/Inc/Legacy -I../Drivers/CMSIS/Device/ST/STM32G4xx/Include -I../Drivers/CMSIS/Include -O0 -ffunction-sections -fdata-sections -Wall -fstack-usage -fcyclomatic-complexity -MMD -MP -MF"Core/Src/stm32g4xx_it.d" -MT"Core/Src/stm32g4xx_it.o" --specs=nano.specs -mfpu=fpv4-sp-d16 -mfloat-abi=hard -mthumb -o "Core/Src/stm32g4xx_it.o"
arm-none-eabi-gcc "../Core/Src/syscalls.c" -mcpu=cortex-m4 -std=gnu11 -g3 -DDEBUG -DUSE_HAL_DRIVER -DSTM32G474xx -c -I../Core/Inc -I../Drivers/STM32G4xx_HAL_Driver/Inc -I../Drivers/STM32G4xx_HAL_Driver/Inc/Legacy -I../Drivers/CMSIS/Device/ST/STM32G4xx/Include -I../Drivers/CMSIS/Include -O0 -ffunction-sections -fdata-sections -Wall -fstack-usage -fcyclomatic-complexity -MMD -MP -MF"Core/Src/syscalls.d" -MT"Core/Src/syscalls.o" --specs=nano.specs -mfpu=fpv4-sp-d16 -mfloat-abi=hard -mthumb -o "Core/Src/syscalls.o"
arm-none-eabi-gcc "../Core/Src/sysmem.c" -mcpu=cortex-m4 -std=gnu11 -g3 -DDEBUG -DUSE_HAL_DRIVER -DSTM32G474xx -c -I../Core/Inc -I../Drivers/STM32G4xx_HAL_Driver/Inc -I../Drivers/STM32G4xx_HAL_Driver/Inc/Legacy -I../Drivers/CMSIS/Device/ST/STM32G4xx/Include -I../Drivers/CMSIS/Include -O0 -ffunction-sections -fdata-sections -Wall -fstack-usage -fcyclomatic-complexity -MMD -MP -MF"Core/Src/sysmem.d" -MT"Core/Src/sysmem.o" --specs=nano.specs -mfpu=fpv4-sp-d16 -mfloat-abi=hard -mthumb -o "Core/Src/sysmem.o"
arm-none-eabi-gcc "../Core/Src/system_stm32g4xx.c" -mcpu=cortex-m4 -std=gnu11 -g3 -DDEBUG -DUSE_HAL_DRIVER -DSTM32G474xx -c -I../Core/Inc -I../Drivers/STM32G4xx_HAL_Driver/Inc -I../Drivers/STM32G4xx_HAL_Driver/Inc/Legacy -I../Drivers/CMSIS/Device/ST/STM32G4xx/Include -I../Drivers/CMSIS/Include -O0 -ffunction-sections -fdata-sections -Wall -fstack-usage -fcyclomatic-complexity -MMD -MP -MF"Core/Src/system_stm32g4xx.d" -MT"Core/Src/system_stm32g4xx.o" --specs=nano.specs -mfpu=fpv4-sp-d16 -mfloat-abi=hard -mthumb -o "Core/Src/system_stm32g4xx.o"
arm-none-eabi-gcc "../Core/Src/tim.c" -mcpu=cortex-m4 -std=gnu11 -g3 -DDEBUG -DUSE_HAL_DRIVER -DSTM32G474xx -c -I../Core/Inc -I../Drivers/STM32G4xx_HAL_Driver/Inc -I../Drivers/STM32G4xx_HAL_Driver/Inc/Legacy -I../Drivers/CMSIS/Device/ST/STM32G4xx/Include -I../Drivers/CMSIS/Include -O0 -ffunction-sections -fdata-sections -Wall -fstack-usage -fcyclomatic-complexity -MMD -MP -MF"Core/Src/tim.d" -MT"Core/Src/tim.o" --specs=nano.specs -mfpu=fpv4-sp-d16 -mfloat-abi=hard -mthumb -o "Core/Src/tim.o"
arm-none-eabi-gcc -o "DimmerAPulsanti.elf" @"objects.list"   -mcpu=cortex-m4 -T"C:\Users\frank\Documents\Uni\Embedded\project location\esercitazioni\ese2DimmeraPulsanti\DimmerAPulsanti\STM32G474RETX_FLASH.ld" --specs=nosys.specs -Wl,-Map="DimmerAPulsanti.map" -Wl,--gc-sections -static --specs=nano.specs -mfpu=fpv4-sp-d16 -mfloat-abi=hard -mthumb -Wl,--start-group -lc -lm -Wl,--end-group
Finished building target: DimmerAPulsanti.elf
 
arm-none-eabi-size  DimmerAPulsanti.elf 
arm-none-eabi-objdump -h -S DimmerAPulsanti.elf  > "DimmerAPulsanti.list"
   text	   data	    bss	    dec	    hex	filename
  11004	     12	   1660	  12676	   3184	DimmerAPulsanti.elf
Finished building: default.size.stdout
 
Finished building: DimmerAPulsanti.list
 
18:20:24 **** Clean-only build of configuration Debug for project DimmerCiclicoA4Livelli ****
make -j14 clean 
rm -rf ./Drivers/STM32G4xx_HAL_Driver/Src/stm32g4xx_hal.cyclo ./Drivers/STM32G4xx_HAL_Driver/Src/stm32g4xx_hal.d ./Drivers/STM32G4xx_HAL_Driver/Src/stm32g4xx_hal.o ./Drivers/STM32G4xx_HAL_Driver/Src/stm32g4xx_hal.su ./Drivers/STM32G4xx_HAL_Driver/Src/stm32g4xx_hal_cortex.cyclo ./Drivers/STM32G4xx_HAL_Driver/Src/stm32g4xx_hal_cortex.d ./Drivers/STM32G4xx_HAL_Driver/Src/stm32g4xx_hal_cortex.o ./Drivers/STM32G4xx_HAL_Driver/Src/stm32g4xx_hal_cortex.su ./Drivers/STM32G4xx_HAL_Driver/Src/stm32g4xx_hal_dma.cyclo ./Drivers/STM32G4xx_HAL_Driver/Src/stm32g4xx_hal_dma.d ./Drivers/STM32G4xx_HAL_Driver/Src/stm32g4xx_hal_dma.o ./Drivers/STM32G4xx_HAL_Driver/Src/stm32g4xx_hal_dma.su ./Drivers/STM32G4xx_HAL_Driver/Src/stm32g4xx_hal_dma_ex.cyclo ./Drivers/STM32G4xx_HAL_Driver/Src/stm32g4xx_hal_dma_ex.d ./Drivers/STM32G4xx_HAL_Driver/Src/stm32g4xx_hal_dma_ex.o ./Drivers/STM32G4xx_HAL_Driver/Src/stm32g4xx_hal_dma_ex.su ./Drivers/STM32G4xx_HAL_Driver/Src/stm32g4xx_hal_exti.cyclo ./Drivers/STM32G4xx_HAL_Driver/Src/stm32g4xx_hal_exti.d ./Drivers/STM32G4xx_HAL_Driver/Src/stm32g4xx_hal_exti.o ./Drivers/STM32G4xx_HAL_Driver/Src/stm32g4xx_hal_exti.su ./Drivers/STM32G4xx_HAL_Driver/Src/stm32g4xx_hal_flash.cyclo ./Drivers/STM32G4xx_HAL_Driver/Src/stm32g4xx_hal_flash.d ./Drivers/STM32G4xx_HAL_Driver/Src/stm32g4xx_hal_flash.o ./Drivers/STM32G4xx_HAL_Driver/Src/stm32g4xx_hal_flash.su ./Drivers/STM32G4xx_HAL_Driver/Src/stm32g4xx_hal_flash_ex.cyclo ./Drivers/STM32G4xx_HAL_Driver/Src/stm32g4xx_hal_flash_ex.d ./Drivers/STM32G4xx_HAL_Driver/Src/stm32g4xx_hal_flash_ex.o ./Drivers/STM32G4xx_HAL_Driver/Src/stm32g4xx_hal_flash_ex.su ./Drivers/STM32G4xx_HAL_Driver/Src/stm32g4xx_hal_flash_ramfunc.cyclo ./Drivers/STM32G4xx_HAL_Driver/Src/stm32g4xx_hal_flash_ramfunc.d ./Drivers/STM32G4xx_HAL_Driver/Src/stm32g4xx_hal_flash_ramfunc.o ./Drivers/STM32G4xx_HAL_Driver/Src/stm32g4xx_hal_flash_ramfunc.su ./Drivers/STM32G4xx_HAL_Driver/Src/stm32g4xx_hal_gpio.cyclo ./Drivers/STM32G4xx_HAL_Driver/Src/stm32g4xx_hal_gpio.d ./Drivers/STM32G4xx_HAL_Driver/Src/stm32g4xx_hal_gpio.o ./Drivers/STM32G4xx_HAL_Driver/Src/stm32g4xx_hal_gpio.su ./Drivers/STM32G4xx_HAL_Driver/Src/stm32g4xx_hal_pwr.cyclo ./Drivers/STM32G4xx_HAL_Driver/Src/stm32g4xx_hal_pwr.d ./Drivers/STM32G4xx_HAL_Driver/Src/stm32g4xx_hal_pwr.o ./Drivers/STM32G4xx_HAL_Driver/Src/stm32g4xx_hal_pwr.su ./Drivers/STM32G4xx_HAL_Driver/Src/stm32g4xx_hal_pwr_ex.cyclo ./Drivers/STM32G4xx_HAL_Driver/Src/stm32g4xx_hal_pwr_ex.d ./Drivers/STM32G4xx_HAL_Driver/Src/stm32g4xx_hal_pwr_ex.o ./Drivers/STM32G4xx_HAL_Driver/Src/stm32g4xx_hal_pwr_ex.su ./Drivers/STM32G4xx_HAL_Driver/Src/stm32g4xx_hal_rcc.cyclo ./Drivers/STM32G4xx_HAL_Driver/Src/stm32g4xx_hal_rcc.d ./Drivers/STM32G4xx_HAL_Driver/Src/stm32g4xx_hal_rcc.o ./Drivers/STM32G4xx_HAL_Driver/Src/stm32g4xx_hal_rcc.su ./Drivers/STM32G4xx_HAL_Driver/Src/stm32g4xx_hal_rcc_ex.cyclo ./Drivers/STM32G4xx_HAL_Driver/Src/stm32g4xx_hal_rcc_ex.d ./Drivers/STM32G4xx_HAL_Driver/Src/stm32g4xx_hal_rcc_ex.o ./Drivers/STM32G4xx_HAL_Driver/Src/stm32g4xx_hal_rcc_ex.su ./Drivers/STM32G4xx_HAL_Driver/Src/stm32g4xx_hal_tim.cyclo ./Drivers/STM32G4xx_HAL_Driver/Src/stm32g4xx_hal_tim.d ./Drivers/STM32G4xx_HAL_Driver/Src/stm32g4xx_hal_tim.o ./Drivers/STM32G4xx_HAL_Driver/Src/stm32g4xx_hal_tim.su ./Drivers/STM32G4xx_HAL_Driver/Src/stm32g4xx_hal_tim_ex.cyclo ./Drivers/STM32G4xx_HAL_Driver/Src/stm32g4xx_hal_tim_ex.d ./Drivers/STM32G4xx_HAL_Driver/Src/stm32g4xx_hal_tim_ex.o ./Drivers/STM32G4xx_HAL_Driver/Src/stm32g4xx_hal_tim_ex.su
rm -rf ./Core/Startup/startup_stm32g474retx.d ./Core/Startup/startup_stm32g474retx.o
rm -rf ./Core/Src/gpio.cyclo ./Core/Src/gpio.d ./Core/Src/gpio.o ./Core/Src/gpio.su ./Core/Src/main.cyclo ./Core/Src/main.d ./Core/Src/main.o ./Core/Src/main.su ./Core/Src/stm32g4xx_hal_msp.cyclo ./Core/Src/stm32g4xx_hal_msp.d ./Core/Src/stm32g4xx_hal_msp.o ./Core/Src/stm32g4xx_hal_msp.su ./Core/Src/stm32g4xx_it.cyclo ./Core/Src/stm32g4xx_it.d ./Core/Src/stm32g4xx_it.o ./Core/Src/stm32g4xx_it.su ./Core/Src/syscalls.cyclo ./Core/Src/syscalls.d ./Core/Src/syscalls.o ./Core/Src/syscalls.su ./Core/Src/sysmem.cyclo ./Core/Src/sysmem.d ./Core/Src/sysmem.o ./Core/Src/sysmem.su ./Core/Src/system_stm32g4xx.cyclo ./Core/Src/system_stm32g4xx.d ./Core/Src/system_stm32g4xx.o ./Core/Src/system_stm32g4xx.su ./Core/Src/tim.cyclo ./Core/Src/tim.d ./Core/Src/tim.o ./Core/Src/tim.su
rm -rf DimmerCiclicoA4Livelli.elf DimmerCiclicoA4Livelli.list DimmerCiclicoA4Livelli.map default.size.stdout
 
18:20:24 **** Build of configuration Debug for project DimmerCiclicoA4Livelli ****
make -j14 all 
arm-none-eabi-gcc "../Drivers/STM32G4xx_HAL_Driver/Src/stm32g4xx_hal.c" -mcpu=cortex-m4 -std=gnu11 -g3 -DDEBUG -DUSE_HAL_DRIVER -DSTM32G474xx -c -I../Core/Inc -I../Drivers/STM32G4xx_HAL_Driver/Inc -I../Drivers/STM32G4xx_HAL_Driver/Inc/Legacy -I../Drivers/CMSIS/Device/ST/STM32G4xx/Include -I../Drivers/CMSIS/Include -O0 -ffunction-sections -fdata-sections -Wall -fstack-usage -fcyclomatic-complexity -MMD -MP -MF"Drivers/STM32G4xx_HAL_Driver/Src/stm32g4xx_hal.d" -MT"Drivers/STM32G4xx_HAL_Driver/Src/stm32g4xx_hal.o" --specs=nano.specs -mfpu=fpv4-sp-d16 -mfloat-abi=hard -mthumb -o "Drivers/STM32G4xx_HAL_Driver/Src/stm32g4xx_hal.o"
arm-none-eabi-gcc "../Drivers/STM32G4xx_HAL_Driver/Src/stm32g4xx_hal_cortex.c" -mcpu=cortex-m4 -std=gnu11 -g3 -DDEBUG -DUSE_HAL_DRIVER -DSTM32G474xx -c -I../Core/Inc -I../Drivers/STM32G4xx_HAL_Driver/Inc -I../Drivers/STM32G4xx_HAL_Driver/Inc/Legacy -I../Drivers/CMSIS/Device/ST/STM32G4xx/Include -I../Drivers/CMSIS/Include -O0 -ffunction-sections -fdata-sections -Wall -fstack-usage -fcyclomatic-complexity -MMD -MP -MF"Drivers/STM32G4xx_HAL_Driver/Src/stm32g4xx_hal_cortex.d" -MT"Drivers/STM32G4xx_HAL_Driver/Src/stm32g4xx_hal_cortex.o" --specs=nano.specs -mfpu=fpv4-sp-d16 -mfloat-abi=hard -mthumb -o "Drivers/STM32G4xx_HAL_Driver/Src/stm32g4xx_hal_cortex.o"
arm-none-eabi-gcc "../Drivers/STM32G4xx_HAL_Driver/Src/stm32g4xx_hal_dma.c" -mcpu=cortex-m4 -std=gnu11 -g3 -DDEBUG -DUSE_HAL_DRIVER -DSTM32G474xx -c -I../Core/Inc -I../Drivers/STM32G4xx_HAL_Driver/Inc -I../Drivers/STM32G4xx_HAL_Driver/Inc/Legacy -I../Drivers/CMSIS/Device/ST/STM32G4xx/Include -I../Drivers/CMSIS/Include -O0 -ffunction-sections -fdata-sections -Wall -fstack-usage -fcyclomatic-complexity -MMD -MP -MF"Drivers/STM32G4xx_HAL_Driver/Src/stm32g4xx_hal_dma.d" -MT"Drivers/STM32G4xx_HAL_Driver/Src/stm32g4xx_hal_dma.o" --specs=nano.specs -mfpu=fpv4-sp-d16 -mfloat-abi=hard -mthumb -o "Drivers/STM32G4xx_HAL_Driver/Src/stm32g4xx_hal_dma.o"
arm-none-eabi-gcc "../Drivers/STM32G4xx_HAL_Driver/Src/stm32g4xx_hal_dma_ex.c" -mcpu=cortex-m4 -std=gnu11 -g3 -DDEBUG -DUSE_HAL_DRIVER -DSTM32G474xx -c -I../Core/Inc -I../Drivers/STM32G4xx_HAL_Driver/Inc -I../Drivers/STM32G4xx_HAL_Driver/Inc/Legacy -I../Drivers/CMSIS/Device/ST/STM32G4xx/Include -I../Drivers/CMSIS/Include -O0 -ffunction-sections -fdata-sections -Wall -fstack-usage -fcyclomatic-complexity -MMD -MP -MF"Drivers/STM32G4xx_HAL_Driver/Src/stm32g4xx_hal_dma_ex.d" -MT"Drivers/STM32G4xx_HAL_Driver/Src/stm32g4xx_hal_dma_ex.o" --specs=nano.specs -mfpu=fpv4-sp-d16 -mfloat-abi=hard -mthumb -o "Drivers/STM32G4xx_HAL_Driver/Src/stm32g4xx_hal_dma_ex.o"
arm-none-eabi-gcc "../Drivers/STM32G4xx_HAL_Driver/Src/stm32g4xx_hal_exti.c" -mcpu=cortex-m4 -std=gnu11 -g3 -DDEBUG -DUSE_HAL_DRIVER -DSTM32G474xx -c -I../Core/Inc -I../Drivers/STM32G4xx_HAL_Driver/Inc -I../Drivers/STM32G4xx_HAL_Driver/Inc/Legacy -I../Drivers/CMSIS/Device/ST/STM32G4xx/Include -I../Drivers/CMSIS/Include -O0 -ffunction-sections -fdata-sections -Wall -fstack-usage -fcyclomatic-complexity -MMD -MP -MF"Drivers/STM32G4xx_HAL_Driver/Src/stm32g4xx_hal_exti.d" -MT"Drivers/STM32G4xx_HAL_Driver/Src/stm32g4xx_hal_exti.o" --specs=nano.specs -mfpu=fpv4-sp-d16 -mfloat-abi=hard -mthumb -o "Drivers/STM32G4xx_HAL_Driver/Src/stm32g4xx_hal_exti.o"
arm-none-eabi-gcc "../Drivers/STM32G4xx_HAL_Driver/Src/stm32g4xx_hal_flash.c" -mcpu=cortex-m4 -std=gnu11 -g3 -DDEBUG -DUSE_HAL_DRIVER -DSTM32G474xx -c -I../Core/Inc -I../Drivers/STM32G4xx_HAL_Driver/Inc -I../Drivers/STM32G4xx_HAL_Driver/Inc/Legacy -I../Drivers/CMSIS/Device/ST/STM32G4xx/Include -I../Drivers/CMSIS/Include -O0 -ffunction-sections -fdata-sections -Wall -fstack-usage -fcyclomatic-complexity -MMD -MP -MF"Drivers/STM32G4xx_HAL_Driver/Src/stm32g4xx_hal_flash.d" -MT"Drivers/STM32G4xx_HAL_Driver/Src/stm32g4xx_hal_flash.o" --specs=nano.specs -mfpu=fpv4-sp-d16 -mfloat-abi=hard -mthumb -o "Drivers/STM32G4xx_HAL_Driver/Src/stm32g4xx_hal_flash.o"
arm-none-eabi-gcc "../Drivers/STM32G4xx_HAL_Driver/Src/stm32g4xx_hal_flash_ex.c" -mcpu=cortex-m4 -std=gnu11 -g3 -DDEBUG -DUSE_HAL_DRIVER -DSTM32G474xx -c -I../Core/Inc -I../Drivers/STM32G4xx_HAL_Driver/Inc -I../Drivers/STM32G4xx_HAL_Driver/Inc/Legacy -I../Drivers/CMSIS/Device/ST/STM32G4xx/Include -I../Drivers/CMSIS/Include -O0 -ffunction-sections -fdata-sections -Wall -fstack-usage -fcyclomatic-complexity -MMD -MP -MF"Drivers/STM32G4xx_HAL_Driver/Src/stm32g4xx_hal_flash_ex.d" -MT"Drivers/STM32G4xx_HAL_Driver/Src/stm32g4xx_hal_flash_ex.o" --specs=nano.specs -mfpu=fpv4-sp-d16 -mfloat-abi=hard -mthumb -o "Drivers/STM32G4xx_HAL_Driver/Src/stm32g4xx_hal_flash_ex.o"
arm-none-eabi-gcc "../Drivers/STM32G4xx_HAL_Driver/Src/stm32g4xx_hal_flash_ramfunc.c" -mcpu=cortex-m4 -std=gnu11 -g3 -DDEBUG -DUSE_HAL_DRIVER -DSTM32G474xx -c -I../Core/Inc -I../Drivers/STM32G4xx_HAL_Driver/Inc -I../Drivers/STM32G4xx_HAL_Driver/Inc/Legacy -I../Drivers/CMSIS/Device/ST/STM32G4xx/Include -I../Drivers/CMSIS/Include -O0 -ffunction-sections -fdata-sections -Wall -fstack-usage -fcyclomatic-complexity -MMD -MP -MF"Drivers/STM32G4xx_HAL_Driver/Src/stm32g4xx_hal_flash_ramfunc.d" -MT"Drivers/STM32G4xx_HAL_Driver/Src/stm32g4xx_hal_flash_ramfunc.o" --specs=nano.specs -mfpu=fpv4-sp-d16 -mfloat-abi=hard -mthumb -o "Drivers/STM32G4xx_HAL_Driver/Src/stm32g4xx_hal_flash_ramfunc.o"
arm-none-eabi-gcc "../Drivers/STM32G4xx_HAL_Driver/Src/stm32g4xx_hal_gpio.c" -mcpu=cortex-m4 -std=gnu11 -g3 -DDEBUG -DUSE_HAL_DRIVER -DSTM32G474xx -c -I../Core/Inc -I../Drivers/STM32G4xx_HAL_Driver/Inc -I../Drivers/STM32G4xx_HAL_Driver/Inc/Legacy -I../Drivers/CMSIS/Device/ST/STM32G4xx/Include -I../Drivers/CMSIS/Include -O0 -ffunction-sections -fdata-sections -Wall -fstack-usage -fcyclomatic-complexity -MMD -MP -MF"Drivers/STM32G4xx_HAL_Driver/Src/stm32g4xx_hal_gpio.d" -MT"Drivers/STM32G4xx_HAL_Driver/Src/stm32g4xx_hal_gpio.o" --specs=nano.specs -mfpu=fpv4-sp-d16 -mfloat-abi=hard -mthumb -o "Drivers/STM32G4xx_HAL_Driver/Src/stm32g4xx_hal_gpio.o"
arm-none-eabi-gcc "../Drivers/STM32G4xx_HAL_Driver/Src/stm32g4xx_hal_pwr.c" -mcpu=cortex-m4 -std=gnu11 -g3 -DDEBUG -DUSE_HAL_DRIVER -DSTM32G474xx -c -I../Core/Inc -I../Drivers/STM32G4xx_HAL_Driver/Inc -I../Drivers/STM32G4xx_HAL_Driver/Inc/Legacy -I../Drivers/CMSIS/Device/ST/STM32G4xx/Include -I../Drivers/CMSIS/Include -O0 -ffunction-sections -fdata-sections -Wall -fstack-usage -fcyclomatic-complexity -MMD -MP -MF"Drivers/STM32G4xx_HAL_Driver/Src/stm32g4xx_hal_pwr.d" -MT"Drivers/STM32G4xx_HAL_Driver/Src/stm32g4xx_hal_pwr.o" --specs=nano.specs -mfpu=fpv4-sp-d16 -mfloat-abi=hard -mthumb -o "Drivers/STM32G4xx_HAL_Driver/Src/stm32g4xx_hal_pwr.o"
arm-none-eabi-gcc "../Drivers/STM32G4xx_HAL_Driver/Src/stm32g4xx_hal_pwr_ex.c" -mcpu=cortex-m4 -std=gnu11 -g3 -DDEBUG -DUSE_HAL_DRIVER -DSTM32G474xx -c -I../Core/Inc -I../Drivers/STM32G4xx_HAL_Driver/Inc -I../Drivers/STM32G4xx_HAL_Driver/Inc/Legacy -I../Drivers/CMSIS/Device/ST/STM32G4xx/Include -I../Drivers/CMSIS/Include -O0 -ffunction-sections -fdata-sections -Wall -fstack-usage -fcyclomatic-complexity -MMD -MP -MF"Drivers/STM32G4xx_HAL_Driver/Src/stm32g4xx_hal_pwr_ex.d" -MT"Drivers/STM32G4xx_HAL_Driver/Src/stm32g4xx_hal_pwr_ex.o" --specs=nano.specs -mfpu=fpv4-sp-d16 -mfloat-abi=hard -mthumb -o "Drivers/STM32G4xx_HAL_Driver/Src/stm32g4xx_hal_pwr_ex.o"
arm-none-eabi-gcc "../Drivers/STM32G4xx_HAL_Driver/Src/stm32g4xx_hal_rcc.c" -mcpu=cortex-m4 -std=gnu11 -g3 -DDEBUG -DUSE_HAL_DRIVER -DSTM32G474xx -c -I../Core/Inc -I../Drivers/STM32G4xx_HAL_Driver/Inc -I../Drivers/STM32G4xx_HAL_Driver/Inc/Legacy -I../Drivers/CMSIS/Device/ST/STM32G4xx/Include -I../Drivers/CMSIS/Include -O0 -ffunction-sections -fdata-sections -Wall -fstack-usage -fcyclomatic-complexity -MMD -MP -MF"Drivers/STM32G4xx_HAL_Driver/Src/stm32g4xx_hal_rcc.d" -MT"Drivers/STM32G4xx_HAL_Driver/Src/stm32g4xx_hal_rcc.o" --specs=nano.specs -mfpu=fpv4-sp-d16 -mfloat-abi=hard -mthumb -o "Drivers/STM32G4xx_HAL_Driver/Src/stm32g4xx_hal_rcc.o"
arm-none-eabi-gcc "../Drivers/STM32G4xx_HAL_Driver/Src/stm32g4xx_hal_rcc_ex.c" -mcpu=cortex-m4 -std=gnu11 -g3 -DDEBUG -DUSE_HAL_DRIVER -DSTM32G474xx -c -I../Core/Inc -I../Drivers/STM32G4xx_HAL_Driver/Inc -I../Drivers/STM32G4xx_HAL_Driver/Inc/Legacy -I../Drivers/CMSIS/Device/ST/STM32G4xx/Include -I../Drivers/CMSIS/Include -O0 -ffunction-sections -fdata-sections -Wall -fstack-usage -fcyclomatic-complexity -MMD -MP -MF"Drivers/STM32G4xx_HAL_Driver/Src/stm32g4xx_hal_rcc_ex.d" -MT"Drivers/STM32G4xx_HAL_Driver/Src/stm32g4xx_hal_rcc_ex.o" --specs=nano.specs -mfpu=fpv4-sp-d16 -mfloat-abi=hard -mthumb -o "Drivers/STM32G4xx_HAL_Driver/Src/stm32g4xx_hal_rcc_ex.o"
arm-none-eabi-gcc "../Drivers/STM32G4xx_HAL_Driver/Src/stm32g4xx_hal_tim.c" -mcpu=cortex-m4 -std=gnu11 -g3 -DDEBUG -DUSE_HAL_DRIVER -DSTM32G474xx -c -I../Core/Inc -I../Drivers/STM32G4xx_HAL_Driver/Inc -I../Drivers/STM32G4xx_HAL_Driver/Inc/Legacy -I../Drivers/CMSIS/Device/ST/STM32G4xx/Include -I../Drivers/CMSIS/Include -O0 -ffunction-sections -fdata-sections -Wall -fstack-usage -fcyclomatic-complexity -MMD -MP -MF"Drivers/STM32G4xx_HAL_Driver/Src/stm32g4xx_hal_tim.d" -MT"Drivers/STM32G4xx_HAL_Driver/Src/stm32g4xx_hal_tim.o" --specs=nano.specs -mfpu=fpv4-sp-d16 -mfloat-abi=hard -mthumb -o "Drivers/STM32G4xx_HAL_Driver/Src/stm32g4xx_hal_tim.o"
arm-none-eabi-gcc "../Drivers/STM32G4xx_HAL_Driver/Src/stm32g4xx_hal_tim_ex.c" -mcpu=cortex-m4 -std=gnu11 -g3 -DDEBUG -DUSE_HAL_DRIVER -DSTM32G474xx -c -I../Core/Inc -I../Drivers/STM32G4xx_HAL_Driver/Inc -I../Drivers/STM32G4xx_HAL_Driver/Inc/Legacy -I../Drivers/CMSIS/Device/ST/STM32G4xx/Include -I../Drivers/CMSIS/Include -O0 -ffunction-sections -fdata-sections -Wall -fstack-usage -fcyclomatic-complexity -MMD -MP -MF"Drivers/STM32G4xx_HAL_Driver/Src/stm32g4xx_hal_tim_ex.d" -MT"Drivers/STM32G4xx_HAL_Driver/Src/stm32g4xx_hal_tim_ex.o" --specs=nano.specs -mfpu=fpv4-sp-d16 -mfloat-abi=hard -mthumb -o "Drivers/STM32G4xx_HAL_Driver/Src/stm32g4xx_hal_tim_ex.o"
arm-none-eabi-gcc -mcpu=cortex-m4 -g3 -DDEBUG -c -x assembler-with-cpp -MMD -MP -MF"Core/Startup/startup_stm32g474retx.d" -MT"Core/Startup/startup_stm32g474retx.o" --specs=nano.specs -mfpu=fpv4-sp-d16 -mfloat-abi=hard -mthumb -o "Core/Startup/startup_stm32g474retx.o" "../Core/Startup/startup_stm32g474retx.s"
arm-none-eabi-gcc "../Core/Src/gpio.c" -mcpu=cortex-m4 -std=gnu11 -g3 -DDEBUG -DUSE_HAL_DRIVER -DSTM32G474xx -c -I../Core/Inc -I../Drivers/STM32G4xx_HAL_Driver/Inc -I../Drivers/STM32G4xx_HAL_Driver/Inc/Legacy -I../Drivers/CMSIS/Device/ST/STM32G4xx/Include -I../Drivers/CMSIS/Include -O0 -ffunction-sections -fdata-sections -Wall -fstack-usage -fcyclomatic-complexity -MMD -MP -MF"Core/Src/gpio.d" -MT"Core/Src/gpio.o" --specs=nano.specs -mfpu=fpv4-sp-d16 -mfloat-abi=hard -mthumb -o "Core/Src/gpio.o"
arm-none-eabi-gcc "../Core/Src/main.c" -mcpu=cortex-m4 -std=gnu11 -g3 -DDEBUG -DUSE_HAL_DRIVER -DSTM32G474xx -c -I../Core/Inc -I../Drivers/STM32G4xx_HAL_Driver/Inc -I../Drivers/STM32G4xx_HAL_Driver/Inc/Legacy -I../Drivers/CMSIS/Device/ST/STM32G4xx/Include -I../Drivers/CMSIS/Include -O0 -ffunction-sections -fdata-sections -Wall -fstack-usage -fcyclomatic-complexity -MMD -MP -MF"Core/Src/main.d" -MT"Core/Src/main.o" --specs=nano.specs -mfpu=fpv4-sp-d16 -mfloat-abi=hard -mthumb -o "Core/Src/main.o"
arm-none-eabi-gcc "../Core/Src/stm32g4xx_hal_msp.c" -mcpu=cortex-m4 -std=gnu11 -g3 -DDEBUG -DUSE_HAL_DRIVER -DSTM32G474xx -c -I../Core/Inc -I../Drivers/STM32G4xx_HAL_Driver/Inc -I../Drivers/STM32G4xx_HAL_Driver/Inc/Legacy -I../Drivers/CMSIS/Device/ST/STM32G4xx/Include -I../Drivers/CMSIS/Include -O0 -ffunction-sections -fdata-sections -Wall -fstack-usage -fcyclomatic-complexity -MMD -MP -MF"Core/Src/stm32g4xx_hal_msp.d" -MT"Core/Src/stm32g4xx_hal_msp.o" --specs=nano.specs -mfpu=fpv4-sp-d16 -mfloat-abi=hard -mthumb -o "Core/Src/stm32g4xx_hal_msp.o"
arm-none-eabi-gcc "../Core/Src/stm32g4xx_it.c" -mcpu=cortex-m4 -std=gnu11 -g3 -DDEBUG -DUSE_HAL_DRIVER -DSTM32G474xx -c -I../Core/Inc -I../Drivers/STM32G4xx_HAL_Driver/Inc -I../Drivers/STM32G4xx_HAL_Driver/Inc/Legacy -I../Drivers/CMSIS/Device/ST/STM32G4xx/Include -I../Drivers/CMSIS/Include -O0 -ffunction-sections -fdata-sections -Wall -fstack-usage -fcyclomatic-complexity -MMD -MP -MF"Core/Src/stm32g4xx_it.d" -MT"Core/Src/stm32g4xx_it.o" --specs=nano.specs -mfpu=fpv4-sp-d16 -mfloat-abi=hard -mthumb -o "Core/Src/stm32g4xx_it.o"
arm-none-eabi-gcc "../Core/Src/syscalls.c" -mcpu=cortex-m4 -std=gnu11 -g3 -DDEBUG -DUSE_HAL_DRIVER -DSTM32G474xx -c -I../Core/Inc -I../Drivers/STM32G4xx_HAL_Driver/Inc -I../Drivers/STM32G4xx_HAL_Driver/Inc/Legacy -I../Drivers/CMSIS/Device/ST/STM32G4xx/Include -I../Drivers/CMSIS/Include -O0 -ffunction-sections -fdata-sections -Wall -fstack-usage -fcyclomatic-complexity -MMD -MP -MF"Core/Src/syscalls.d" -MT"Core/Src/syscalls.o" --specs=nano.specs -mfpu=fpv4-sp-d16 -mfloat-abi=hard -mthumb -o "Core/Src/syscalls.o"
arm-none-eabi-gcc "../Core/Src/sysmem.c" -mcpu=cortex-m4 -std=gnu11 -g3 -DDEBUG -DUSE_HAL_DRIVER -DSTM32G474xx -c -I../Core/Inc -I../Drivers/STM32G4xx_HAL_Driver/Inc -I../Drivers/STM32G4xx_HAL_Driver/Inc/Legacy -I../Drivers/CMSIS/Device/ST/STM32G4xx/Include -I../Drivers/CMSIS/Include -O0 -ffunction-sections -fdata-sections -Wall -fstack-usage -fcyclomatic-complexity -MMD -MP -MF"Core/Src/sysmem.d" -MT"Core/Src/sysmem.o" --specs=nano.specs -mfpu=fpv4-sp-d16 -mfloat-abi=hard -mthumb -o "Core/Src/sysmem.o"
arm-none-eabi-gcc "../Core/Src/system_stm32g4xx.c" -mcpu=cortex-m4 -std=gnu11 -g3 -DDEBUG -DUSE_HAL_DRIVER -DSTM32G474xx -c -I../Core/Inc -I../Drivers/STM32G4xx_HAL_Driver/Inc -I../Drivers/STM32G4xx_HAL_Driver/Inc/Legacy -I../Drivers/CMSIS/Device/ST/STM32G4xx/Include -I../Drivers/CMSIS/Include -O0 -ffunction-sections -fdata-sections -Wall -fstack-usage -fcyclomatic-complexity -MMD -MP -MF"Core/Src/system_stm32g4xx.d" -MT"Core/Src/system_stm32g4xx.o" --specs=nano.specs -mfpu=fpv4-sp-d16 -mfloat-abi=hard -mthumb -o "Core/Src/system_stm32g4xx.o"
arm-none-eabi-gcc "../Core/Src/tim.c" -mcpu=cortex-m4 -std=gnu11 -g3 -DDEBUG -DUSE_HAL_DRIVER -DSTM32G474xx -c -I../Core/Inc -I../Drivers/STM32G4xx_HAL_Driver/Inc -I../Drivers/STM32G4xx_HAL_Driver/Inc/Legacy -I../Drivers/CMSIS/Device/ST/STM32G4xx/Include -I../Drivers/CMSIS/Include -O0 -ffunction-sections -fdata-sections -Wall -fstack-usage -fcyclomatic-complexity -MMD -MP -MF"Core/Src/tim.d" -MT"Core/Src/tim.o" --specs=nano.specs -mfpu=fpv4-sp-d16 -mfloat-abi=hard -mthumb -o "Core/Src/tim.o"
arm-none-eabi-gcc -o "DimmerCiclicoA4Livelli.elf" @"objects.list"   -mcpu=cortex-m4 -T"C:\Users\frank\Documents\Uni\Embedded\project location\pwm\ese3\DimmerCiclicoA4Livelli\STM32G474RETX_FLASH.ld" --specs=nosys.specs -Wl,-Map="DimmerCiclicoA4Livelli.map" -Wl,--gc-sections -static --specs=nano.specs -mfpu=fpv4-sp-d16 -mfloat-abi=hard -mthumb -Wl,--start-group -lc -lm -Wl,--end-group
Finished building target: DimmerCiclicoA4Livelli.elf
 
arm-none-eabi-size  DimmerCiclicoA4Livelli.elf 
arm-none-eabi-objdump -h -S DimmerCiclicoA4Livelli.elf  > "DimmerCiclicoA4Livelli.list"
   text	   data	    bss	    dec	    hex	filename
  11016	     28	   1652	  12696	   3198	DimmerCiclicoA4Livelli.elf
Finished building: default.size.stdout
 
Finished building: DimmerCiclicoA4Livelli.list
 
18:20:26 **** Build of configuration Debug for project ESE1 ****
make -j14 all 
arm-none-eabi-size  ESE1.elf 
   text	   data	    bss	    dec	    hex	filename
   9100	     12	   1796	  10908	   2a9c	ESE1.elf
Finished building: default.size.stdout
 
18:20:26 **** Clean-only build of configuration Debug for project Es.1ControllodiTreLedEsterniConInterruzioni ****
make -j14 clean 
rm -rf ./Startup/startup_stm32g474retx.d ./Startup/startup_stm32g474retx.o
rm -rf ./Src/gpio.cyclo ./Src/gpio.d ./Src/gpio.o ./Src/gpio.su ./Src/main.cyclo ./Src/main.d ./Src/main.o ./Src/main.su ./Src/stm32g4xx_hal_msp.cyclo ./Src/stm32g4xx_hal_msp.d ./Src/stm32g4xx_hal_msp.o ./Src/stm32g4xx_hal_msp.su ./Src/stm32g4xx_it.cyclo ./Src/stm32g4xx_it.d ./Src/stm32g4xx_it.o ./Src/stm32g4xx_it.su ./Src/syscalls.cyclo ./Src/syscalls.d ./Src/syscalls.o ./Src/syscalls.su ./Src/sysmem.cyclo ./Src/sysmem.d ./Src/sysmem.o ./Src/sysmem.su ./Src/system_stm32g4xx.cyclo ./Src/system_stm32g4xx.d ./Src/system_stm32g4xx.o ./Src/system_stm32g4xx.su
rm -rf ./Drivers/STM32G4xx_HAL_Driver/Src/stm32g4xx_hal.cyclo ./Drivers/STM32G4xx_HAL_Driver/Src/stm32g4xx_hal.d ./Drivers/STM32G4xx_HAL_Driver/Src/stm32g4xx_hal.o ./Drivers/STM32G4xx_HAL_Driver/Src/stm32g4xx_hal.su ./Drivers/STM32G4xx_HAL_Driver/Src/stm32g4xx_hal_cortex.cyclo ./Drivers/STM32G4xx_HAL_Driver/Src/stm32g4xx_hal_cortex.d ./Drivers/STM32G4xx_HAL_Driver/Src/stm32g4xx_hal_cortex.o ./Drivers/STM32G4xx_HAL_Driver/Src/stm32g4xx_hal_cortex.su ./Drivers/STM32G4xx_HAL_Driver/Src/stm32g4xx_hal_dma.cyclo ./Drivers/STM32G4xx_HAL_Driver/Src/stm32g4xx_hal_dma.d ./Drivers/STM32G4xx_HAL_Driver/Src/stm32g4xx_hal_dma.o ./Drivers/STM32G4xx_HAL_Driver/Src/stm32g4xx_hal_dma.su ./Drivers/STM32G4xx_HAL_Driver/Src/stm32g4xx_hal_dma_ex.cyclo ./Drivers/STM32G4xx_HAL_Driver/Src/stm32g4xx_hal_dma_ex.d ./Drivers/STM32G4xx_HAL_Driver/Src/stm32g4xx_hal_dma_ex.o ./Drivers/STM32G4xx_HAL_Driver/Src/stm32g4xx_hal_dma_ex.su ./Drivers/STM32G4xx_HAL_Driver/Src/stm32g4xx_hal_exti.cyclo ./Drivers/STM32G4xx_HAL_Driver/Src/stm32g4xx_hal_exti.d ./Drivers/STM32G4xx_HAL_Driver/Src/stm32g4xx_hal_exti.o ./Drivers/STM32G4xx_HAL_Driver/Src/stm32g4xx_hal_exti.su ./Drivers/STM32G4xx_HAL_Driver/Src/stm32g4xx_hal_flash.cyclo ./Drivers/STM32G4xx_HAL_Driver/Src/stm32g4xx_hal_flash.d ./Drivers/STM32G4xx_HAL_Driver/Src/stm32g4xx_hal_flash.o ./Drivers/STM32G4xx_HAL_Driver/Src/stm32g4xx_hal_flash.su ./Drivers/STM32G4xx_HAL_Driver/Src/stm32g4xx_hal_flash_ex.cyclo ./Drivers/STM32G4xx_HAL_Driver/Src/stm32g4xx_hal_flash_ex.d ./Drivers/STM32G4xx_HAL_Driver/Src/stm32g4xx_hal_flash_ex.o ./Drivers/STM32G4xx_HAL_Driver/Src/stm32g4xx_hal_flash_ex.su ./Drivers/STM32G4xx_HAL_Driver/Src/stm32g4xx_hal_flash_ramfunc.cyclo ./Drivers/STM32G4xx_HAL_Driver/Src/stm32g4xx_hal_flash_ramfunc.d ./Drivers/STM32G4xx_HAL_Driver/Src/stm32g4xx_hal_flash_ramfunc.o ./Drivers/STM32G4xx_HAL_Driver/Src/stm32g4xx_hal_flash_ramfunc.su ./Drivers/STM32G4xx_HAL_Driver/Src/stm32g4xx_hal_gpio.cyclo ./Drivers/STM32G4xx_HAL_Driver/Src/stm32g4xx_hal_gpio.d ./Drivers/STM32G4xx_HAL_Driver/Src/stm32g4xx_hal_gpio.o ./Drivers/STM32G4xx_HAL_Driver/Src/stm32g4xx_hal_gpio.su ./Drivers/STM32G4xx_HAL_Driver/Src/stm32g4xx_hal_pwr.cyclo ./Drivers/STM32G4xx_HAL_Driver/Src/stm32g4xx_hal_pwr.d ./Drivers/STM32G4xx_HAL_Driver/Src/stm32g4xx_hal_pwr.o ./Drivers/STM32G4xx_HAL_Driver/Src/stm32g4xx_hal_pwr.su ./Drivers/STM32G4xx_HAL_Driver/Src/stm32g4xx_hal_pwr_ex.cyclo ./Drivers/STM32G4xx_HAL_Driver/Src/stm32g4xx_hal_pwr_ex.d ./Drivers/STM32G4xx_HAL_Driver/Src/stm32g4xx_hal_pwr_ex.o ./Drivers/STM32G4xx_HAL_Driver/Src/stm32g4xx_hal_pwr_ex.su ./Drivers/STM32G4xx_HAL_Driver/Src/stm32g4xx_hal_rcc.cyclo ./Drivers/STM32G4xx_HAL_Driver/Src/stm32g4xx_hal_rcc.d ./Drivers/STM32G4xx_HAL_Driver/Src/stm32g4xx_hal_rcc.o ./Drivers/STM32G4xx_HAL_Driver/Src/stm32g4xx_hal_rcc.su ./Drivers/STM32G4xx_HAL_Driver/Src/stm32g4xx_hal_rcc_ex.cyclo ./Drivers/STM32G4xx_HAL_Driver/Src/stm32g4xx_hal_rcc_ex.d ./Drivers/STM32G4xx_HAL_Driver/Src/stm32g4xx_hal_rcc_ex.o ./Drivers/STM32G4xx_HAL_Driver/Src/stm32g4xx_hal_rcc_ex.su
rm -rf Es.1ControllodiTreLedEsterniConInterruzioni.elf Es.1ControllodiTreLedEsterniConInterruzioni.list Es.1ControllodiTreLedEsterniConInterruzioni.map default.size.stdout
 
18:20:27 **** Build of configuration Debug for project Es.1ControllodiTreLedEsterniConInterruzioni ****
make -j14 all 
arm-none-eabi-gcc -mcpu=cortex-m4 -g3 -DDEBUG -c -x assembler-with-cpp -MMD -MP -MF"Startup/startup_stm32g474retx.d" -MT"Startup/startup_stm32g474retx.o" --specs=nano.specs -mfpu=fpv4-sp-d16 -mfloat-abi=hard -mthumb -o "Startup/startup_stm32g474retx.o" "../Startup/startup_stm32g474retx.s"
arm-none-eabi-gcc "../Src/gpio.c" -mcpu=cortex-m4 -std=gnu11 -g3 -DDEBUG -DUSE_HAL_DRIVER -DSTM32G474xx -c -I../Inc -I../Drivers/STM32G4xx_HAL_Driver/Inc -I../Drivers/STM32G4xx_HAL_Driver/Inc/Legacy -I../Drivers/CMSIS/Device/ST/STM32G4xx/Include -I../Drivers/CMSIS/Include -O0 -ffunction-sections -fdata-sections -Wall -fstack-usage -fcyclomatic-complexity -MMD -MP -MF"Src/gpio.d" -MT"Src/gpio.o" --specs=nano.specs -mfpu=fpv4-sp-d16 -mfloat-abi=hard -mthumb -o "Src/gpio.o"
arm-none-eabi-gcc "../Src/main.c" -mcpu=cortex-m4 -std=gnu11 -g3 -DDEBUG -DUSE_HAL_DRIVER -DSTM32G474xx -c -I../Inc -I../Drivers/STM32G4xx_HAL_Driver/Inc -I../Drivers/STM32G4xx_HAL_Driver/Inc/Legacy -I../Drivers/CMSIS/Device/ST/STM32G4xx/Include -I../Drivers/CMSIS/Include -O0 -ffunction-sections -fdata-sections -Wall -fstack-usage -fcyclomatic-complexity -MMD -MP -MF"Src/main.d" -MT"Src/main.o" --specs=nano.specs -mfpu=fpv4-sp-d16 -mfloat-abi=hard -mthumb -o "Src/main.o"
arm-none-eabi-gcc "../Src/stm32g4xx_hal_msp.c" -mcpu=cortex-m4 -std=gnu11 -g3 -DDEBUG -DUSE_HAL_DRIVER -DSTM32G474xx -c -I../Inc -I../Drivers/STM32G4xx_HAL_Driver/Inc -I../Drivers/STM32G4xx_HAL_Driver/Inc/Legacy -I../Drivers/CMSIS/Device/ST/STM32G4xx/Include -I../Drivers/CMSIS/Include -O0 -ffunction-sections -fdata-sections -Wall -fstack-usage -fcyclomatic-complexity -MMD -MP -MF"Src/stm32g4xx_hal_msp.d" -MT"Src/stm32g4xx_hal_msp.o" --specs=nano.specs -mfpu=fpv4-sp-d16 -mfloat-abi=hard -mthumb -o "Src/stm32g4xx_hal_msp.o"
arm-none-eabi-gcc "../Src/stm32g4xx_it.c" -mcpu=cortex-m4 -std=gnu11 -g3 -DDEBUG -DUSE_HAL_DRIVER -DSTM32G474xx -c -I../Inc -I../Drivers/STM32G4xx_HAL_Driver/Inc -I../Drivers/STM32G4xx_HAL_Driver/Inc/Legacy -I../Drivers/CMSIS/Device/ST/STM32G4xx/Include -I../Drivers/CMSIS/Include -O0 -ffunction-sections -fdata-sections -Wall -fstack-usage -fcyclomatic-complexity -MMD -MP -MF"Src/stm32g4xx_it.d" -MT"Src/stm32g4xx_it.o" --specs=nano.specs -mfpu=fpv4-sp-d16 -mfloat-abi=hard -mthumb -o "Src/stm32g4xx_it.o"
arm-none-eabi-gcc "../Src/syscalls.c" -mcpu=cortex-m4 -std=gnu11 -g3 -DDEBUG -DUSE_HAL_DRIVER -DSTM32G474xx -c -I../Inc -I../Drivers/STM32G4xx_HAL_Driver/Inc -I../Drivers/STM32G4xx_HAL_Driver/Inc/Legacy -I../Drivers/CMSIS/Device/ST/STM32G4xx/Include -I../Drivers/CMSIS/Include -O0 -ffunction-sections -fdata-sections -Wall -fstack-usage -fcyclomatic-complexity -MMD -MP -MF"Src/syscalls.d" -MT"Src/syscalls.o" --specs=nano.specs -mfpu=fpv4-sp-d16 -mfloat-abi=hard -mthumb -o "Src/syscalls.o"
arm-none-eabi-gcc "../Src/sysmem.c" -mcpu=cortex-m4 -std=gnu11 -g3 -DDEBUG -DUSE_HAL_DRIVER -DSTM32G474xx -c -I../Inc -I../Drivers/STM32G4xx_HAL_Driver/Inc -I../Drivers/STM32G4xx_HAL_Driver/Inc/Legacy -I../Drivers/CMSIS/Device/ST/STM32G4xx/Include -I../Drivers/CMSIS/Include -O0 -ffunction-sections -fdata-sections -Wall -fstack-usage -fcyclomatic-complexity -MMD -MP -MF"Src/sysmem.d" -MT"Src/sysmem.o" --specs=nano.specs -mfpu=fpv4-sp-d16 -mfloat-abi=hard -mthumb -o "Src/sysmem.o"
arm-none-eabi-gcc "../Src/system_stm32g4xx.c" -mcpu=cortex-m4 -std=gnu11 -g3 -DDEBUG -DUSE_HAL_DRIVER -DSTM32G474xx -c -I../Inc -I../Drivers/STM32G4xx_HAL_Driver/Inc -I../Drivers/STM32G4xx_HAL_Driver/Inc/Legacy -I../Drivers/CMSIS/Device/ST/STM32G4xx/Include -I../Drivers/CMSIS/Include -O0 -ffunction-sections -fdata-sections -Wall -fstack-usage -fcyclomatic-complexity -MMD -MP -MF"Src/system_stm32g4xx.d" -MT"Src/system_stm32g4xx.o" --specs=nano.specs -mfpu=fpv4-sp-d16 -mfloat-abi=hard -mthumb -o "Src/system_stm32g4xx.o"
arm-none-eabi-gcc "../Drivers/STM32G4xx_HAL_Driver/Src/stm32g4xx_hal.c" -mcpu=cortex-m4 -std=gnu11 -g3 -DDEBUG -DUSE_HAL_DRIVER -DSTM32G474xx -c -I../Inc -I../Drivers/STM32G4xx_HAL_Driver/Inc -I../Drivers/STM32G4xx_HAL_Driver/Inc/Legacy -I../Drivers/CMSIS/Device/ST/STM32G4xx/Include -I../Drivers/CMSIS/Include -O0 -ffunction-sections -fdata-sections -Wall -fstack-usage -fcyclomatic-complexity -MMD -MP -MF"Drivers/STM32G4xx_HAL_Driver/Src/stm32g4xx_hal.d" -MT"Drivers/STM32G4xx_HAL_Driver/Src/stm32g4xx_hal.o" --specs=nano.specs -mfpu=fpv4-sp-d16 -mfloat-abi=hard -mthumb -o "Drivers/STM32G4xx_HAL_Driver/Src/stm32g4xx_hal.o"
arm-none-eabi-gcc "../Drivers/STM32G4xx_HAL_Driver/Src/stm32g4xx_hal_cortex.c" -mcpu=cortex-m4 -std=gnu11 -g3 -DDEBUG -DUSE_HAL_DRIVER -DSTM32G474xx -c -I../Inc -I../Drivers/STM32G4xx_HAL_Driver/Inc -I../Drivers/STM32G4xx_HAL_Driver/Inc/Legacy -I../Drivers/CMSIS/Device/ST/STM32G4xx/Include -I../Drivers/CMSIS/Include -O0 -ffunction-sections -fdata-sections -Wall -fstack-usage -fcyclomatic-complexity -MMD -MP -MF"Drivers/STM32G4xx_HAL_Driver/Src/stm32g4xx_hal_cortex.d" -MT"Drivers/STM32G4xx_HAL_Driver/Src/stm32g4xx_hal_cortex.o" --specs=nano.specs -mfpu=fpv4-sp-d16 -mfloat-abi=hard -mthumb -o "Drivers/STM32G4xx_HAL_Driver/Src/stm32g4xx_hal_cortex.o"
arm-none-eabi-gcc "../Drivers/STM32G4xx_HAL_Driver/Src/stm32g4xx_hal_dma.c" -mcpu=cortex-m4 -std=gnu11 -g3 -DDEBUG -DUSE_HAL_DRIVER -DSTM32G474xx -c -I../Inc -I../Drivers/STM32G4xx_HAL_Driver/Inc -I../Drivers/STM32G4xx_HAL_Driver/Inc/Legacy -I../Drivers/CMSIS/Device/ST/STM32G4xx/Include -I../Drivers/CMSIS/Include -O0 -ffunction-sections -fdata-sections -Wall -fstack-usage -fcyclomatic-complexity -MMD -MP -MF"Drivers/STM32G4xx_HAL_Driver/Src/stm32g4xx_hal_dma.d" -MT"Drivers/STM32G4xx_HAL_Driver/Src/stm32g4xx_hal_dma.o" --specs=nano.specs -mfpu=fpv4-sp-d16 -mfloat-abi=hard -mthumb -o "Drivers/STM32G4xx_HAL_Driver/Src/stm32g4xx_hal_dma.o"
arm-none-eabi-gcc "../Drivers/STM32G4xx_HAL_Driver/Src/stm32g4xx_hal_dma_ex.c" -mcpu=cortex-m4 -std=gnu11 -g3 -DDEBUG -DUSE_HAL_DRIVER -DSTM32G474xx -c -I../Inc -I../Drivers/STM32G4xx_HAL_Driver/Inc -I../Drivers/STM32G4xx_HAL_Driver/Inc/Legacy -I../Drivers/CMSIS/Device/ST/STM32G4xx/Include -I../Drivers/CMSIS/Include -O0 -ffunction-sections -fdata-sections -Wall -fstack-usage -fcyclomatic-complexity -MMD -MP -MF"Drivers/STM32G4xx_HAL_Driver/Src/stm32g4xx_hal_dma_ex.d" -MT"Drivers/STM32G4xx_HAL_Driver/Src/stm32g4xx_hal_dma_ex.o" --specs=nano.specs -mfpu=fpv4-sp-d16 -mfloat-abi=hard -mthumb -o "Drivers/STM32G4xx_HAL_Driver/Src/stm32g4xx_hal_dma_ex.o"
arm-none-eabi-gcc "../Drivers/STM32G4xx_HAL_Driver/Src/stm32g4xx_hal_exti.c" -mcpu=cortex-m4 -std=gnu11 -g3 -DDEBUG -DUSE_HAL_DRIVER -DSTM32G474xx -c -I../Inc -I../Drivers/STM32G4xx_HAL_Driver/Inc -I../Drivers/STM32G4xx_HAL_Driver/Inc/Legacy -I../Drivers/CMSIS/Device/ST/STM32G4xx/Include -I../Drivers/CMSIS/Include -O0 -ffunction-sections -fdata-sections -Wall -fstack-usage -fcyclomatic-complexity -MMD -MP -MF"Drivers/STM32G4xx_HAL_Driver/Src/stm32g4xx_hal_exti.d" -MT"Drivers/STM32G4xx_HAL_Driver/Src/stm32g4xx_hal_exti.o" --specs=nano.specs -mfpu=fpv4-sp-d16 -mfloat-abi=hard -mthumb -o "Drivers/STM32G4xx_HAL_Driver/Src/stm32g4xx_hal_exti.o"
arm-none-eabi-gcc "../Drivers/STM32G4xx_HAL_Driver/Src/stm32g4xx_hal_flash.c" -mcpu=cortex-m4 -std=gnu11 -g3 -DDEBUG -DUSE_HAL_DRIVER -DSTM32G474xx -c -I../Inc -I../Drivers/STM32G4xx_HAL_Driver/Inc -I../Drivers/STM32G4xx_HAL_Driver/Inc/Legacy -I../Drivers/CMSIS/Device/ST/STM32G4xx/Include -I../Drivers/CMSIS/Include -O0 -ffunction-sections -fdata-sections -Wall -fstack-usage -fcyclomatic-complexity -MMD -MP -MF"Drivers/STM32G4xx_HAL_Driver/Src/stm32g4xx_hal_flash.d" -MT"Drivers/STM32G4xx_HAL_Driver/Src/stm32g4xx_hal_flash.o" --specs=nano.specs -mfpu=fpv4-sp-d16 -mfloat-abi=hard -mthumb -o "Drivers/STM32G4xx_HAL_Driver/Src/stm32g4xx_hal_flash.o"
arm-none-eabi-gcc "../Drivers/STM32G4xx_HAL_Driver/Src/stm32g4xx_hal_flash_ex.c" -mcpu=cortex-m4 -std=gnu11 -g3 -DDEBUG -DUSE_HAL_DRIVER -DSTM32G474xx -c -I../Inc -I../Drivers/STM32G4xx_HAL_Driver/Inc -I../Drivers/STM32G4xx_HAL_Driver/Inc/Legacy -I../Drivers/CMSIS/Device/ST/STM32G4xx/Include -I../Drivers/CMSIS/Include -O0 -ffunction-sections -fdata-sections -Wall -fstack-usage -fcyclomatic-complexity -MMD -MP -MF"Drivers/STM32G4xx_HAL_Driver/Src/stm32g4xx_hal_flash_ex.d" -MT"Drivers/STM32G4xx_HAL_Driver/Src/stm32g4xx_hal_flash_ex.o" --specs=nano.specs -mfpu=fpv4-sp-d16 -mfloat-abi=hard -mthumb -o "Drivers/STM32G4xx_HAL_Driver/Src/stm32g4xx_hal_flash_ex.o"
arm-none-eabi-gcc "../Drivers/STM32G4xx_HAL_Driver/Src/stm32g4xx_hal_flash_ramfunc.c" -mcpu=cortex-m4 -std=gnu11 -g3 -DDEBUG -DUSE_HAL_DRIVER -DSTM32G474xx -c -I../Inc -I../Drivers/STM32G4xx_HAL_Driver/Inc -I../Drivers/STM32G4xx_HAL_Driver/Inc/Legacy -I../Drivers/CMSIS/Device/ST/STM32G4xx/Include -I../Drivers/CMSIS/Include -O0 -ffunction-sections -fdata-sections -Wall -fstack-usage -fcyclomatic-complexity -MMD -MP -MF"Drivers/STM32G4xx_HAL_Driver/Src/stm32g4xx_hal_flash_ramfunc.d" -MT"Drivers/STM32G4xx_HAL_Driver/Src/stm32g4xx_hal_flash_ramfunc.o" --specs=nano.specs -mfpu=fpv4-sp-d16 -mfloat-abi=hard -mthumb -o "Drivers/STM32G4xx_HAL_Driver/Src/stm32g4xx_hal_flash_ramfunc.o"
arm-none-eabi-gcc "../Drivers/STM32G4xx_HAL_Driver/Src/stm32g4xx_hal_gpio.c" -mcpu=cortex-m4 -std=gnu11 -g3 -DDEBUG -DUSE_HAL_DRIVER -DSTM32G474xx -c -I../Inc -I../Drivers/STM32G4xx_HAL_Driver/Inc -I../Drivers/STM32G4xx_HAL_Driver/Inc/Legacy -I../Drivers/CMSIS/Device/ST/STM32G4xx/Include -I../Drivers/CMSIS/Include -O0 -ffunction-sections -fdata-sections -Wall -fstack-usage -fcyclomatic-complexity -MMD -MP -MF"Drivers/STM32G4xx_HAL_Driver/Src/stm32g4xx_hal_gpio.d" -MT"Drivers/STM32G4xx_HAL_Driver/Src/stm32g4xx_hal_gpio.o" --specs=nano.specs -mfpu=fpv4-sp-d16 -mfloat-abi=hard -mthumb -o "Drivers/STM32G4xx_HAL_Driver/Src/stm32g4xx_hal_gpio.o"
arm-none-eabi-gcc "../Drivers/STM32G4xx_HAL_Driver/Src/stm32g4xx_hal_pwr.c" -mcpu=cortex-m4 -std=gnu11 -g3 -DDEBUG -DUSE_HAL_DRIVER -DSTM32G474xx -c -I../Inc -I../Drivers/STM32G4xx_HAL_Driver/Inc -I../Drivers/STM32G4xx_HAL_Driver/Inc/Legacy -I../Drivers/CMSIS/Device/ST/STM32G4xx/Include -I../Drivers/CMSIS/Include -O0 -ffunction-sections -fdata-sections -Wall -fstack-usage -fcyclomatic-complexity -MMD -MP -MF"Drivers/STM32G4xx_HAL_Driver/Src/stm32g4xx_hal_pwr.d" -MT"Drivers/STM32G4xx_HAL_Driver/Src/stm32g4xx_hal_pwr.o" --specs=nano.specs -mfpu=fpv4-sp-d16 -mfloat-abi=hard -mthumb -o "Drivers/STM32G4xx_HAL_Driver/Src/stm32g4xx_hal_pwr.o"
arm-none-eabi-gcc "../Drivers/STM32G4xx_HAL_Driver/Src/stm32g4xx_hal_pwr_ex.c" -mcpu=cortex-m4 -std=gnu11 -g3 -DDEBUG -DUSE_HAL_DRIVER -DSTM32G474xx -c -I../Inc -I../Drivers/STM32G4xx_HAL_Driver/Inc -I../Drivers/STM32G4xx_HAL_Driver/Inc/Legacy -I../Drivers/CMSIS/Device/ST/STM32G4xx/Include -I../Drivers/CMSIS/Include -O0 -ffunction-sections -fdata-sections -Wall -fstack-usage -fcyclomatic-complexity -MMD -MP -MF"Drivers/STM32G4xx_HAL_Driver/Src/stm32g4xx_hal_pwr_ex.d" -MT"Drivers/STM32G4xx_HAL_Driver/Src/stm32g4xx_hal_pwr_ex.o" --specs=nano.specs -mfpu=fpv4-sp-d16 -mfloat-abi=hard -mthumb -o "Drivers/STM32G4xx_HAL_Driver/Src/stm32g4xx_hal_pwr_ex.o"
arm-none-eabi-gcc "../Drivers/STM32G4xx_HAL_Driver/Src/stm32g4xx_hal_rcc.c" -mcpu=cortex-m4 -std=gnu11 -g3 -DDEBUG -DUSE_HAL_DRIVER -DSTM32G474xx -c -I../Inc -I../Drivers/STM32G4xx_HAL_Driver/Inc -I../Drivers/STM32G4xx_HAL_Driver/Inc/Legacy -I../Drivers/CMSIS/Device/ST/STM32G4xx/Include -I../Drivers/CMSIS/Include -O0 -ffunction-sections -fdata-sections -Wall -fstack-usage -fcyclomatic-complexity -MMD -MP -MF"Drivers/STM32G4xx_HAL_Driver/Src/stm32g4xx_hal_rcc.d" -MT"Drivers/STM32G4xx_HAL_Driver/Src/stm32g4xx_hal_rcc.o" --specs=nano.specs -mfpu=fpv4-sp-d16 -mfloat-abi=hard -mthumb -o "Drivers/STM32G4xx_HAL_Driver/Src/stm32g4xx_hal_rcc.o"
arm-none-eabi-gcc "../Drivers/STM32G4xx_HAL_Driver/Src/stm32g4xx_hal_rcc_ex.c" -mcpu=cortex-m4 -std=gnu11 -g3 -DDEBUG -DUSE_HAL_DRIVER -DSTM32G474xx -c -I../Inc -I../Drivers/STM32G4xx_HAL_Driver/Inc -I../Drivers/STM32G4xx_HAL_Driver/Inc/Legacy -I../Drivers/CMSIS/Device/ST/STM32G4xx/Include -I../Drivers/CMSIS/Include -O0 -ffunction-sections -fdata-sections -Wall -fstack-usage -fcyclomatic-complexity -MMD -MP -MF"Drivers/STM32G4xx_HAL_Driver/Src/stm32g4xx_hal_rcc_ex.d" -MT"Drivers/STM32G4xx_HAL_Driver/Src/stm32g4xx_hal_rcc_ex.o" --specs=nano.specs -mfpu=fpv4-sp-d16 -mfloat-abi=hard -mthumb -o "Drivers/STM32G4xx_HAL_Driver/Src/stm32g4xx_hal_rcc_ex.o"
arm-none-eabi-gcc -o "Es.1ControllodiTreLedEsterniConInterruzioni.elf" @"objects.list"   -mcpu=cortex-m4 -T"C:\Users\frank\Documents\Uni\Embedded\project location\interruzioni\Es.1ControllodiTreLedEsterniConInterruzioni\Es.1ControllodiTreLedEsterniConInterruzioni\STM32G474RETX_FLASH.ld" --specs=nosys.specs -Wl,-Map="Es.1ControllodiTreLedEsterniConInterruzioni.map" -Wl,--gc-sections -static --specs=nano.specs -mfpu=fpv4-sp-d16 -mfloat-abi=hard -mthumb -Wl,--start-group -lc -lm -Wl,--end-group
Finished building target: Es.1ControllodiTreLedEsterniConInterruzioni.elf
 
arm-none-eabi-size  Es.1ControllodiTreLedEsterniConInterruzioni.elf 
arm-none-eabi-objdump -h -S Es.1ControllodiTreLedEsterniConInterruzioni.elf  > "Es.1ControllodiTreLedEsterniConInterruzioni.list"
   text	   data	    bss	    dec	    hex	filename
   6040	     12	   1572	   7624	   1dc8	Es.1ControllodiTreLedEsterniConInterruzioni.elf
Finished building: default.size.stdout
 
Finished building: Es.1ControllodiTreLedEsterniConInterruzioni.list
 
18:20:28 **** Build of configuration Debug for project FSMriconoscimentocodiceconautomaesteso ****
make -j14 all 
arm-none-eabi-gcc "../Drivers/STM32G4xx_HAL_Driver/Src/stm32g4xx_hal.c" -mcpu=cortex-m4 -std=gnu11 -g3 -DDEBUG -DUSE_HAL_DRIVER -DSTM32G474xx -c -I../Core/Inc -I../Drivers/STM32G4xx_HAL_Driver/Inc -I../Drivers/STM32G4xx_HAL_Driver/Inc/Legacy -I../Drivers/CMSIS/Device/ST/STM32G4xx/Include -I../Drivers/CMSIS/Include -O0 -ffunction-sections -fdata-sections -Wall -fstack-usage -fcyclomatic-complexity -MMD -MP -MF"Drivers/STM32G4xx_HAL_Driver/Src/stm32g4xx_hal.d" -MT"Drivers/STM32G4xx_HAL_Driver/Src/stm32g4xx_hal.o" --specs=nano.specs -mfpu=fpv4-sp-d16 -mfloat-abi=hard -mthumb -o "Drivers/STM32G4xx_HAL_Driver/Src/stm32g4xx_hal.o"
arm-none-eabi-gcc "../Drivers/STM32G4xx_HAL_Driver/Src/stm32g4xx_hal_cortex.c" -mcpu=cortex-m4 -std=gnu11 -g3 -DDEBUG -DUSE_HAL_DRIVER -DSTM32G474xx -c -I../Core/Inc -I../Drivers/STM32G4xx_HAL_Driver/Inc -I../Drivers/STM32G4xx_HAL_Driver/Inc/Legacy -I../Drivers/CMSIS/Device/ST/STM32G4xx/Include -I../Drivers/CMSIS/Include -O0 -ffunction-sections -fdata-sections -Wall -fstack-usage -fcyclomatic-complexity -MMD -MP -MF"Drivers/STM32G4xx_HAL_Driver/Src/stm32g4xx_hal_cortex.d" -MT"Drivers/STM32G4xx_HAL_Driver/Src/stm32g4xx_hal_cortex.o" --specs=nano.specs -mfpu=fpv4-sp-d16 -mfloat-abi=hard -mthumb -o "Drivers/STM32G4xx_HAL_Driver/Src/stm32g4xx_hal_cortex.o"
arm-none-eabi-gcc "../Drivers/STM32G4xx_HAL_Driver/Src/stm32g4xx_hal_dma.c" -mcpu=cortex-m4 -std=gnu11 -g3 -DDEBUG -DUSE_HAL_DRIVER -DSTM32G474xx -c -I../Core/Inc -I../Drivers/STM32G4xx_HAL_Driver/Inc -I../Drivers/STM32G4xx_HAL_Driver/Inc/Legacy -I../Drivers/CMSIS/Device/ST/STM32G4xx/Include -I../Drivers/CMSIS/Include -O0 -ffunction-sections -fdata-sections -Wall -fstack-usage -fcyclomatic-complexity -MMD -MP -MF"Drivers/STM32G4xx_HAL_Driver/Src/stm32g4xx_hal_dma.d" -MT"Drivers/STM32G4xx_HAL_Driver/Src/stm32g4xx_hal_dma.o" --specs=nano.specs -mfpu=fpv4-sp-d16 -mfloat-abi=hard -mthumb -o "Drivers/STM32G4xx_HAL_Driver/Src/stm32g4xx_hal_dma.o"
arm-none-eabi-gcc "../Drivers/STM32G4xx_HAL_Driver/Src/stm32g4xx_hal_dma_ex.c" -mcpu=cortex-m4 -std=gnu11 -g3 -DDEBUG -DUSE_HAL_DRIVER -DSTM32G474xx -c -I../Core/Inc -I../Drivers/STM32G4xx_HAL_Driver/Inc -I../Drivers/STM32G4xx_HAL_Driver/Inc/Legacy -I../Drivers/CMSIS/Device/ST/STM32G4xx/Include -I../Drivers/CMSIS/Include -O0 -ffunction-sections -fdata-sections -Wall -fstack-usage -fcyclomatic-complexity -MMD -MP -MF"Drivers/STM32G4xx_HAL_Driver/Src/stm32g4xx_hal_dma_ex.d" -MT"Drivers/STM32G4xx_HAL_Driver/Src/stm32g4xx_hal_dma_ex.o" --specs=nano.specs -mfpu=fpv4-sp-d16 -mfloat-abi=hard -mthumb -o "Drivers/STM32G4xx_HAL_Driver/Src/stm32g4xx_hal_dma_ex.o"
arm-none-eabi-gcc "../Drivers/STM32G4xx_HAL_Driver/Src/stm32g4xx_hal_exti.c" -mcpu=cortex-m4 -std=gnu11 -g3 -DDEBUG -DUSE_HAL_DRIVER -DSTM32G474xx -c -I../Core/Inc -I../Drivers/STM32G4xx_HAL_Driver/Inc -I../Drivers/STM32G4xx_HAL_Driver/Inc/Legacy -I../Drivers/CMSIS/Device/ST/STM32G4xx/Include -I../Drivers/CMSIS/Include -O0 -ffunction-sections -fdata-sections -Wall -fstack-usage -fcyclomatic-complexity -MMD -MP -MF"Drivers/STM32G4xx_HAL_Driver/Src/stm32g4xx_hal_exti.d" -MT"Drivers/STM32G4xx_HAL_Driver/Src/stm32g4xx_hal_exti.o" --specs=nano.specs -mfpu=fpv4-sp-d16 -mfloat-abi=hard -mthumb -o "Drivers/STM32G4xx_HAL_Driver/Src/stm32g4xx_hal_exti.o"
arm-none-eabi-gcc "../Drivers/STM32G4xx_HAL_Driver/Src/stm32g4xx_hal_flash.c" -mcpu=cortex-m4 -std=gnu11 -g3 -DDEBUG -DUSE_HAL_DRIVER -DSTM32G474xx -c -I../Core/Inc -I../Drivers/STM32G4xx_HAL_Driver/Inc -I../Drivers/STM32G4xx_HAL_Driver/Inc/Legacy -I../Drivers/CMSIS/Device/ST/STM32G4xx/Include -I../Drivers/CMSIS/Include -O0 -ffunction-sections -fdata-sections -Wall -fstack-usage -fcyclomatic-complexity -MMD -MP -MF"Drivers/STM32G4xx_HAL_Driver/Src/stm32g4xx_hal_flash.d" -MT"Drivers/STM32G4xx_HAL_Driver/Src/stm32g4xx_hal_flash.o" --specs=nano.specs -mfpu=fpv4-sp-d16 -mfloat-abi=hard -mthumb -o "Drivers/STM32G4xx_HAL_Driver/Src/stm32g4xx_hal_flash.o"
arm-none-eabi-gcc "../Drivers/STM32G4xx_HAL_Driver/Src/stm32g4xx_hal_flash_ex.c" -mcpu=cortex-m4 -std=gnu11 -g3 -DDEBUG -DUSE_HAL_DRIVER -DSTM32G474xx -c -I../Core/Inc -I../Drivers/STM32G4xx_HAL_Driver/Inc -I../Drivers/STM32G4xx_HAL_Driver/Inc/Legacy -I../Drivers/CMSIS/Device/ST/STM32G4xx/Include -I../Drivers/CMSIS/Include -O0 -ffunction-sections -fdata-sections -Wall -fstack-usage -fcyclomatic-complexity -MMD -MP -MF"Drivers/STM32G4xx_HAL_Driver/Src/stm32g4xx_hal_flash_ex.d" -MT"Drivers/STM32G4xx_HAL_Driver/Src/stm32g4xx_hal_flash_ex.o" --specs=nano.specs -mfpu=fpv4-sp-d16 -mfloat-abi=hard -mthumb -o "Drivers/STM32G4xx_HAL_Driver/Src/stm32g4xx_hal_flash_ex.o"
arm-none-eabi-gcc "../Drivers/STM32G4xx_HAL_Driver/Src/stm32g4xx_hal_flash_ramfunc.c" -mcpu=cortex-m4 -std=gnu11 -g3 -DDEBUG -DUSE_HAL_DRIVER -DSTM32G474xx -c -I../Core/Inc -I../Drivers/STM32G4xx_HAL_Driver/Inc -I../Drivers/STM32G4xx_HAL_Driver/Inc/Legacy -I../Drivers/CMSIS/Device/ST/STM32G4xx/Include -I../Drivers/CMSIS/Include -O0 -ffunction-sections -fdata-sections -Wall -fstack-usage -fcyclomatic-complexity -MMD -MP -MF"Drivers/STM32G4xx_HAL_Driver/Src/stm32g4xx_hal_flash_ramfunc.d" -MT"Drivers/STM32G4xx_HAL_Driver/Src/stm32g4xx_hal_flash_ramfunc.o" --specs=nano.specs -mfpu=fpv4-sp-d16 -mfloat-abi=hard -mthumb -o "Drivers/STM32G4xx_HAL_Driver/Src/stm32g4xx_hal_flash_ramfunc.o"
arm-none-eabi-gcc "../Drivers/STM32G4xx_HAL_Driver/Src/stm32g4xx_hal_gpio.c" -mcpu=cortex-m4 -std=gnu11 -g3 -DDEBUG -DUSE_HAL_DRIVER -DSTM32G474xx -c -I../Core/Inc -I../Drivers/STM32G4xx_HAL_Driver/Inc -I../Drivers/STM32G4xx_HAL_Driver/Inc/Legacy -I../Drivers/CMSIS/Device/ST/STM32G4xx/Include -I../Drivers/CMSIS/Include -O0 -ffunction-sections -fdata-sections -Wall -fstack-usage -fcyclomatic-complexity -MMD -MP -MF"Drivers/STM32G4xx_HAL_Driver/Src/stm32g4xx_hal_gpio.d" -MT"Drivers/STM32G4xx_HAL_Driver/Src/stm32g4xx_hal_gpio.o" --specs=nano.specs -mfpu=fpv4-sp-d16 -mfloat-abi=hard -mthumb -o "Drivers/STM32G4xx_HAL_Driver/Src/stm32g4xx_hal_gpio.o"
arm-none-eabi-gcc "../Drivers/STM32G4xx_HAL_Driver/Src/stm32g4xx_hal_pwr.c" -mcpu=cortex-m4 -std=gnu11 -g3 -DDEBUG -DUSE_HAL_DRIVER -DSTM32G474xx -c -I../Core/Inc -I../Drivers/STM32G4xx_HAL_Driver/Inc -I../Drivers/STM32G4xx_HAL_Driver/Inc/Legacy -I../Drivers/CMSIS/Device/ST/STM32G4xx/Include -I../Drivers/CMSIS/Include -O0 -ffunction-sections -fdata-sections -Wall -fstack-usage -fcyclomatic-complexity -MMD -MP -MF"Drivers/STM32G4xx_HAL_Driver/Src/stm32g4xx_hal_pwr.d" -MT"Drivers/STM32G4xx_HAL_Driver/Src/stm32g4xx_hal_pwr.o" --specs=nano.specs -mfpu=fpv4-sp-d16 -mfloat-abi=hard -mthumb -o "Drivers/STM32G4xx_HAL_Driver/Src/stm32g4xx_hal_pwr.o"
arm-none-eabi-gcc "../Drivers/STM32G4xx_HAL_Driver/Src/stm32g4xx_hal_pwr_ex.c" -mcpu=cortex-m4 -std=gnu11 -g3 -DDEBUG -DUSE_HAL_DRIVER -DSTM32G474xx -c -I../Core/Inc -I../Drivers/STM32G4xx_HAL_Driver/Inc -I../Drivers/STM32G4xx_HAL_Driver/Inc/Legacy -I../Drivers/CMSIS/Device/ST/STM32G4xx/Include -I../Drivers/CMSIS/Include -O0 -ffunction-sections -fdata-sections -Wall -fstack-usage -fcyclomatic-complexity -MMD -MP -MF"Drivers/STM32G4xx_HAL_Driver/Src/stm32g4xx_hal_pwr_ex.d" -MT"Drivers/STM32G4xx_HAL_Driver/Src/stm32g4xx_hal_pwr_ex.o" --specs=nano.specs -mfpu=fpv4-sp-d16 -mfloat-abi=hard -mthumb -o "Drivers/STM32G4xx_HAL_Driver/Src/stm32g4xx_hal_pwr_ex.o"
arm-none-eabi-gcc "../Drivers/STM32G4xx_HAL_Driver/Src/stm32g4xx_hal_rcc.c" -mcpu=cortex-m4 -std=gnu11 -g3 -DDEBUG -DUSE_HAL_DRIVER -DSTM32G474xx -c -I../Core/Inc -I../Drivers/STM32G4xx_HAL_Driver/Inc -I../Drivers/STM32G4xx_HAL_Driver/Inc/Legacy -I../Drivers/CMSIS/Device/ST/STM32G4xx/Include -I../Drivers/CMSIS/Include -O0 -ffunction-sections -fdata-sections -Wall -fstack-usage -fcyclomatic-complexity -MMD -MP -MF"Drivers/STM32G4xx_HAL_Driver/Src/stm32g4xx_hal_rcc.d" -MT"Drivers/STM32G4xx_HAL_Driver/Src/stm32g4xx_hal_rcc.o" --specs=nano.specs -mfpu=fpv4-sp-d16 -mfloat-abi=hard -mthumb -o "Drivers/STM32G4xx_HAL_Driver/Src/stm32g4xx_hal_rcc.o"
arm-none-eabi-gcc "../Drivers/STM32G4xx_HAL_Driver/Src/stm32g4xx_hal_rcc_ex.c" -mcpu=cortex-m4 -std=gnu11 -g3 -DDEBUG -DUSE_HAL_DRIVER -DSTM32G474xx -c -I../Core/Inc -I../Drivers/STM32G4xx_HAL_Driver/Inc -I../Drivers/STM32G4xx_HAL_Driver/Inc/Legacy -I../Drivers/CMSIS/Device/ST/STM32G4xx/Include -I../Drivers/CMSIS/Include -O0 -ffunction-sections -fdata-sections -Wall -fstack-usage -fcyclomatic-complexity -MMD -MP -MF"Drivers/STM32G4xx_HAL_Driver/Src/stm32g4xx_hal_rcc_ex.d" -MT"Drivers/STM32G4xx_HAL_Driver/Src/stm32g4xx_hal_rcc_ex.o" --specs=nano.specs -mfpu=fpv4-sp-d16 -mfloat-abi=hard -mthumb -o "Drivers/STM32G4xx_HAL_Driver/Src/stm32g4xx_hal_rcc_ex.o"
arm-none-eabi-gcc "../Drivers/STM32G4xx_HAL_Driver/Src/stm32g4xx_hal_uart.c" -mcpu=cortex-m4 -std=gnu11 -g3 -DDEBUG -DUSE_HAL_DRIVER -DSTM32G474xx -c -I../Core/Inc -I../Drivers/STM32G4xx_HAL_Driver/Inc -I../Drivers/STM32G4xx_HAL_Driver/Inc/Legacy -I../Drivers/CMSIS/Device/ST/STM32G4xx/Include -I../Drivers/CMSIS/Include -O0 -ffunction-sections -fdata-sections -Wall -fstack-usage -fcyclomatic-complexity -MMD -MP -MF"Drivers/STM32G4xx_HAL_Driver/Src/stm32g4xx_hal_uart.d" -MT"Drivers/STM32G4xx_HAL_Driver/Src/stm32g4xx_hal_uart.o" --specs=nano.specs -mfpu=fpv4-sp-d16 -mfloat-abi=hard -mthumb -o "Drivers/STM32G4xx_HAL_Driver/Src/stm32g4xx_hal_uart.o"
arm-none-eabi-gcc "../Drivers/STM32G4xx_HAL_Driver/Src/stm32g4xx_hal_uart_ex.c" -mcpu=cortex-m4 -std=gnu11 -g3 -DDEBUG -DUSE_HAL_DRIVER -DSTM32G474xx -c -I../Core/Inc -I../Drivers/STM32G4xx_HAL_Driver/Inc -I../Drivers/STM32G4xx_HAL_Driver/Inc/Legacy -I../Drivers/CMSIS/Device/ST/STM32G4xx/Include -I../Drivers/CMSIS/Include -O0 -ffunction-sections -fdata-sections -Wall -fstack-usage -fcyclomatic-complexity -MMD -MP -MF"Drivers/STM32G4xx_HAL_Driver/Src/stm32g4xx_hal_uart_ex.d" -MT"Drivers/STM32G4xx_HAL_Driver/Src/stm32g4xx_hal_uart_ex.o" --specs=nano.specs -mfpu=fpv4-sp-d16 -mfloat-abi=hard -mthumb -o "Drivers/STM32G4xx_HAL_Driver/Src/stm32g4xx_hal_uart_ex.o"
arm-none-eabi-gcc -mcpu=cortex-m4 -g3 -DDEBUG -c -x assembler-with-cpp -MMD -MP -MF"Core/Startup/startup_stm32g474retx.d" -MT"Core/Startup/startup_stm32g474retx.o" --specs=nano.specs -mfpu=fpv4-sp-d16 -mfloat-abi=hard -mthumb -o "Core/Startup/startup_stm32g474retx.o" "../Core/Startup/startup_stm32g474retx.s"
arm-none-eabi-gcc "../Core/Src/button.c" -mcpu=cortex-m4 -std=gnu11 -g3 -DDEBUG -DUSE_HAL_DRIVER -DSTM32G474xx -c -I../Core/Inc -I../Drivers/STM32G4xx_HAL_Driver/Inc -I../Drivers/STM32G4xx_HAL_Driver/Inc/Legacy -I../Drivers/CMSIS/Device/ST/STM32G4xx/Include -I../Drivers/CMSIS/Include -O0 -ffunction-sections -fdata-sections -Wall -fstack-usage -fcyclomatic-complexity -MMD -MP -MF"Core/Src/button.d" -MT"Core/Src/button.o" --specs=nano.specs -mfpu=fpv4-sp-d16 -mfloat-abi=hard -mthumb -o "Core/Src/button.o"
arm-none-eabi-gcc "../Core/Src/fsm_logic.c" -mcpu=cortex-m4 -std=gnu11 -g3 -DDEBUG -DUSE_HAL_DRIVER -DSTM32G474xx -c -I../Core/Inc -I../Drivers/STM32G4xx_HAL_Driver/Inc -I../Drivers/STM32G4xx_HAL_Driver/Inc/Legacy -I../Drivers/CMSIS/Device/ST/STM32G4xx/Include -I../Drivers/CMSIS/Include -O0 -ffunction-sections -fdata-sections -Wall -fstack-usage -fcyclomatic-complexity -MMD -MP -MF"Core/Src/fsm_logic.d" -MT"Core/Src/fsm_logic.o" --specs=nano.specs -mfpu=fpv4-sp-d16 -mfloat-abi=hard -mthumb -o "Core/Src/fsm_logic.o"
arm-none-eabi-gcc "../Core/Src/gpio.c" -mcpu=cortex-m4 -std=gnu11 -g3 -DDEBUG -DUSE_HAL_DRIVER -DSTM32G474xx -c -I../Core/Inc -I../Drivers/STM32G4xx_HAL_Driver/Inc -I../Drivers/STM32G4xx_HAL_Driver/Inc/Legacy -I../Drivers/CMSIS/Device/ST/STM32G4xx/Include -I../Drivers/CMSIS/Include -O0 -ffunction-sections -fdata-sections -Wall -fstack-usage -fcyclomatic-complexity -MMD -MP -MF"Core/Src/gpio.d" -MT"Core/Src/gpio.o" --specs=nano.specs -mfpu=fpv4-sp-d16 -mfloat-abi=hard -mthumb -o "Core/Src/gpio.o"
arm-none-eabi-gcc "../Core/Src/led.c" -mcpu=cortex-m4 -std=gnu11 -g3 -DDEBUG -DUSE_HAL_DRIVER -DSTM32G474xx -c -I../Core/Inc -I../Drivers/STM32G4xx_HAL_Driver/Inc -I../Drivers/STM32G4xx_HAL_Driver/Inc/Legacy -I../Drivers/CMSIS/Device/ST/STM32G4xx/Include -I../Drivers/CMSIS/Include -O0 -ffunction-sections -fdata-sections -Wall -fstack-usage -fcyclomatic-complexity -MMD -MP -MF"Core/Src/led.d" -MT"Core/Src/led.o" --specs=nano.specs -mfpu=fpv4-sp-d16 -mfloat-abi=hard -mthumb -o "Core/Src/led.o"
arm-none-eabi-gcc "../Core/Src/main.c" -mcpu=cortex-m4 -std=gnu11 -g3 -DDEBUG -DUSE_HAL_DRIVER -DSTM32G474xx -c -I../Core/Inc -I../Drivers/STM32G4xx_HAL_Driver/Inc -I../Drivers/STM32G4xx_HAL_Driver/Inc/Legacy -I../Drivers/CMSIS/Device/ST/STM32G4xx/Include -I../Drivers/CMSIS/Include -O0 -ffunction-sections -fdata-sections -Wall -fstack-usage -fcyclomatic-complexity -MMD -MP -MF"Core/Src/main.d" -MT"Core/Src/main.o" --specs=nano.specs -mfpu=fpv4-sp-d16 -mfloat-abi=hard -mthumb -o "Core/Src/main.o"
arm-none-eabi-gcc "../Core/Src/queue.c" -mcpu=cortex-m4 -std=gnu11 -g3 -DDEBUG -DUSE_HAL_DRIVER -DSTM32G474xx -c -I../Core/Inc -I../Drivers/STM32G4xx_HAL_Driver/Inc -I../Drivers/STM32G4xx_HAL_Driver/Inc/Legacy -I../Drivers/CMSIS/Device/ST/STM32G4xx/Include -I../Drivers/CMSIS/Include -O0 -ffunction-sections -fdata-sections -Wall -fstack-usage -fcyclomatic-complexity -MMD -MP -MF"Core/Src/queue.d" -MT"Core/Src/queue.o" --specs=nano.specs -mfpu=fpv4-sp-d16 -mfloat-abi=hard -mthumb -o "Core/Src/queue.o"
arm-none-eabi-gcc "../Core/Src/stm32g4xx_hal_msp.c" -mcpu=cortex-m4 -std=gnu11 -g3 -DDEBUG -DUSE_HAL_DRIVER -DSTM32G474xx -c -I../Core/Inc -I../Drivers/STM32G4xx_HAL_Driver/Inc -I../Drivers/STM32G4xx_HAL_Driver/Inc/Legacy -I../Drivers/CMSIS/Device/ST/STM32G4xx/Include -I../Drivers/CMSIS/Include -O0 -ffunction-sections -fdata-sections -Wall -fstack-usage -fcyclomatic-complexity -MMD -MP -MF"Core/Src/stm32g4xx_hal_msp.d" -MT"Core/Src/stm32g4xx_hal_msp.o" --specs=nano.specs -mfpu=fpv4-sp-d16 -mfloat-abi=hard -mthumb -o "Core/Src/stm32g4xx_hal_msp.o"
arm-none-eabi-gcc "../Core/Src/stm32g4xx_it.c" -mcpu=cortex-m4 -std=gnu11 -g3 -DDEBUG -DUSE_HAL_DRIVER -DSTM32G474xx -c -I../Core/Inc -I../Drivers/STM32G4xx_HAL_Driver/Inc -I../Drivers/STM32G4xx_HAL_Driver/Inc/Legacy -I../Drivers/CMSIS/Device/ST/STM32G4xx/Include -I../Drivers/CMSIS/Include -O0 -ffunction-sections -fdata-sections -Wall -fstack-usage -fcyclomatic-complexity -MMD -MP -MF"Core/Src/stm32g4xx_it.d" -MT"Core/Src/stm32g4xx_it.o" --specs=nano.specs -mfpu=fpv4-sp-d16 -mfloat-abi=hard -mthumb -o "Core/Src/stm32g4xx_it.o"
arm-none-eabi-gcc "../Core/Src/syscalls.c" -mcpu=cortex-m4 -std=gnu11 -g3 -DDEBUG -DUSE_HAL_DRIVER -DSTM32G474xx -c -I../Core/Inc -I../Drivers/STM32G4xx_HAL_Driver/Inc -I../Drivers/STM32G4xx_HAL_Driver/Inc/Legacy -I../Drivers/CMSIS/Device/ST/STM32G4xx/Include -I../Drivers/CMSIS/Include -O0 -ffunction-sections -fdata-sections -Wall -fstack-usage -fcyclomatic-complexity -MMD -MP -MF"Core/Src/syscalls.d" -MT"Core/Src/syscalls.o" --specs=nano.specs -mfpu=fpv4-sp-d16 -mfloat-abi=hard -mthumb -o "Core/Src/syscalls.o"
arm-none-eabi-gcc "../Core/Src/sysmem.c" -mcpu=cortex-m4 -std=gnu11 -g3 -DDEBUG -DUSE_HAL_DRIVER -DSTM32G474xx -c -I../Core/Inc -I../Drivers/STM32G4xx_HAL_Driver/Inc -I../Drivers/STM32G4xx_HAL_Driver/Inc/Legacy -I../Drivers/CMSIS/Device/ST/STM32G4xx/Include -I../Drivers/CMSIS/Include -O0 -ffunction-sections -fdata-sections -Wall -fstack-usage -fcyclomatic-complexity -MMD -MP -MF"Core/Src/sysmem.d" -MT"Core/Src/sysmem.o" --specs=nano.specs -mfpu=fpv4-sp-d16 -mfloat-abi=hard -mthumb -o "Core/Src/sysmem.o"
arm-none-eabi-gcc "../Core/Src/system_stm32g4xx.c" -mcpu=cortex-m4 -std=gnu11 -g3 -DDEBUG -DUSE_HAL_DRIVER -DSTM32G474xx -c -I../Core/Inc -I../Drivers/STM32G4xx_HAL_Driver/Inc -I../Drivers/STM32G4xx_HAL_Driver/Inc/Legacy -I../Drivers/CMSIS/Device/ST/STM32G4xx/Include -I../Drivers/CMSIS/Include -O0 -ffunction-sections -fdata-sections -Wall -fstack-usage -fcyclomatic-complexity -MMD -MP -MF"Core/Src/system_stm32g4xx.d" -MT"Core/Src/system_stm32g4xx.o" --specs=nano.specs -mfpu=fpv4-sp-d16 -mfloat-abi=hard -mthumb -o "Core/Src/system_stm32g4xx.o"
arm-none-eabi-gcc "../Core/Src/timer.c" -mcpu=cortex-m4 -std=gnu11 -g3 -DDEBUG -DUSE_HAL_DRIVER -DSTM32G474xx -c -I../Core/Inc -I../Drivers/STM32G4xx_HAL_Driver/Inc -I../Drivers/STM32G4xx_HAL_Driver/Inc/Legacy -I../Drivers/CMSIS/Device/ST/STM32G4xx/Include -I../Drivers/CMSIS/Include -O0 -ffunction-sections -fdata-sections -Wall -fstack-usage -fcyclomatic-complexity -MMD -MP -MF"Core/Src/timer.d" -MT"Core/Src/timer.o" --specs=nano.specs -mfpu=fpv4-sp-d16 -mfloat-abi=hard -mthumb -o "Core/Src/timer.o"
In file included from ../Core/Inc/fsm_logic.h:6,
                 from ../Core/Src/fsm_logic.c:1:
../Core/Inc/timer.h:11:9: error: unknown type name 'TIM_HandleTypeDef'; did you mean 'EXTI_HandleTypeDef'?
   11 |         TIM_HandleTypeDef* htim;
      |         ^~~~~~~~~~~~~~~~~
      |         EXTI_HandleTypeDef
../Core/Inc/timer.h:22:35: error: unknown type name 'TIM_HandleTypeDef'; did you mean 'EXTI_HandleTypeDef'?
   22 | int8_t timer_init(timer_t* timer, TIM_HandleTypeDef* handler, uint32_t frequency);
      |                                   ^~~~~~~~~~~~~~~~~
      |                                   EXTI_HandleTypeDef
../Core/Inc/timer.h:59:43: error: unknown type name 'TIM_HandleTypeDef'; did you mean 'EXTI_HandleTypeDef'?
   59 | int8_t timer_is_myhandler(timer_t* timer, TIM_HandleTypeDef* handler);
      |                                           ^~~~~~~~~~~~~~~~~
      |                                           EXTI_HandleTypeDef
../Core/Src/timer.c:2:10: fatal error: tim.h: No such file or directory
    2 | #include "tim.h"
      |          ^~~~~~~
compilation terminated.
../Core/Inc/timer.h:80:45: error: unknown type name 'TIM_HandleTypeDef'; did you mean 'EXTI_HandleTypeDef'?
   80 | int8_t timer_period_elapsed(timer_t* timer, TIM_HandleTypeDef* handler);
      |                                             ^~~~~~~~~~~~~~~~~
      |                                             EXTI_HandleTypeDef
../Core/Src/fsm_logic.c:45:9: error: expected ':', ',', ';', '}' or '__attribute__' before 'uint8_t'
   45 |         uint8_t rx_buffer[CODE_LENGTH]; //codice inserito dall'utente
      |         ^~~~~~~
../Core/Src/fsm_logic.c:80:8: error: conflicting types for 'FSM_init'; have 'int8_t(led_t *, uint32_t)' {aka 'signed char(struct led_s *, long unsigned int)'}
   80 | int8_t FSM_init(led_t* led_verde, uint32_t cycle_duration)
      |        ^~~~~~~~
../Core/Inc/fsm_logic.h:17:8: note: previous declaration of 'FSM_init' with type 'int8_t()' {aka 'signed char()'}
   17 | int8_t FSM_init(...);
      |        ^~~~~~~~
../Core/Src/fsm_logic.c: In function 'FSM_init':
../Core/Src/fsm_logic.c:88:12: error: 'FSM_t' {aka 'struct FSM_s'} has no member named 'uart_tx_completed'
   88 |         fsm.uart_tx_completed=1;
      |            ^
../Core/Src/fsm_logic.c:89:12: error: 'FSM_t' {aka 'struct FSM_s'} has no member named 'rx_index'
   89 |         fsm.rx_index=0;
      |            ^
../Core/Src/fsm_logic.c:90:12: error: 'FSM_t' {aka 'struct FSM_s'} has no member named 'code_correct'
   90 |         fsm.code_correct=0;
      |            ^
../Core/Src/fsm_logic.c:91:12: error: 'FSM_t' {aka 'struct FSM_s'} has no member named 'buffer_ready'
   91 |         fsm.buffer_ready=0;
      |            ^
../Core/Src/fsm_logic.c:92:12: error: 'FSM_t' {aka 'struct FSM_s'} has no member named 'real_code'
   92 |         fsm.real_code[0]=1;
      |            ^
../Core/Src/fsm_logic.c:93:12: error: 'FSM_t' {aka 'struct FSM_s'} has no member named 'real_code'
   93 |         fsm.real_code[1]=2;
      |            ^
../Core/Src/fsm_logic.c:94:12: error: 'FSM_t' {aka 'struct FSM_s'} has no member named 'real_code'
   94 |         fsm.real_code[2]=3;
      |            ^
../Core/Src/fsm_logic.c:95:12: error: 'FSM_t' {aka 'struct FSM_s'} has no member named 'real_code'
   95 |         fsm.real_code[3]=4;
      |            ^
../Core/Src/fsm_logic.c: At top level:
../Core/Src/fsm_logic.c:135:13: error: static declaration of 'printMessage' follows non-static declaration
  135 | static void printMessage(const char* msg){
      |             ^~~~~~~~~~~~
../Core/Src/fsm_logic.c:74:1: note: previous declaration of 'printMessage' with type 'void()'
   74 | printMessage();
      | ^~~~~~~~~~~~
../Core/Src/fsm_logic.c: In function 'printMessage':
../Core/Src/fsm_logic.c:136:15: error: 'FSM_t' {aka 'struct FSM_s'} has no member named 'uart_tx_completed'
  136 |         if(fsm.uart_tx_completed){
      |               ^
../Core/Src/fsm_logic.c:137:20: error: 'FSM_t' {aka 'struct FSM_s'} has no member named 'uart_tx_completed'
  137 |                 fsm.uart_tx_completed=0;
      |                    ^
../Core/Src/fsm_logic.c: In function 'FSM_read_inputs':
../Core/Src/fsm_logic.c:143:34: error: 'FSM_t' {aka 'struct FSM_s'} has no member named 'buffer_ready'
  143 |         fsm.in.buffer_ready = fsm.buffer_ready;
      |                                  ^
../Core/Src/fsm_logic.c:144:12: error: 'FSM_t' {aka 'struct FSM_s'} has no member named 'buffer_ready'
  144 |         fsm.buffer_ready = 0;
      |            ^
../Core/Src/fsm_logic.c:153:15: error: invalid storage class for function 'FSM_update_state'
  153 | static int8_t FSM_update_state(){
      |               ^~~~~~~~~~~~~~~~
../Core/Src/fsm_logic.c:173:1: error: expected declaration or statement at end of input
  173 | }
      | ^
../Core/Src/fsm_logic.c: At top level:
../Core/Src/fsm_logic.c:67:15: warning: 'FSM_update_state' used but never defined
   67 | static int8_t FSM_update_state();
      |               ^~~~~~~~~~~~~~~~
../Core/Src/fsm_logic.c: In function 'FSM_read_inputs':
../Core/Src/fsm_logic.c:174: warning: control reaches end of non-void function [-Wreturn-type]
../Core/Src/fsm_logic.c: At top level:
../Core/Src/fsm_logic.c:169:6: warning: 'HAL_UART_RxCpltCallback' defined but not used [-Wunused-function]
  169 | void HAL_UART_RxCpltCallback(UART_HandleTypeDef *huart){
      |      ^~~~~~~~~~~~~~~~~~~~~~~
../Core/Src/fsm_logic.c:153:15: warning: 'FSM_update_state' defined but not used [-Wunused-function]
  153 | static int8_t FSM_update_state(){
      |               ^~~~~~~~~~~~~~~~
../Core/Src/fsm_logic.c:135:13: warning: 'printMessage' defined but not used [-Wunused-function]
  135 | static void printMessage(const char* msg){
      |             ^~~~~~~~~~~~
make: *** [Core/Src/subdir.mk:55: Core/Src/timer.o] Error 1
make: *** Waiting for unfinished jobs....
make: *** [Core/Src/subdir.mk:55: Core/Src/fsm_logic.o] Error 1
"make -j14 all" terminated with exit code 2. Build might be incomplete.
18:20:30 **** Clean-only build of configuration Debug for project PosizionamentoMicroservoLongShortPress ****
make -j14 clean 
rm -rf ./Drivers/STM32G4xx_HAL_Driver/Src/stm32g4xx_hal.cyclo ./Drivers/STM32G4xx_HAL_Driver/Src/stm32g4xx_hal.d ./Drivers/STM32G4xx_HAL_Driver/Src/stm32g4xx_hal.o ./Drivers/STM32G4xx_HAL_Driver/Src/stm32g4xx_hal.su ./Drivers/STM32G4xx_HAL_Driver/Src/stm32g4xx_hal_cortex.cyclo ./Drivers/STM32G4xx_HAL_Driver/Src/stm32g4xx_hal_cortex.d ./Drivers/STM32G4xx_HAL_Driver/Src/stm32g4xx_hal_cortex.o ./Drivers/STM32G4xx_HAL_Driver/Src/stm32g4xx_hal_cortex.su ./Drivers/STM32G4xx_HAL_Driver/Src/stm32g4xx_hal_dma.cyclo ./Drivers/STM32G4xx_HAL_Driver/Src/stm32g4xx_hal_dma.d ./Drivers/STM32G4xx_HAL_Driver/Src/stm32g4xx_hal_dma.o ./Drivers/STM32G4xx_HAL_Driver/Src/stm32g4xx_hal_dma.su ./Drivers/STM32G4xx_HAL_Driver/Src/stm32g4xx_hal_dma_ex.cyclo ./Drivers/STM32G4xx_HAL_Driver/Src/stm32g4xx_hal_dma_ex.d ./Drivers/STM32G4xx_HAL_Driver/Src/stm32g4xx_hal_dma_ex.o ./Drivers/STM32G4xx_HAL_Driver/Src/stm32g4xx_hal_dma_ex.su ./Drivers/STM32G4xx_HAL_Driver/Src/stm32g4xx_hal_exti.cyclo ./Drivers/STM32G4xx_HAL_Driver/Src/stm32g4xx_hal_exti.d ./Drivers/STM32G4xx_HAL_Driver/Src/stm32g4xx_hal_exti.o ./Drivers/STM32G4xx_HAL_Driver/Src/stm32g4xx_hal_exti.su ./Drivers/STM32G4xx_HAL_Driver/Src/stm32g4xx_hal_flash.cyclo ./Drivers/STM32G4xx_HAL_Driver/Src/stm32g4xx_hal_flash.d ./Drivers/STM32G4xx_HAL_Driver/Src/stm32g4xx_hal_flash.o ./Drivers/STM32G4xx_HAL_Driver/Src/stm32g4xx_hal_flash.su ./Drivers/STM32G4xx_HAL_Driver/Src/stm32g4xx_hal_flash_ex.cyclo ./Drivers/STM32G4xx_HAL_Driver/Src/stm32g4xx_hal_flash_ex.d ./Drivers/STM32G4xx_HAL_Driver/Src/stm32g4xx_hal_flash_ex.o ./Drivers/STM32G4xx_HAL_Driver/Src/stm32g4xx_hal_flash_ex.su ./Drivers/STM32G4xx_HAL_Driver/Src/stm32g4xx_hal_flash_ramfunc.cyclo ./Drivers/STM32G4xx_HAL_Driver/Src/stm32g4xx_hal_flash_ramfunc.d ./Drivers/STM32G4xx_HAL_Driver/Src/stm32g4xx_hal_flash_ramfunc.o ./Drivers/STM32G4xx_HAL_Driver/Src/stm32g4xx_hal_flash_ramfunc.su ./Drivers/STM32G4xx_HAL_Driver/Src/stm32g4xx_hal_gpio.cyclo ./Drivers/STM32G4xx_HAL_Driver/Src/stm32g4xx_hal_gpio.d ./Drivers/STM32G4xx_HAL_Driver/Src/stm32g4xx_hal_gpio.o ./Drivers/STM32G4xx_HAL_Driver/Src/stm32g4xx_hal_gpio.su ./Drivers/STM32G4xx_HAL_Driver/Src/stm32g4xx_hal_pwr.cyclo ./Drivers/STM32G4xx_HAL_Driver/Src/stm32g4xx_hal_pwr.d ./Drivers/STM32G4xx_HAL_Driver/Src/stm32g4xx_hal_pwr.o ./Drivers/STM32G4xx_HAL_Driver/Src/stm32g4xx_hal_pwr.su ./Drivers/STM32G4xx_HAL_Driver/Src/stm32g4xx_hal_pwr_ex.cyclo ./Drivers/STM32G4xx_HAL_Driver/Src/stm32g4xx_hal_pwr_ex.d ./Drivers/STM32G4xx_HAL_Driver/Src/stm32g4xx_hal_pwr_ex.o ./Drivers/STM32G4xx_HAL_Driver/Src/stm32g4xx_hal_pwr_ex.su ./Drivers/STM32G4xx_HAL_Driver/Src/stm32g4xx_hal_rcc.cyclo ./Drivers/STM32G4xx_HAL_Driver/Src/stm32g4xx_hal_rcc.d ./Drivers/STM32G4xx_HAL_Driver/Src/stm32g4xx_hal_rcc.o ./Drivers/STM32G4xx_HAL_Driver/Src/stm32g4xx_hal_rcc.su ./Drivers/STM32G4xx_HAL_Driver/Src/stm32g4xx_hal_rcc_ex.cyclo ./Drivers/STM32G4xx_HAL_Driver/Src/stm32g4xx_hal_rcc_ex.d ./Drivers/STM32G4xx_HAL_Driver/Src/stm32g4xx_hal_rcc_ex.o ./Drivers/STM32G4xx_HAL_Driver/Src/stm32g4xx_hal_rcc_ex.su ./Drivers/STM32G4xx_HAL_Driver/Src/stm32g4xx_hal_tim.cyclo ./Drivers/STM32G4xx_HAL_Driver/Src/stm32g4xx_hal_tim.d ./Drivers/STM32G4xx_HAL_Driver/Src/stm32g4xx_hal_tim.o ./Drivers/STM32G4xx_HAL_Driver/Src/stm32g4xx_hal_tim.su ./Drivers/STM32G4xx_HAL_Driver/Src/stm32g4xx_hal_tim_ex.cyclo ./Drivers/STM32G4xx_HAL_Driver/Src/stm32g4xx_hal_tim_ex.d ./Drivers/STM32G4xx_HAL_Driver/Src/stm32g4xx_hal_tim_ex.o ./Drivers/STM32G4xx_HAL_Driver/Src/stm32g4xx_hal_tim_ex.su
rm -rf ./Core/Startup/startup_stm32g474retx.d ./Core/Startup/startup_stm32g474retx.o
rm -rf ./Core/Src/gpio.cyclo ./Core/Src/gpio.d ./Core/Src/gpio.o ./Core/Src/gpio.su ./Core/Src/main.cyclo ./Core/Src/main.d ./Core/Src/main.o ./Core/Src/main.su ./Core/Src/stm32g4xx_hal_msp.cyclo ./Core/Src/stm32g4xx_hal_msp.d ./Core/Src/stm32g4xx_hal_msp.o ./Core/Src/stm32g4xx_hal_msp.su ./Core/Src/stm32g4xx_it.cyclo ./Core/Src/stm32g4xx_it.d ./Core/Src/stm32g4xx_it.o ./Core/Src/stm32g4xx_it.su ./Core/Src/syscalls.cyclo ./Core/Src/syscalls.d ./Core/Src/syscalls.o ./Core/Src/syscalls.su ./Core/Src/sysmem.cyclo ./Core/Src/sysmem.d ./Core/Src/sysmem.o ./Core/Src/sysmem.su ./Core/Src/system_stm32g4xx.cyclo ./Core/Src/system_stm32g4xx.d ./Core/Src/system_stm32g4xx.o ./Core/Src/system_stm32g4xx.su ./Core/Src/tim.cyclo ./Core/Src/tim.d ./Core/Src/tim.o ./Core/Src/tim.su
rm -rf PosizionamentoMicroservoLongShortPress.elf PosizionamentoMicroservoLongShortPress.list PosizionamentoMicroservoLongShortPress.map default.size.stdout
 
18:20:30 **** Build of configuration Debug for project PosizionamentoMicroservoLongShortPress ****
make -j14 all 
arm-none-eabi-gcc "../Drivers/STM32G4xx_HAL_Driver/Src/stm32g4xx_hal.c" -mcpu=cortex-m4 -std=gnu11 -g3 -DDEBUG -DUSE_HAL_DRIVER -DSTM32G474xx -c -I../Core/Inc -I../Drivers/STM32G4xx_HAL_Driver/Inc -I../Drivers/STM32G4xx_HAL_Driver/Inc/Legacy -I../Drivers/CMSIS/Device/ST/STM32G4xx/Include -I../Drivers/CMSIS/Include -O0 -ffunction-sections -fdata-sections -Wall -fstack-usage -fcyclomatic-complexity -MMD -MP -MF"Drivers/STM32G4xx_HAL_Driver/Src/stm32g4xx_hal.d" -MT"Drivers/STM32G4xx_HAL_Driver/Src/stm32g4xx_hal.o" --specs=nano.specs -mfpu=fpv4-sp-d16 -mfloat-abi=hard -mthumb -o "Drivers/STM32G4xx_HAL_Driver/Src/stm32g4xx_hal.o"
arm-none-eabi-gcc "../Drivers/STM32G4xx_HAL_Driver/Src/stm32g4xx_hal_cortex.c" -mcpu=cortex-m4 -std=gnu11 -g3 -DDEBUG -DUSE_HAL_DRIVER -DSTM32G474xx -c -I../Core/Inc -I../Drivers/STM32G4xx_HAL_Driver/Inc -I../Drivers/STM32G4xx_HAL_Driver/Inc/Legacy -I../Drivers/CMSIS/Device/ST/STM32G4xx/Include -I../Drivers/CMSIS/Include -O0 -ffunction-sections -fdata-sections -Wall -fstack-usage -fcyclomatic-complexity -MMD -MP -MF"Drivers/STM32G4xx_HAL_Driver/Src/stm32g4xx_hal_cortex.d" -MT"Drivers/STM32G4xx_HAL_Driver/Src/stm32g4xx_hal_cortex.o" --specs=nano.specs -mfpu=fpv4-sp-d16 -mfloat-abi=hard -mthumb -o "Drivers/STM32G4xx_HAL_Driver/Src/stm32g4xx_hal_cortex.o"
arm-none-eabi-gcc "../Drivers/STM32G4xx_HAL_Driver/Src/stm32g4xx_hal_dma.c" -mcpu=cortex-m4 -std=gnu11 -g3 -DDEBUG -DUSE_HAL_DRIVER -DSTM32G474xx -c -I../Core/Inc -I../Drivers/STM32G4xx_HAL_Driver/Inc -I../Drivers/STM32G4xx_HAL_Driver/Inc/Legacy -I../Drivers/CMSIS/Device/ST/STM32G4xx/Include -I../Drivers/CMSIS/Include -O0 -ffunction-sections -fdata-sections -Wall -fstack-usage -fcyclomatic-complexity -MMD -MP -MF"Drivers/STM32G4xx_HAL_Driver/Src/stm32g4xx_hal_dma.d" -MT"Drivers/STM32G4xx_HAL_Driver/Src/stm32g4xx_hal_dma.o" --specs=nano.specs -mfpu=fpv4-sp-d16 -mfloat-abi=hard -mthumb -o "Drivers/STM32G4xx_HAL_Driver/Src/stm32g4xx_hal_dma.o"
arm-none-eabi-gcc "../Drivers/STM32G4xx_HAL_Driver/Src/stm32g4xx_hal_dma_ex.c" -mcpu=cortex-m4 -std=gnu11 -g3 -DDEBUG -DUSE_HAL_DRIVER -DSTM32G474xx -c -I../Core/Inc -I../Drivers/STM32G4xx_HAL_Driver/Inc -I../Drivers/STM32G4xx_HAL_Driver/Inc/Legacy -I../Drivers/CMSIS/Device/ST/STM32G4xx/Include -I../Drivers/CMSIS/Include -O0 -ffunction-sections -fdata-sections -Wall -fstack-usage -fcyclomatic-complexity -MMD -MP -MF"Drivers/STM32G4xx_HAL_Driver/Src/stm32g4xx_hal_dma_ex.d" -MT"Drivers/STM32G4xx_HAL_Driver/Src/stm32g4xx_hal_dma_ex.o" --specs=nano.specs -mfpu=fpv4-sp-d16 -mfloat-abi=hard -mthumb -o "Drivers/STM32G4xx_HAL_Driver/Src/stm32g4xx_hal_dma_ex.o"
arm-none-eabi-gcc "../Drivers/STM32G4xx_HAL_Driver/Src/stm32g4xx_hal_exti.c" -mcpu=cortex-m4 -std=gnu11 -g3 -DDEBUG -DUSE_HAL_DRIVER -DSTM32G474xx -c -I../Core/Inc -I../Drivers/STM32G4xx_HAL_Driver/Inc -I../Drivers/STM32G4xx_HAL_Driver/Inc/Legacy -I../Drivers/CMSIS/Device/ST/STM32G4xx/Include -I../Drivers/CMSIS/Include -O0 -ffunction-sections -fdata-sections -Wall -fstack-usage -fcyclomatic-complexity -MMD -MP -MF"Drivers/STM32G4xx_HAL_Driver/Src/stm32g4xx_hal_exti.d" -MT"Drivers/STM32G4xx_HAL_Driver/Src/stm32g4xx_hal_exti.o" --specs=nano.specs -mfpu=fpv4-sp-d16 -mfloat-abi=hard -mthumb -o "Drivers/STM32G4xx_HAL_Driver/Src/stm32g4xx_hal_exti.o"
arm-none-eabi-gcc "../Drivers/STM32G4xx_HAL_Driver/Src/stm32g4xx_hal_flash.c" -mcpu=cortex-m4 -std=gnu11 -g3 -DDEBUG -DUSE_HAL_DRIVER -DSTM32G474xx -c -I../Core/Inc -I../Drivers/STM32G4xx_HAL_Driver/Inc -I../Drivers/STM32G4xx_HAL_Driver/Inc/Legacy -I../Drivers/CMSIS/Device/ST/STM32G4xx/Include -I../Drivers/CMSIS/Include -O0 -ffunction-sections -fdata-sections -Wall -fstack-usage -fcyclomatic-complexity -MMD -MP -MF"Drivers/STM32G4xx_HAL_Driver/Src/stm32g4xx_hal_flash.d" -MT"Drivers/STM32G4xx_HAL_Driver/Src/stm32g4xx_hal_flash.o" --specs=nano.specs -mfpu=fpv4-sp-d16 -mfloat-abi=hard -mthumb -o "Drivers/STM32G4xx_HAL_Driver/Src/stm32g4xx_hal_flash.o"
arm-none-eabi-gcc "../Drivers/STM32G4xx_HAL_Driver/Src/stm32g4xx_hal_flash_ex.c" -mcpu=cortex-m4 -std=gnu11 -g3 -DDEBUG -DUSE_HAL_DRIVER -DSTM32G474xx -c -I../Core/Inc -I../Drivers/STM32G4xx_HAL_Driver/Inc -I../Drivers/STM32G4xx_HAL_Driver/Inc/Legacy -I../Drivers/CMSIS/Device/ST/STM32G4xx/Include -I../Drivers/CMSIS/Include -O0 -ffunction-sections -fdata-sections -Wall -fstack-usage -fcyclomatic-complexity -MMD -MP -MF"Drivers/STM32G4xx_HAL_Driver/Src/stm32g4xx_hal_flash_ex.d" -MT"Drivers/STM32G4xx_HAL_Driver/Src/stm32g4xx_hal_flash_ex.o" --specs=nano.specs -mfpu=fpv4-sp-d16 -mfloat-abi=hard -mthumb -o "Drivers/STM32G4xx_HAL_Driver/Src/stm32g4xx_hal_flash_ex.o"
arm-none-eabi-gcc "../Drivers/STM32G4xx_HAL_Driver/Src/stm32g4xx_hal_flash_ramfunc.c" -mcpu=cortex-m4 -std=gnu11 -g3 -DDEBUG -DUSE_HAL_DRIVER -DSTM32G474xx -c -I../Core/Inc -I../Drivers/STM32G4xx_HAL_Driver/Inc -I../Drivers/STM32G4xx_HAL_Driver/Inc/Legacy -I../Drivers/CMSIS/Device/ST/STM32G4xx/Include -I../Drivers/CMSIS/Include -O0 -ffunction-sections -fdata-sections -Wall -fstack-usage -fcyclomatic-complexity -MMD -MP -MF"Drivers/STM32G4xx_HAL_Driver/Src/stm32g4xx_hal_flash_ramfunc.d" -MT"Drivers/STM32G4xx_HAL_Driver/Src/stm32g4xx_hal_flash_ramfunc.o" --specs=nano.specs -mfpu=fpv4-sp-d16 -mfloat-abi=hard -mthumb -o "Drivers/STM32G4xx_HAL_Driver/Src/stm32g4xx_hal_flash_ramfunc.o"
arm-none-eabi-gcc "../Drivers/STM32G4xx_HAL_Driver/Src/stm32g4xx_hal_gpio.c" -mcpu=cortex-m4 -std=gnu11 -g3 -DDEBUG -DUSE_HAL_DRIVER -DSTM32G474xx -c -I../Core/Inc -I../Drivers/STM32G4xx_HAL_Driver/Inc -I../Drivers/STM32G4xx_HAL_Driver/Inc/Legacy -I../Drivers/CMSIS/Device/ST/STM32G4xx/Include -I../Drivers/CMSIS/Include -O0 -ffunction-sections -fdata-sections -Wall -fstack-usage -fcyclomatic-complexity -MMD -MP -MF"Drivers/STM32G4xx_HAL_Driver/Src/stm32g4xx_hal_gpio.d" -MT"Drivers/STM32G4xx_HAL_Driver/Src/stm32g4xx_hal_gpio.o" --specs=nano.specs -mfpu=fpv4-sp-d16 -mfloat-abi=hard -mthumb -o "Drivers/STM32G4xx_HAL_Driver/Src/stm32g4xx_hal_gpio.o"
arm-none-eabi-gcc "../Drivers/STM32G4xx_HAL_Driver/Src/stm32g4xx_hal_pwr.c" -mcpu=cortex-m4 -std=gnu11 -g3 -DDEBUG -DUSE_HAL_DRIVER -DSTM32G474xx -c -I../Core/Inc -I../Drivers/STM32G4xx_HAL_Driver/Inc -I../Drivers/STM32G4xx_HAL_Driver/Inc/Legacy -I../Drivers/CMSIS/Device/ST/STM32G4xx/Include -I../Drivers/CMSIS/Include -O0 -ffunction-sections -fdata-sections -Wall -fstack-usage -fcyclomatic-complexity -MMD -MP -MF"Drivers/STM32G4xx_HAL_Driver/Src/stm32g4xx_hal_pwr.d" -MT"Drivers/STM32G4xx_HAL_Driver/Src/stm32g4xx_hal_pwr.o" --specs=nano.specs -mfpu=fpv4-sp-d16 -mfloat-abi=hard -mthumb -o "Drivers/STM32G4xx_HAL_Driver/Src/stm32g4xx_hal_pwr.o"
arm-none-eabi-gcc "../Drivers/STM32G4xx_HAL_Driver/Src/stm32g4xx_hal_pwr_ex.c" -mcpu=cortex-m4 -std=gnu11 -g3 -DDEBUG -DUSE_HAL_DRIVER -DSTM32G474xx -c -I../Core/Inc -I../Drivers/STM32G4xx_HAL_Driver/Inc -I../Drivers/STM32G4xx_HAL_Driver/Inc/Legacy -I../Drivers/CMSIS/Device/ST/STM32G4xx/Include -I../Drivers/CMSIS/Include -O0 -ffunction-sections -fdata-sections -Wall -fstack-usage -fcyclomatic-complexity -MMD -MP -MF"Drivers/STM32G4xx_HAL_Driver/Src/stm32g4xx_hal_pwr_ex.d" -MT"Drivers/STM32G4xx_HAL_Driver/Src/stm32g4xx_hal_pwr_ex.o" --specs=nano.specs -mfpu=fpv4-sp-d16 -mfloat-abi=hard -mthumb -o "Drivers/STM32G4xx_HAL_Driver/Src/stm32g4xx_hal_pwr_ex.o"
arm-none-eabi-gcc "../Drivers/STM32G4xx_HAL_Driver/Src/stm32g4xx_hal_rcc.c" -mcpu=cortex-m4 -std=gnu11 -g3 -DDEBUG -DUSE_HAL_DRIVER -DSTM32G474xx -c -I../Core/Inc -I../Drivers/STM32G4xx_HAL_Driver/Inc -I../Drivers/STM32G4xx_HAL_Driver/Inc/Legacy -I../Drivers/CMSIS/Device/ST/STM32G4xx/Include -I../Drivers/CMSIS/Include -O0 -ffunction-sections -fdata-sections -Wall -fstack-usage -fcyclomatic-complexity -MMD -MP -MF"Drivers/STM32G4xx_HAL_Driver/Src/stm32g4xx_hal_rcc.d" -MT"Drivers/STM32G4xx_HAL_Driver/Src/stm32g4xx_hal_rcc.o" --specs=nano.specs -mfpu=fpv4-sp-d16 -mfloat-abi=hard -mthumb -o "Drivers/STM32G4xx_HAL_Driver/Src/stm32g4xx_hal_rcc.o"
arm-none-eabi-gcc "../Drivers/STM32G4xx_HAL_Driver/Src/stm32g4xx_hal_rcc_ex.c" -mcpu=cortex-m4 -std=gnu11 -g3 -DDEBUG -DUSE_HAL_DRIVER -DSTM32G474xx -c -I../Core/Inc -I../Drivers/STM32G4xx_HAL_Driver/Inc -I../Drivers/STM32G4xx_HAL_Driver/Inc/Legacy -I../Drivers/CMSIS/Device/ST/STM32G4xx/Include -I../Drivers/CMSIS/Include -O0 -ffunction-sections -fdata-sections -Wall -fstack-usage -fcyclomatic-complexity -MMD -MP -MF"Drivers/STM32G4xx_HAL_Driver/Src/stm32g4xx_hal_rcc_ex.d" -MT"Drivers/STM32G4xx_HAL_Driver/Src/stm32g4xx_hal_rcc_ex.o" --specs=nano.specs -mfpu=fpv4-sp-d16 -mfloat-abi=hard -mthumb -o "Drivers/STM32G4xx_HAL_Driver/Src/stm32g4xx_hal_rcc_ex.o"
arm-none-eabi-gcc "../Drivers/STM32G4xx_HAL_Driver/Src/stm32g4xx_hal_tim.c" -mcpu=cortex-m4 -std=gnu11 -g3 -DDEBUG -DUSE_HAL_DRIVER -DSTM32G474xx -c -I../Core/Inc -I../Drivers/STM32G4xx_HAL_Driver/Inc -I../Drivers/STM32G4xx_HAL_Driver/Inc/Legacy -I../Drivers/CMSIS/Device/ST/STM32G4xx/Include -I../Drivers/CMSIS/Include -O0 -ffunction-sections -fdata-sections -Wall -fstack-usage -fcyclomatic-complexity -MMD -MP -MF"Drivers/STM32G4xx_HAL_Driver/Src/stm32g4xx_hal_tim.d" -MT"Drivers/STM32G4xx_HAL_Driver/Src/stm32g4xx_hal_tim.o" --specs=nano.specs -mfpu=fpv4-sp-d16 -mfloat-abi=hard -mthumb -o "Drivers/STM32G4xx_HAL_Driver/Src/stm32g4xx_hal_tim.o"
arm-none-eabi-gcc "../Drivers/STM32G4xx_HAL_Driver/Src/stm32g4xx_hal_tim_ex.c" -mcpu=cortex-m4 -std=gnu11 -g3 -DDEBUG -DUSE_HAL_DRIVER -DSTM32G474xx -c -I../Core/Inc -I../Drivers/STM32G4xx_HAL_Driver/Inc -I../Drivers/STM32G4xx_HAL_Driver/Inc/Legacy -I../Drivers/CMSIS/Device/ST/STM32G4xx/Include -I../Drivers/CMSIS/Include -O0 -ffunction-sections -fdata-sections -Wall -fstack-usage -fcyclomatic-complexity -MMD -MP -MF"Drivers/STM32G4xx_HAL_Driver/Src/stm32g4xx_hal_tim_ex.d" -MT"Drivers/STM32G4xx_HAL_Driver/Src/stm32g4xx_hal_tim_ex.o" --specs=nano.specs -mfpu=fpv4-sp-d16 -mfloat-abi=hard -mthumb -o "Drivers/STM32G4xx_HAL_Driver/Src/stm32g4xx_hal_tim_ex.o"
arm-none-eabi-gcc -mcpu=cortex-m4 -g3 -DDEBUG -c -x assembler-with-cpp -MMD -MP -MF"Core/Startup/startup_stm32g474retx.d" -MT"Core/Startup/startup_stm32g474retx.o" --specs=nano.specs -mfpu=fpv4-sp-d16 -mfloat-abi=hard -mthumb -o "Core/Startup/startup_stm32g474retx.o" "../Core/Startup/startup_stm32g474retx.s"
arm-none-eabi-gcc "../Core/Src/gpio.c" -mcpu=cortex-m4 -std=gnu11 -g3 -DDEBUG -DUSE_HAL_DRIVER -DSTM32G474xx -c -I../Core/Inc -I../Drivers/STM32G4xx_HAL_Driver/Inc -I../Drivers/STM32G4xx_HAL_Driver/Inc/Legacy -I../Drivers/CMSIS/Device/ST/STM32G4xx/Include -I../Drivers/CMSIS/Include -O0 -ffunction-sections -fdata-sections -Wall -fstack-usage -fcyclomatic-complexity -MMD -MP -MF"Core/Src/gpio.d" -MT"Core/Src/gpio.o" --specs=nano.specs -mfpu=fpv4-sp-d16 -mfloat-abi=hard -mthumb -o "Core/Src/gpio.o"
arm-none-eabi-gcc "../Core/Src/main.c" -mcpu=cortex-m4 -std=gnu11 -g3 -DDEBUG -DUSE_HAL_DRIVER -DSTM32G474xx -c -I../Core/Inc -I../Drivers/STM32G4xx_HAL_Driver/Inc -I../Drivers/STM32G4xx_HAL_Driver/Inc/Legacy -I../Drivers/CMSIS/Device/ST/STM32G4xx/Include -I../Drivers/CMSIS/Include -O0 -ffunction-sections -fdata-sections -Wall -fstack-usage -fcyclomatic-complexity -MMD -MP -MF"Core/Src/main.d" -MT"Core/Src/main.o" --specs=nano.specs -mfpu=fpv4-sp-d16 -mfloat-abi=hard -mthumb -o "Core/Src/main.o"
arm-none-eabi-gcc "../Core/Src/stm32g4xx_hal_msp.c" -mcpu=cortex-m4 -std=gnu11 -g3 -DDEBUG -DUSE_HAL_DRIVER -DSTM32G474xx -c -I../Core/Inc -I../Drivers/STM32G4xx_HAL_Driver/Inc -I../Drivers/STM32G4xx_HAL_Driver/Inc/Legacy -I../Drivers/CMSIS/Device/ST/STM32G4xx/Include -I../Drivers/CMSIS/Include -O0 -ffunction-sections -fdata-sections -Wall -fstack-usage -fcyclomatic-complexity -MMD -MP -MF"Core/Src/stm32g4xx_hal_msp.d" -MT"Core/Src/stm32g4xx_hal_msp.o" --specs=nano.specs -mfpu=fpv4-sp-d16 -mfloat-abi=hard -mthumb -o "Core/Src/stm32g4xx_hal_msp.o"
arm-none-eabi-gcc "../Core/Src/stm32g4xx_it.c" -mcpu=cortex-m4 -std=gnu11 -g3 -DDEBUG -DUSE_HAL_DRIVER -DSTM32G474xx -c -I../Core/Inc -I../Drivers/STM32G4xx_HAL_Driver/Inc -I../Drivers/STM32G4xx_HAL_Driver/Inc/Legacy -I../Drivers/CMSIS/Device/ST/STM32G4xx/Include -I../Drivers/CMSIS/Include -O0 -ffunction-sections -fdata-sections -Wall -fstack-usage -fcyclomatic-complexity -MMD -MP -MF"Core/Src/stm32g4xx_it.d" -MT"Core/Src/stm32g4xx_it.o" --specs=nano.specs -mfpu=fpv4-sp-d16 -mfloat-abi=hard -mthumb -o "Core/Src/stm32g4xx_it.o"
arm-none-eabi-gcc "../Core/Src/syscalls.c" -mcpu=cortex-m4 -std=gnu11 -g3 -DDEBUG -DUSE_HAL_DRIVER -DSTM32G474xx -c -I../Core/Inc -I../Drivers/STM32G4xx_HAL_Driver/Inc -I../Drivers/STM32G4xx_HAL_Driver/Inc/Legacy -I../Drivers/CMSIS/Device/ST/STM32G4xx/Include -I../Drivers/CMSIS/Include -O0 -ffunction-sections -fdata-sections -Wall -fstack-usage -fcyclomatic-complexity -MMD -MP -MF"Core/Src/syscalls.d" -MT"Core/Src/syscalls.o" --specs=nano.specs -mfpu=fpv4-sp-d16 -mfloat-abi=hard -mthumb -o "Core/Src/syscalls.o"
arm-none-eabi-gcc "../Core/Src/sysmem.c" -mcpu=cortex-m4 -std=gnu11 -g3 -DDEBUG -DUSE_HAL_DRIVER -DSTM32G474xx -c -I../Core/Inc -I../Drivers/STM32G4xx_HAL_Driver/Inc -I../Drivers/STM32G4xx_HAL_Driver/Inc/Legacy -I../Drivers/CMSIS/Device/ST/STM32G4xx/Include -I../Drivers/CMSIS/Include -O0 -ffunction-sections -fdata-sections -Wall -fstack-usage -fcyclomatic-complexity -MMD -MP -MF"Core/Src/sysmem.d" -MT"Core/Src/sysmem.o" --specs=nano.specs -mfpu=fpv4-sp-d16 -mfloat-abi=hard -mthumb -o "Core/Src/sysmem.o"
arm-none-eabi-gcc "../Core/Src/system_stm32g4xx.c" -mcpu=cortex-m4 -std=gnu11 -g3 -DDEBUG -DUSE_HAL_DRIVER -DSTM32G474xx -c -I../Core/Inc -I../Drivers/STM32G4xx_HAL_Driver/Inc -I../Drivers/STM32G4xx_HAL_Driver/Inc/Legacy -I../Drivers/CMSIS/Device/ST/STM32G4xx/Include -I../Drivers/CMSIS/Include -O0 -ffunction-sections -fdata-sections -Wall -fstack-usage -fcyclomatic-complexity -MMD -MP -MF"Core/Src/system_stm32g4xx.d" -MT"Core/Src/system_stm32g4xx.o" --specs=nano.specs -mfpu=fpv4-sp-d16 -mfloat-abi=hard -mthumb -o "Core/Src/system_stm32g4xx.o"
arm-none-eabi-gcc "../Core/Src/tim.c" -mcpu=cortex-m4 -std=gnu11 -g3 -DDEBUG -DUSE_HAL_DRIVER -DSTM32G474xx -c -I../Core/Inc -I../Drivers/STM32G4xx_HAL_Driver/Inc -I../Drivers/STM32G4xx_HAL_Driver/Inc/Legacy -I../Drivers/CMSIS/Device/ST/STM32G4xx/Include -I../Drivers/CMSIS/Include -O0 -ffunction-sections -fdata-sections -Wall -fstack-usage -fcyclomatic-complexity -MMD -MP -MF"Core/Src/tim.d" -MT"Core/Src/tim.o" --specs=nano.specs -mfpu=fpv4-sp-d16 -mfloat-abi=hard -mthumb -o "Core/Src/tim.o"
arm-none-eabi-gcc -o "PosizionamentoMicroservoLongShortPress.elf" @"objects.list"   -mcpu=cortex-m4 -T"C:\Users\frank\Documents\Uni\Embedded\project location\esercitazioni\PosizionamentoMicroservoLongShortPress\PosizionamentoMicroservoLongShortPress\STM32G474RETX_FLASH.ld" --specs=nosys.specs -Wl,-Map="PosizionamentoMicroservoLongShortPress.map" -Wl,--gc-sections -static --specs=nano.specs -mfpu=fpv4-sp-d16 -mfloat-abi=hard -mthumb -Wl,--start-group -lc -lm -Wl,--end-group
Finished building target: PosizionamentoMicroservoLongShortPress.elf
 
arm-none-eabi-size  PosizionamentoMicroservoLongShortPress.elf 
arm-none-eabi-objdump -h -S PosizionamentoMicroservoLongShortPress.elf  > "PosizionamentoMicroservoLongShortPress.list"
   text	   data	    bss	    dec	    hex	filename
  14640	     16	   1776	  16432	   4030	PosizionamentoMicroservoLongShortPress.elf
Finished building: default.size.stdout
 
Finished building: PosizionamentoMicroservoLongShortPress.list
 
18:20:32 **** Clean-only build of configuration Debug for project Riconoscimento(Short vs Long Press) ****
make -j14 clean 
rm -rf ./Drivers/STM32G4xx_HAL_Driver/Src/stm32g4xx_hal.cyclo ./Drivers/STM32G4xx_HAL_Driver/Src/stm32g4xx_hal.d ./Drivers/STM32G4xx_HAL_Driver/Src/stm32g4xx_hal.o ./Drivers/STM32G4xx_HAL_Driver/Src/stm32g4xx_hal.su ./Drivers/STM32G4xx_HAL_Driver/Src/stm32g4xx_hal_cortex.cyclo ./Drivers/STM32G4xx_HAL_Driver/Src/stm32g4xx_hal_cortex.d ./Drivers/STM32G4xx_HAL_Driver/Src/stm32g4xx_hal_cortex.o ./Drivers/STM32G4xx_HAL_Driver/Src/stm32g4xx_hal_cortex.su ./Drivers/STM32G4xx_HAL_Driver/Src/stm32g4xx_hal_dma.cyclo ./Drivers/STM32G4xx_HAL_Driver/Src/stm32g4xx_hal_dma.d ./Drivers/STM32G4xx_HAL_Driver/Src/stm32g4xx_hal_dma.o ./Drivers/STM32G4xx_HAL_Driver/Src/stm32g4xx_hal_dma.su ./Drivers/STM32G4xx_HAL_Driver/Src/stm32g4xx_hal_dma_ex.cyclo ./Drivers/STM32G4xx_HAL_Driver/Src/stm32g4xx_hal_dma_ex.d ./Drivers/STM32G4xx_HAL_Driver/Src/stm32g4xx_hal_dma_ex.o ./Drivers/STM32G4xx_HAL_Driver/Src/stm32g4xx_hal_dma_ex.su ./Drivers/STM32G4xx_HAL_Driver/Src/stm32g4xx_hal_exti.cyclo ./Drivers/STM32G4xx_HAL_Driver/Src/stm32g4xx_hal_exti.d ./Drivers/STM32G4xx_HAL_Driver/Src/stm32g4xx_hal_exti.o ./Drivers/STM32G4xx_HAL_Driver/Src/stm32g4xx_hal_exti.su ./Drivers/STM32G4xx_HAL_Driver/Src/stm32g4xx_hal_flash.cyclo ./Drivers/STM32G4xx_HAL_Driver/Src/stm32g4xx_hal_flash.d ./Drivers/STM32G4xx_HAL_Driver/Src/stm32g4xx_hal_flash.o ./Drivers/STM32G4xx_HAL_Driver/Src/stm32g4xx_hal_flash.su ./Drivers/STM32G4xx_HAL_Driver/Src/stm32g4xx_hal_flash_ex.cyclo ./Drivers/STM32G4xx_HAL_Driver/Src/stm32g4xx_hal_flash_ex.d ./Drivers/STM32G4xx_HAL_Driver/Src/stm32g4xx_hal_flash_ex.o ./Drivers/STM32G4xx_HAL_Driver/Src/stm32g4xx_hal_flash_ex.su ./Drivers/STM32G4xx_HAL_Driver/Src/stm32g4xx_hal_flash_ramfunc.cyclo ./Drivers/STM32G4xx_HAL_Driver/Src/stm32g4xx_hal_flash_ramfunc.d ./Drivers/STM32G4xx_HAL_Driver/Src/stm32g4xx_hal_flash_ramfunc.o ./Drivers/STM32G4xx_HAL_Driver/Src/stm32g4xx_hal_flash_ramfunc.su ./Drivers/STM32G4xx_HAL_Driver/Src/stm32g4xx_hal_gpio.cyclo ./Drivers/STM32G4xx_HAL_Driver/Src/stm32g4xx_hal_gpio.d ./Drivers/STM32G4xx_HAL_Driver/Src/stm32g4xx_hal_gpio.o ./Drivers/STM32G4xx_HAL_Driver/Src/stm32g4xx_hal_gpio.su ./Drivers/STM32G4xx_HAL_Driver/Src/stm32g4xx_hal_pwr.cyclo ./Drivers/STM32G4xx_HAL_Driver/Src/stm32g4xx_hal_pwr.d ./Drivers/STM32G4xx_HAL_Driver/Src/stm32g4xx_hal_pwr.o ./Drivers/STM32G4xx_HAL_Driver/Src/stm32g4xx_hal_pwr.su ./Drivers/STM32G4xx_HAL_Driver/Src/stm32g4xx_hal_pwr_ex.cyclo ./Drivers/STM32G4xx_HAL_Driver/Src/stm32g4xx_hal_pwr_ex.d ./Drivers/STM32G4xx_HAL_Driver/Src/stm32g4xx_hal_pwr_ex.o ./Drivers/STM32G4xx_HAL_Driver/Src/stm32g4xx_hal_pwr_ex.su ./Drivers/STM32G4xx_HAL_Driver/Src/stm32g4xx_hal_rcc.cyclo ./Drivers/STM32G4xx_HAL_Driver/Src/stm32g4xx_hal_rcc.d ./Drivers/STM32G4xx_HAL_Driver/Src/stm32g4xx_hal_rcc.o ./Drivers/STM32G4xx_HAL_Driver/Src/stm32g4xx_hal_rcc.su ./Drivers/STM32G4xx_HAL_Driver/Src/stm32g4xx_hal_rcc_ex.cyclo ./Drivers/STM32G4xx_HAL_Driver/Src/stm32g4xx_hal_rcc_ex.d ./Drivers/STM32G4xx_HAL_Driver/Src/stm32g4xx_hal_rcc_ex.o ./Drivers/STM32G4xx_HAL_Driver/Src/stm32g4xx_hal_rcc_ex.su ./Drivers/STM32G4xx_HAL_Driver/Src/stm32g4xx_hal_tim.cyclo ./Drivers/STM32G4xx_HAL_Driver/Src/stm32g4xx_hal_tim.d ./Drivers/STM32G4xx_HAL_Driver/Src/stm32g4xx_hal_tim.o ./Drivers/STM32G4xx_HAL_Driver/Src/stm32g4xx_hal_tim.su ./Drivers/STM32G4xx_HAL_Driver/Src/stm32g4xx_hal_tim_ex.cyclo ./Drivers/STM32G4xx_HAL_Driver/Src/stm32g4xx_hal_tim_ex.d ./Drivers/STM32G4xx_HAL_Driver/Src/stm32g4xx_hal_tim_ex.o ./Drivers/STM32G4xx_HAL_Driver/Src/stm32g4xx_hal_tim_ex.su
rm -rf ./Core/Startup/startup_stm32g474retx.d ./Core/Startup/startup_stm32g474retx.o
rm -rf ./Core/Src/gpio.cyclo ./Core/Src/gpio.d ./Core/Src/gpio.o ./Core/Src/gpio.su ./Core/Src/main.cyclo ./Core/Src/main.d ./Core/Src/main.o ./Core/Src/main.su ./Core/Src/stm32g4xx_hal_msp.cyclo ./Core/Src/stm32g4xx_hal_msp.d ./Core/Src/stm32g4xx_hal_msp.o ./Core/Src/stm32g4xx_hal_msp.su ./Core/Src/stm32g4xx_it.cyclo ./Core/Src/stm32g4xx_it.d ./Core/Src/stm32g4xx_it.o ./Core/Src/stm32g4xx_it.su ./Core/Src/syscalls.cyclo ./Core/Src/syscalls.d ./Core/Src/syscalls.o ./Core/Src/syscalls.su ./Core/Src/sysmem.cyclo ./Core/Src/sysmem.d ./Core/Src/sysmem.o ./Core/Src/sysmem.su ./Core/Src/system_stm32g4xx.cyclo ./Core/Src/system_stm32g4xx.d ./Core/Src/system_stm32g4xx.o ./Core/Src/system_stm32g4xx.su ./Core/Src/tim.cyclo ./Core/Src/tim.d ./Core/Src/tim.o ./Core/Src/tim.su
rm -rf Riconoscimento(Short\ vs\ Long\ Press).elf Riconoscimento(Short\ vs\ Long\ Press).list Riconoscimento(Short\ vs\ Long\ Press).map Riconoscimento(Short\\ vs\\ Long\\ Press).elf default.size.stdout
c:/st/stm32cubeide_2.1.1/stm32cubeide/plugins/com.st.stm32cube.ide.mcu.externaltools.make.win32_2.2.100.202601091506/tools/bin/sh: syntax error: unexpected "("
make: [makefile:80: clean] Error 2 (ignored)
 
18:20:32 **** Build of configuration Debug for project Riconoscimento(Short vs Long Press) ****
make -j14 all 
arm-none-eabi-gcc "../Drivers/STM32G4xx_HAL_Driver/Src/stm32g4xx_hal.c" -mcpu=cortex-m4 -std=gnu11 -g3 -DDEBUG -DUSE_HAL_DRIVER -DSTM32G474xx -c -I../Core/Inc -I../Drivers/STM32G4xx_HAL_Driver/Inc -I../Drivers/STM32G4xx_HAL_Driver/Inc/Legacy -I../Drivers/CMSIS/Device/ST/STM32G4xx/Include -I../Drivers/CMSIS/Include -O0 -ffunction-sections -fdata-sections -Wall -fstack-usage -fcyclomatic-complexity -MMD -MP -MF"Drivers/STM32G4xx_HAL_Driver/Src/stm32g4xx_hal.d" -MT"Drivers/STM32G4xx_HAL_Driver/Src/stm32g4xx_hal.o" --specs=nano.specs -mfpu=fpv4-sp-d16 -mfloat-abi=hard -mthumb -o "Drivers/STM32G4xx_HAL_Driver/Src/stm32g4xx_hal.o"
arm-none-eabi-gcc "../Drivers/STM32G4xx_HAL_Driver/Src/stm32g4xx_hal_cortex.c" -mcpu=cortex-m4 -std=gnu11 -g3 -DDEBUG -DUSE_HAL_DRIVER -DSTM32G474xx -c -I../Core/Inc -I../Drivers/STM32G4xx_HAL_Driver/Inc -I../Drivers/STM32G4xx_HAL_Driver/Inc/Legacy -I../Drivers/CMSIS/Device/ST/STM32G4xx/Include -I../Drivers/CMSIS/Include -O0 -ffunction-sections -fdata-sections -Wall -fstack-usage -fcyclomatic-complexity -MMD -MP -MF"Drivers/STM32G4xx_HAL_Driver/Src/stm32g4xx_hal_cortex.d" -MT"Drivers/STM32G4xx_HAL_Driver/Src/stm32g4xx_hal_cortex.o" --specs=nano.specs -mfpu=fpv4-sp-d16 -mfloat-abi=hard -mthumb -o "Drivers/STM32G4xx_HAL_Driver/Src/stm32g4xx_hal_cortex.o"
arm-none-eabi-gcc "../Drivers/STM32G4xx_HAL_Driver/Src/stm32g4xx_hal_dma.c" -mcpu=cortex-m4 -std=gnu11 -g3 -DDEBUG -DUSE_HAL_DRIVER -DSTM32G474xx -c -I../Core/Inc -I../Drivers/STM32G4xx_HAL_Driver/Inc -I../Drivers/STM32G4xx_HAL_Driver/Inc/Legacy -I../Drivers/CMSIS/Device/ST/STM32G4xx/Include -I../Drivers/CMSIS/Include -O0 -ffunction-sections -fdata-sections -Wall -fstack-usage -fcyclomatic-complexity -MMD -MP -MF"Drivers/STM32G4xx_HAL_Driver/Src/stm32g4xx_hal_dma.d" -MT"Drivers/STM32G4xx_HAL_Driver/Src/stm32g4xx_hal_dma.o" --specs=nano.specs -mfpu=fpv4-sp-d16 -mfloat-abi=hard -mthumb -o "Drivers/STM32G4xx_HAL_Driver/Src/stm32g4xx_hal_dma.o"
arm-none-eabi-gcc "../Drivers/STM32G4xx_HAL_Driver/Src/stm32g4xx_hal_dma_ex.c" -mcpu=cortex-m4 -std=gnu11 -g3 -DDEBUG -DUSE_HAL_DRIVER -DSTM32G474xx -c -I../Core/Inc -I../Drivers/STM32G4xx_HAL_Driver/Inc -I../Drivers/STM32G4xx_HAL_Driver/Inc/Legacy -I../Drivers/CMSIS/Device/ST/STM32G4xx/Include -I../Drivers/CMSIS/Include -O0 -ffunction-sections -fdata-sections -Wall -fstack-usage -fcyclomatic-complexity -MMD -MP -MF"Drivers/STM32G4xx_HAL_Driver/Src/stm32g4xx_hal_dma_ex.d" -MT"Drivers/STM32G4xx_HAL_Driver/Src/stm32g4xx_hal_dma_ex.o" --specs=nano.specs -mfpu=fpv4-sp-d16 -mfloat-abi=hard -mthumb -o "Drivers/STM32G4xx_HAL_Driver/Src/stm32g4xx_hal_dma_ex.o"
arm-none-eabi-gcc "../Drivers/STM32G4xx_HAL_Driver/Src/stm32g4xx_hal_exti.c" -mcpu=cortex-m4 -std=gnu11 -g3 -DDEBUG -DUSE_HAL_DRIVER -DSTM32G474xx -c -I../Core/Inc -I../Drivers/STM32G4xx_HAL_Driver/Inc -I../Drivers/STM32G4xx_HAL_Driver/Inc/Legacy -I../Drivers/CMSIS/Device/ST/STM32G4xx/Include -I../Drivers/CMSIS/Include -O0 -ffunction-sections -fdata-sections -Wall -fstack-usage -fcyclomatic-complexity -MMD -MP -MF"Drivers/STM32G4xx_HAL_Driver/Src/stm32g4xx_hal_exti.d" -MT"Drivers/STM32G4xx_HAL_Driver/Src/stm32g4xx_hal_exti.o" --specs=nano.specs -mfpu=fpv4-sp-d16 -mfloat-abi=hard -mthumb -o "Drivers/STM32G4xx_HAL_Driver/Src/stm32g4xx_hal_exti.o"
arm-none-eabi-gcc "../Drivers/STM32G4xx_HAL_Driver/Src/stm32g4xx_hal_flash.c" -mcpu=cortex-m4 -std=gnu11 -g3 -DDEBUG -DUSE_HAL_DRIVER -DSTM32G474xx -c -I../Core/Inc -I../Drivers/STM32G4xx_HAL_Driver/Inc -I../Drivers/STM32G4xx_HAL_Driver/Inc/Legacy -I../Drivers/CMSIS/Device/ST/STM32G4xx/Include -I../Drivers/CMSIS/Include -O0 -ffunction-sections -fdata-sections -Wall -fstack-usage -fcyclomatic-complexity -MMD -MP -MF"Drivers/STM32G4xx_HAL_Driver/Src/stm32g4xx_hal_flash.d" -MT"Drivers/STM32G4xx_HAL_Driver/Src/stm32g4xx_hal_flash.o" --specs=nano.specs -mfpu=fpv4-sp-d16 -mfloat-abi=hard -mthumb -o "Drivers/STM32G4xx_HAL_Driver/Src/stm32g4xx_hal_flash.o"
arm-none-eabi-gcc "../Drivers/STM32G4xx_HAL_Driver/Src/stm32g4xx_hal_flash_ex.c" -mcpu=cortex-m4 -std=gnu11 -g3 -DDEBUG -DUSE_HAL_DRIVER -DSTM32G474xx -c -I../Core/Inc -I../Drivers/STM32G4xx_HAL_Driver/Inc -I../Drivers/STM32G4xx_HAL_Driver/Inc/Legacy -I../Drivers/CMSIS/Device/ST/STM32G4xx/Include -I../Drivers/CMSIS/Include -O0 -ffunction-sections -fdata-sections -Wall -fstack-usage -fcyclomatic-complexity -MMD -MP -MF"Drivers/STM32G4xx_HAL_Driver/Src/stm32g4xx_hal_flash_ex.d" -MT"Drivers/STM32G4xx_HAL_Driver/Src/stm32g4xx_hal_flash_ex.o" --specs=nano.specs -mfpu=fpv4-sp-d16 -mfloat-abi=hard -mthumb -o "Drivers/STM32G4xx_HAL_Driver/Src/stm32g4xx_hal_flash_ex.o"
arm-none-eabi-gcc "../Drivers/STM32G4xx_HAL_Driver/Src/stm32g4xx_hal_flash_ramfunc.c" -mcpu=cortex-m4 -std=gnu11 -g3 -DDEBUG -DUSE_HAL_DRIVER -DSTM32G474xx -c -I../Core/Inc -I../Drivers/STM32G4xx_HAL_Driver/Inc -I../Drivers/STM32G4xx_HAL_Driver/Inc/Legacy -I../Drivers/CMSIS/Device/ST/STM32G4xx/Include -I../Drivers/CMSIS/Include -O0 -ffunction-sections -fdata-sections -Wall -fstack-usage -fcyclomatic-complexity -MMD -MP -MF"Drivers/STM32G4xx_HAL_Driver/Src/stm32g4xx_hal_flash_ramfunc.d" -MT"Drivers/STM32G4xx_HAL_Driver/Src/stm32g4xx_hal_flash_ramfunc.o" --specs=nano.specs -mfpu=fpv4-sp-d16 -mfloat-abi=hard -mthumb -o "Drivers/STM32G4xx_HAL_Driver/Src/stm32g4xx_hal_flash_ramfunc.o"
arm-none-eabi-gcc "../Drivers/STM32G4xx_HAL_Driver/Src/stm32g4xx_hal_gpio.c" -mcpu=cortex-m4 -std=gnu11 -g3 -DDEBUG -DUSE_HAL_DRIVER -DSTM32G474xx -c -I../Core/Inc -I../Drivers/STM32G4xx_HAL_Driver/Inc -I../Drivers/STM32G4xx_HAL_Driver/Inc/Legacy -I../Drivers/CMSIS/Device/ST/STM32G4xx/Include -I../Drivers/CMSIS/Include -O0 -ffunction-sections -fdata-sections -Wall -fstack-usage -fcyclomatic-complexity -MMD -MP -MF"Drivers/STM32G4xx_HAL_Driver/Src/stm32g4xx_hal_gpio.d" -MT"Drivers/STM32G4xx_HAL_Driver/Src/stm32g4xx_hal_gpio.o" --specs=nano.specs -mfpu=fpv4-sp-d16 -mfloat-abi=hard -mthumb -o "Drivers/STM32G4xx_HAL_Driver/Src/stm32g4xx_hal_gpio.o"
arm-none-eabi-gcc "../Drivers/STM32G4xx_HAL_Driver/Src/stm32g4xx_hal_pwr.c" -mcpu=cortex-m4 -std=gnu11 -g3 -DDEBUG -DUSE_HAL_DRIVER -DSTM32G474xx -c -I../Core/Inc -I../Drivers/STM32G4xx_HAL_Driver/Inc -I../Drivers/STM32G4xx_HAL_Driver/Inc/Legacy -I../Drivers/CMSIS/Device/ST/STM32G4xx/Include -I../Drivers/CMSIS/Include -O0 -ffunction-sections -fdata-sections -Wall -fstack-usage -fcyclomatic-complexity -MMD -MP -MF"Drivers/STM32G4xx_HAL_Driver/Src/stm32g4xx_hal_pwr.d" -MT"Drivers/STM32G4xx_HAL_Driver/Src/stm32g4xx_hal_pwr.o" --specs=nano.specs -mfpu=fpv4-sp-d16 -mfloat-abi=hard -mthumb -o "Drivers/STM32G4xx_HAL_Driver/Src/stm32g4xx_hal_pwr.o"
arm-none-eabi-gcc "../Drivers/STM32G4xx_HAL_Driver/Src/stm32g4xx_hal_pwr_ex.c" -mcpu=cortex-m4 -std=gnu11 -g3 -DDEBUG -DUSE_HAL_DRIVER -DSTM32G474xx -c -I../Core/Inc -I../Drivers/STM32G4xx_HAL_Driver/Inc -I../Drivers/STM32G4xx_HAL_Driver/Inc/Legacy -I../Drivers/CMSIS/Device/ST/STM32G4xx/Include -I../Drivers/CMSIS/Include -O0 -ffunction-sections -fdata-sections -Wall -fstack-usage -fcyclomatic-complexity -MMD -MP -MF"Drivers/STM32G4xx_HAL_Driver/Src/stm32g4xx_hal_pwr_ex.d" -MT"Drivers/STM32G4xx_HAL_Driver/Src/stm32g4xx_hal_pwr_ex.o" --specs=nano.specs -mfpu=fpv4-sp-d16 -mfloat-abi=hard -mthumb -o "Drivers/STM32G4xx_HAL_Driver/Src/stm32g4xx_hal_pwr_ex.o"
arm-none-eabi-gcc "../Drivers/STM32G4xx_HAL_Driver/Src/stm32g4xx_hal_rcc.c" -mcpu=cortex-m4 -std=gnu11 -g3 -DDEBUG -DUSE_HAL_DRIVER -DSTM32G474xx -c -I../Core/Inc -I../Drivers/STM32G4xx_HAL_Driver/Inc -I../Drivers/STM32G4xx_HAL_Driver/Inc/Legacy -I../Drivers/CMSIS/Device/ST/STM32G4xx/Include -I../Drivers/CMSIS/Include -O0 -ffunction-sections -fdata-sections -Wall -fstack-usage -fcyclomatic-complexity -MMD -MP -MF"Drivers/STM32G4xx_HAL_Driver/Src/stm32g4xx_hal_rcc.d" -MT"Drivers/STM32G4xx_HAL_Driver/Src/stm32g4xx_hal_rcc.o" --specs=nano.specs -mfpu=fpv4-sp-d16 -mfloat-abi=hard -mthumb -o "Drivers/STM32G4xx_HAL_Driver/Src/stm32g4xx_hal_rcc.o"
arm-none-eabi-gcc "../Drivers/STM32G4xx_HAL_Driver/Src/stm32g4xx_hal_rcc_ex.c" -mcpu=cortex-m4 -std=gnu11 -g3 -DDEBUG -DUSE_HAL_DRIVER -DSTM32G474xx -c -I../Core/Inc -I../Drivers/STM32G4xx_HAL_Driver/Inc -I../Drivers/STM32G4xx_HAL_Driver/Inc/Legacy -I../Drivers/CMSIS/Device/ST/STM32G4xx/Include -I../Drivers/CMSIS/Include -O0 -ffunction-sections -fdata-sections -Wall -fstack-usage -fcyclomatic-complexity -MMD -MP -MF"Drivers/STM32G4xx_HAL_Driver/Src/stm32g4xx_hal_rcc_ex.d" -MT"Drivers/STM32G4xx_HAL_Driver/Src/stm32g4xx_hal_rcc_ex.o" --specs=nano.specs -mfpu=fpv4-sp-d16 -mfloat-abi=hard -mthumb -o "Drivers/STM32G4xx_HAL_Driver/Src/stm32g4xx_hal_rcc_ex.o"
arm-none-eabi-gcc "../Drivers/STM32G4xx_HAL_Driver/Src/stm32g4xx_hal_tim.c" -mcpu=cortex-m4 -std=gnu11 -g3 -DDEBUG -DUSE_HAL_DRIVER -DSTM32G474xx -c -I../Core/Inc -I../Drivers/STM32G4xx_HAL_Driver/Inc -I../Drivers/STM32G4xx_HAL_Driver/Inc/Legacy -I../Drivers/CMSIS/Device/ST/STM32G4xx/Include -I../Drivers/CMSIS/Include -O0 -ffunction-sections -fdata-sections -Wall -fstack-usage -fcyclomatic-complexity -MMD -MP -MF"Drivers/STM32G4xx_HAL_Driver/Src/stm32g4xx_hal_tim.d" -MT"Drivers/STM32G4xx_HAL_Driver/Src/stm32g4xx_hal_tim.o" --specs=nano.specs -mfpu=fpv4-sp-d16 -mfloat-abi=hard -mthumb -o "Drivers/STM32G4xx_HAL_Driver/Src/stm32g4xx_hal_tim.o"
arm-none-eabi-gcc "../Drivers/STM32G4xx_HAL_Driver/Src/stm32g4xx_hal_tim_ex.c" -mcpu=cortex-m4 -std=gnu11 -g3 -DDEBUG -DUSE_HAL_DRIVER -DSTM32G474xx -c -I../Core/Inc -I../Drivers/STM32G4xx_HAL_Driver/Inc -I../Drivers/STM32G4xx_HAL_Driver/Inc/Legacy -I../Drivers/CMSIS/Device/ST/STM32G4xx/Include -I../Drivers/CMSIS/Include -O0 -ffunction-sections -fdata-sections -Wall -fstack-usage -fcyclomatic-complexity -MMD -MP -MF"Drivers/STM32G4xx_HAL_Driver/Src/stm32g4xx_hal_tim_ex.d" -MT"Drivers/STM32G4xx_HAL_Driver/Src/stm32g4xx_hal_tim_ex.o" --specs=nano.specs -mfpu=fpv4-sp-d16 -mfloat-abi=hard -mthumb -o "Drivers/STM32G4xx_HAL_Driver/Src/stm32g4xx_hal_tim_ex.o"
arm-none-eabi-gcc -mcpu=cortex-m4 -g3 -DDEBUG -c -x assembler-with-cpp -MMD -MP -MF"Core/Startup/startup_stm32g474retx.d" -MT"Core/Startup/startup_stm32g474retx.o" --specs=nano.specs -mfpu=fpv4-sp-d16 -mfloat-abi=hard -mthumb -o "Core/Startup/startup_stm32g474retx.o" "../Core/Startup/startup_stm32g474retx.s"
arm-none-eabi-gcc "../Core/Src/gpio.c" -mcpu=cortex-m4 -std=gnu11 -g3 -DDEBUG -DUSE_HAL_DRIVER -DSTM32G474xx -c -I../Core/Inc -I../Drivers/STM32G4xx_HAL_Driver/Inc -I../Drivers/STM32G4xx_HAL_Driver/Inc/Legacy -I../Drivers/CMSIS/Device/ST/STM32G4xx/Include -I../Drivers/CMSIS/Include -O0 -ffunction-sections -fdata-sections -Wall -fstack-usage -fcyclomatic-complexity -MMD -MP -MF"Core/Src/gpio.d" -MT"Core/Src/gpio.o" --specs=nano.specs -mfpu=fpv4-sp-d16 -mfloat-abi=hard -mthumb -o "Core/Src/gpio.o"
arm-none-eabi-gcc "../Core/Src/main.c" -mcpu=cortex-m4 -std=gnu11 -g3 -DDEBUG -DUSE_HAL_DRIVER -DSTM32G474xx -c -I../Core/Inc -I../Drivers/STM32G4xx_HAL_Driver/Inc -I../Drivers/STM32G4xx_HAL_Driver/Inc/Legacy -I../Drivers/CMSIS/Device/ST/STM32G4xx/Include -I../Drivers/CMSIS/Include -O0 -ffunction-sections -fdata-sections -Wall -fstack-usage -fcyclomatic-complexity -MMD -MP -MF"Core/Src/main.d" -MT"Core/Src/main.o" --specs=nano.specs -mfpu=fpv4-sp-d16 -mfloat-abi=hard -mthumb -o "Core/Src/main.o"
arm-none-eabi-gcc "../Core/Src/stm32g4xx_hal_msp.c" -mcpu=cortex-m4 -std=gnu11 -g3 -DDEBUG -DUSE_HAL_DRIVER -DSTM32G474xx -c -I../Core/Inc -I../Drivers/STM32G4xx_HAL_Driver/Inc -I../Drivers/STM32G4xx_HAL_Driver/Inc/Legacy -I../Drivers/CMSIS/Device/ST/STM32G4xx/Include -I../Drivers/CMSIS/Include -O0 -ffunction-sections -fdata-sections -Wall -fstack-usage -fcyclomatic-complexity -MMD -MP -MF"Core/Src/stm32g4xx_hal_msp.d" -MT"Core/Src/stm32g4xx_hal_msp.o" --specs=nano.specs -mfpu=fpv4-sp-d16 -mfloat-abi=hard -mthumb -o "Core/Src/stm32g4xx_hal_msp.o"
arm-none-eabi-gcc "../Core/Src/stm32g4xx_it.c" -mcpu=cortex-m4 -std=gnu11 -g3 -DDEBUG -DUSE_HAL_DRIVER -DSTM32G474xx -c -I../Core/Inc -I../Drivers/STM32G4xx_HAL_Driver/Inc -I../Drivers/STM32G4xx_HAL_Driver/Inc/Legacy -I../Drivers/CMSIS/Device/ST/STM32G4xx/Include -I../Drivers/CMSIS/Include -O0 -ffunction-sections -fdata-sections -Wall -fstack-usage -fcyclomatic-complexity -MMD -MP -MF"Core/Src/stm32g4xx_it.d" -MT"Core/Src/stm32g4xx_it.o" --specs=nano.specs -mfpu=fpv4-sp-d16 -mfloat-abi=hard -mthumb -o "Core/Src/stm32g4xx_it.o"
arm-none-eabi-gcc "../Core/Src/syscalls.c" -mcpu=cortex-m4 -std=gnu11 -g3 -DDEBUG -DUSE_HAL_DRIVER -DSTM32G474xx -c -I../Core/Inc -I../Drivers/STM32G4xx_HAL_Driver/Inc -I../Drivers/STM32G4xx_HAL_Driver/Inc/Legacy -I../Drivers/CMSIS/Device/ST/STM32G4xx/Include -I../Drivers/CMSIS/Include -O0 -ffunction-sections -fdata-sections -Wall -fstack-usage -fcyclomatic-complexity -MMD -MP -MF"Core/Src/syscalls.d" -MT"Core/Src/syscalls.o" --specs=nano.specs -mfpu=fpv4-sp-d16 -mfloat-abi=hard -mthumb -o "Core/Src/syscalls.o"
arm-none-eabi-gcc "../Core/Src/sysmem.c" -mcpu=cortex-m4 -std=gnu11 -g3 -DDEBUG -DUSE_HAL_DRIVER -DSTM32G474xx -c -I../Core/Inc -I../Drivers/STM32G4xx_HAL_Driver/Inc -I../Drivers/STM32G4xx_HAL_Driver/Inc/Legacy -I../Drivers/CMSIS/Device/ST/STM32G4xx/Include -I../Drivers/CMSIS/Include -O0 -ffunction-sections -fdata-sections -Wall -fstack-usage -fcyclomatic-complexity -MMD -MP -MF"Core/Src/sysmem.d" -MT"Core/Src/sysmem.o" --specs=nano.specs -mfpu=fpv4-sp-d16 -mfloat-abi=hard -mthumb -o "Core/Src/sysmem.o"
arm-none-eabi-gcc "../Core/Src/system_stm32g4xx.c" -mcpu=cortex-m4 -std=gnu11 -g3 -DDEBUG -DUSE_HAL_DRIVER -DSTM32G474xx -c -I../Core/Inc -I../Drivers/STM32G4xx_HAL_Driver/Inc -I../Drivers/STM32G4xx_HAL_Driver/Inc/Legacy -I../Drivers/CMSIS/Device/ST/STM32G4xx/Include -I../Drivers/CMSIS/Include -O0 -ffunction-sections -fdata-sections -Wall -fstack-usage -fcyclomatic-complexity -MMD -MP -MF"Core/Src/system_stm32g4xx.d" -MT"Core/Src/system_stm32g4xx.o" --specs=nano.specs -mfpu=fpv4-sp-d16 -mfloat-abi=hard -mthumb -o "Core/Src/system_stm32g4xx.o"
arm-none-eabi-gcc "../Core/Src/tim.c" -mcpu=cortex-m4 -std=gnu11 -g3 -DDEBUG -DUSE_HAL_DRIVER -DSTM32G474xx -c -I../Core/Inc -I../Drivers/STM32G4xx_HAL_Driver/Inc -I../Drivers/STM32G4xx_HAL_Driver/Inc/Legacy -I../Drivers/CMSIS/Device/ST/STM32G4xx/Include -I../Drivers/CMSIS/Include -O0 -ffunction-sections -fdata-sections -Wall -fstack-usage -fcyclomatic-complexity -MMD -MP -MF"Core/Src/tim.d" -MT"Core/Src/tim.o" --specs=nano.specs -mfpu=fpv4-sp-d16 -mfloat-abi=hard -mthumb -o "Core/Src/tim.o"
arm-none-eabi-gcc -o "Riconoscimento(Short vs Long Press).elf" @"objects.list"   -mcpu=cortex-m4 -T"C:\Users\frank\Documents\Uni\Embedded\project location\esercitazioni\Riconoscimento(Short vs Long Press)\Riconoscimento(Short vs Long Press)\STM32G474RETX_FLASH.ld" --specs=nosys.specs -Wl,-Map="Riconoscimento(Short vs Long Press).map" -Wl,--gc-sections -static --specs=nano.specs -mfpu=fpv4-sp-d16 -mfloat-abi=hard -mthumb -Wl,--start-group -lc -lm -Wl,--end-group
Finished building target: Riconoscimento(Short vs Long Press).elf
 
arm-none-eabi-size  Riconoscimento(Short\ vs\ Long\ Press).elf 
arm-none-eabi-objdump -h -S Riconoscimento(Short\ vs\ Long\ Press).elf  > "Riconoscimento(Short vs Long Press).list"
c:/st/stm32cubeide_2.1.1/stm32cubeide/plugins/com.st.stm32cube.ide.mcu.externaltools.make.win32_2.2.100.202601091506/tools/bin/sh: syntax error: unexpected "("
make: *** [makefile:69: default.size.stdout] Error 2
make: *** Waiting for unfinished jobs....
c:/st/stm32cubeide_2.1.1/stm32cubeide/plugins/com.st.stm32cube.ide.mcu.externaltools.make.win32_2.2.100.202601091506/tools/bin/sh: syntax error: unexpected "("
make: *** [makefile:74: Riconoscimento(Short vs Long Press).list] Error 2
"make -j14 all" terminated with exit code 2. Build might be incomplete.
18:20:34 **** Clean-only build of configuration Debug for project UART_ese1 ****
make -j14 clean 
rm -rf ./Drivers/STM32G4xx_HAL_Driver/Src/stm32g4xx_hal.cyclo ./Drivers/STM32G4xx_HAL_Driver/Src/stm32g4xx_hal.d ./Drivers/STM32G4xx_HAL_Driver/Src/stm32g4xx_hal.o ./Drivers/STM32G4xx_HAL_Driver/Src/stm32g4xx_hal.su ./Drivers/STM32G4xx_HAL_Driver/Src/stm32g4xx_hal_cortex.cyclo ./Drivers/STM32G4xx_HAL_Driver/Src/stm32g4xx_hal_cortex.d ./Drivers/STM32G4xx_HAL_Driver/Src/stm32g4xx_hal_cortex.o ./Drivers/STM32G4xx_HAL_Driver/Src/stm32g4xx_hal_cortex.su ./Drivers/STM32G4xx_HAL_Driver/Src/stm32g4xx_hal_dma.cyclo ./Drivers/STM32G4xx_HAL_Driver/Src/stm32g4xx_hal_dma.d ./Drivers/STM32G4xx_HAL_Driver/Src/stm32g4xx_hal_dma.o ./Drivers/STM32G4xx_HAL_Driver/Src/stm32g4xx_hal_dma.su ./Drivers/STM32G4xx_HAL_Driver/Src/stm32g4xx_hal_dma_ex.cyclo ./Drivers/STM32G4xx_HAL_Driver/Src/stm32g4xx_hal_dma_ex.d ./Drivers/STM32G4xx_HAL_Driver/Src/stm32g4xx_hal_dma_ex.o ./Drivers/STM32G4xx_HAL_Driver/Src/stm32g4xx_hal_dma_ex.su ./Drivers/STM32G4xx_HAL_Driver/Src/stm32g4xx_hal_exti.cyclo ./Drivers/STM32G4xx_HAL_Driver/Src/stm32g4xx_hal_exti.d ./Drivers/STM32G4xx_HAL_Driver/Src/stm32g4xx_hal_exti.o ./Drivers/STM32G4xx_HAL_Driver/Src/stm32g4xx_hal_exti.su ./Drivers/STM32G4xx_HAL_Driver/Src/stm32g4xx_hal_flash.cyclo ./Drivers/STM32G4xx_HAL_Driver/Src/stm32g4xx_hal_flash.d ./Drivers/STM32G4xx_HAL_Driver/Src/stm32g4xx_hal_flash.o ./Drivers/STM32G4xx_HAL_Driver/Src/stm32g4xx_hal_flash.su ./Drivers/STM32G4xx_HAL_Driver/Src/stm32g4xx_hal_flash_ex.cyclo ./Drivers/STM32G4xx_HAL_Driver/Src/stm32g4xx_hal_flash_ex.d ./Drivers/STM32G4xx_HAL_Driver/Src/stm32g4xx_hal_flash_ex.o ./Drivers/STM32G4xx_HAL_Driver/Src/stm32g4xx_hal_flash_ex.su ./Drivers/STM32G4xx_HAL_Driver/Src/stm32g4xx_hal_flash_ramfunc.cyclo ./Drivers/STM32G4xx_HAL_Driver/Src/stm32g4xx_hal_flash_ramfunc.d ./Drivers/STM32G4xx_HAL_Driver/Src/stm32g4xx_hal_flash_ramfunc.o ./Drivers/STM32G4xx_HAL_Driver/Src/stm32g4xx_hal_flash_ramfunc.su ./Drivers/STM32G4xx_HAL_Driver/Src/stm32g4xx_hal_gpio.cyclo ./Drivers/STM32G4xx_HAL_Driver/Src/stm32g4xx_hal_gpio.d ./Drivers/STM32G4xx_HAL_Driver/Src/stm32g4xx_hal_gpio.o ./Drivers/STM32G4xx_HAL_Driver/Src/stm32g4xx_hal_gpio.su ./Drivers/STM32G4xx_HAL_Driver/Src/stm32g4xx_hal_pwr.cyclo ./Drivers/STM32G4xx_HAL_Driver/Src/stm32g4xx_hal_pwr.d ./Drivers/STM32G4xx_HAL_Driver/Src/stm32g4xx_hal_pwr.o ./Drivers/STM32G4xx_HAL_Driver/Src/stm32g4xx_hal_pwr.su ./Drivers/STM32G4xx_HAL_Driver/Src/stm32g4xx_hal_pwr_ex.cyclo ./Drivers/STM32G4xx_HAL_Driver/Src/stm32g4xx_hal_pwr_ex.d ./Drivers/STM32G4xx_HAL_Driver/Src/stm32g4xx_hal_pwr_ex.o ./Drivers/STM32G4xx_HAL_Driver/Src/stm32g4xx_hal_pwr_ex.su ./Drivers/STM32G4xx_HAL_Driver/Src/stm32g4xx_hal_rcc.cyclo ./Drivers/STM32G4xx_HAL_Driver/Src/stm32g4xx_hal_rcc.d ./Drivers/STM32G4xx_HAL_Driver/Src/stm32g4xx_hal_rcc.o ./Drivers/STM32G4xx_HAL_Driver/Src/stm32g4xx_hal_rcc.su ./Drivers/STM32G4xx_HAL_Driver/Src/stm32g4xx_hal_rcc_ex.cyclo ./Drivers/STM32G4xx_HAL_Driver/Src/stm32g4xx_hal_rcc_ex.d ./Drivers/STM32G4xx_HAL_Driver/Src/stm32g4xx_hal_rcc_ex.o ./Drivers/STM32G4xx_HAL_Driver/Src/stm32g4xx_hal_rcc_ex.su ./Drivers/STM32G4xx_HAL_Driver/Src/stm32g4xx_hal_uart.cyclo ./Drivers/STM32G4xx_HAL_Driver/Src/stm32g4xx_hal_uart.d ./Drivers/STM32G4xx_HAL_Driver/Src/stm32g4xx_hal_uart.o ./Drivers/STM32G4xx_HAL_Driver/Src/stm32g4xx_hal_uart.su ./Drivers/STM32G4xx_HAL_Driver/Src/stm32g4xx_hal_uart_ex.cyclo ./Drivers/STM32G4xx_HAL_Driver/Src/stm32g4xx_hal_uart_ex.d ./Drivers/STM32G4xx_HAL_Driver/Src/stm32g4xx_hal_uart_ex.o ./Drivers/STM32G4xx_HAL_Driver/Src/stm32g4xx_hal_uart_ex.su
rm -rf ./Core/Startup/startup_stm32g474retx.d ./Core/Startup/startup_stm32g474retx.o
rm -rf ./Core/Src/gpio.cyclo ./Core/Src/gpio.d ./Core/Src/gpio.o ./Core/Src/gpio.su ./Core/Src/main.cyclo ./Core/Src/main.d ./Core/Src/main.o ./Core/Src/main.su ./Core/Src/stm32g4xx_hal_msp.cyclo ./Core/Src/stm32g4xx_hal_msp.d ./Core/Src/stm32g4xx_hal_msp.o ./Core/Src/stm32g4xx_hal_msp.su ./Core/Src/stm32g4xx_it.cyclo ./Core/Src/stm32g4xx_it.d ./Core/Src/stm32g4xx_it.o ./Core/Src/stm32g4xx_it.su ./Core/Src/syscalls.cyclo ./Core/Src/syscalls.d ./Core/Src/syscalls.o ./Core/Src/syscalls.su ./Core/Src/sysmem.cyclo ./Core/Src/sysmem.d ./Core/Src/sysmem.o ./Core/Src/sysmem.su ./Core/Src/system_stm32g4xx.cyclo ./Core/Src/system_stm32g4xx.d ./Core/Src/system_stm32g4xx.o ./Core/Src/system_stm32g4xx.su ./Core/Src/usart.cyclo ./Core/Src/usart.d ./Core/Src/usart.o ./Core/Src/usart.su
rm -rf UART_ese1.elf UART_ese1.list UART_ese1.map default.size.stdout
 
18:20:34 **** Build of configuration Debug for project UART_ese1 ****
make -j14 all 
arm-none-eabi-gcc "../Drivers/STM32G4xx_HAL_Driver/Src/stm32g4xx_hal.c" -mcpu=cortex-m4 -std=gnu11 -g3 -DDEBUG -DUSE_HAL_DRIVER -DSTM32G474xx -c -I../Core/Inc -I../Drivers/STM32G4xx_HAL_Driver/Inc -I../Drivers/STM32G4xx_HAL_Driver/Inc/Legacy -I../Drivers/CMSIS/Device/ST/STM32G4xx/Include -I../Drivers/CMSIS/Include -O0 -ffunction-sections -fdata-sections -Wall -fstack-usage -fcyclomatic-complexity -MMD -MP -MF"Drivers/STM32G4xx_HAL_Driver/Src/stm32g4xx_hal.d" -MT"Drivers/STM32G4xx_HAL_Driver/Src/stm32g4xx_hal.o" --specs=nano.specs -mfpu=fpv4-sp-d16 -mfloat-abi=hard -mthumb -o "Drivers/STM32G4xx_HAL_Driver/Src/stm32g4xx_hal.o"
arm-none-eabi-gcc "../Drivers/STM32G4xx_HAL_Driver/Src/stm32g4xx_hal_cortex.c" -mcpu=cortex-m4 -std=gnu11 -g3 -DDEBUG -DUSE_HAL_DRIVER -DSTM32G474xx -c -I../Core/Inc -I../Drivers/STM32G4xx_HAL_Driver/Inc -I../Drivers/STM32G4xx_HAL_Driver/Inc/Legacy -I../Drivers/CMSIS/Device/ST/STM32G4xx/Include -I../Drivers/CMSIS/Include -O0 -ffunction-sections -fdata-sections -Wall -fstack-usage -fcyclomatic-complexity -MMD -MP -MF"Drivers/STM32G4xx_HAL_Driver/Src/stm32g4xx_hal_cortex.d" -MT"Drivers/STM32G4xx_HAL_Driver/Src/stm32g4xx_hal_cortex.o" --specs=nano.specs -mfpu=fpv4-sp-d16 -mfloat-abi=hard -mthumb -o "Drivers/STM32G4xx_HAL_Driver/Src/stm32g4xx_hal_cortex.o"
arm-none-eabi-gcc "../Drivers/STM32G4xx_HAL_Driver/Src/stm32g4xx_hal_dma.c" -mcpu=cortex-m4 -std=gnu11 -g3 -DDEBUG -DUSE_HAL_DRIVER -DSTM32G474xx -c -I../Core/Inc -I../Drivers/STM32G4xx_HAL_Driver/Inc -I../Drivers/STM32G4xx_HAL_Driver/Inc/Legacy -I../Drivers/CMSIS/Device/ST/STM32G4xx/Include -I../Drivers/CMSIS/Include -O0 -ffunction-sections -fdata-sections -Wall -fstack-usage -fcyclomatic-complexity -MMD -MP -MF"Drivers/STM32G4xx_HAL_Driver/Src/stm32g4xx_hal_dma.d" -MT"Drivers/STM32G4xx_HAL_Driver/Src/stm32g4xx_hal_dma.o" --specs=nano.specs -mfpu=fpv4-sp-d16 -mfloat-abi=hard -mthumb -o "Drivers/STM32G4xx_HAL_Driver/Src/stm32g4xx_hal_dma.o"
arm-none-eabi-gcc "../Drivers/STM32G4xx_HAL_Driver/Src/stm32g4xx_hal_dma_ex.c" -mcpu=cortex-m4 -std=gnu11 -g3 -DDEBUG -DUSE_HAL_DRIVER -DSTM32G474xx -c -I../Core/Inc -I../Drivers/STM32G4xx_HAL_Driver/Inc -I../Drivers/STM32G4xx_HAL_Driver/Inc/Legacy -I../Drivers/CMSIS/Device/ST/STM32G4xx/Include -I../Drivers/CMSIS/Include -O0 -ffunction-sections -fdata-sections -Wall -fstack-usage -fcyclomatic-complexity -MMD -MP -MF"Drivers/STM32G4xx_HAL_Driver/Src/stm32g4xx_hal_dma_ex.d" -MT"Drivers/STM32G4xx_HAL_Driver/Src/stm32g4xx_hal_dma_ex.o" --specs=nano.specs -mfpu=fpv4-sp-d16 -mfloat-abi=hard -mthumb -o "Drivers/STM32G4xx_HAL_Driver/Src/stm32g4xx_hal_dma_ex.o"
arm-none-eabi-gcc "../Drivers/STM32G4xx_HAL_Driver/Src/stm32g4xx_hal_exti.c" -mcpu=cortex-m4 -std=gnu11 -g3 -DDEBUG -DUSE_HAL_DRIVER -DSTM32G474xx -c -I../Core/Inc -I../Drivers/STM32G4xx_HAL_Driver/Inc -I../Drivers/STM32G4xx_HAL_Driver/Inc/Legacy -I../Drivers/CMSIS/Device/ST/STM32G4xx/Include -I../Drivers/CMSIS/Include -O0 -ffunction-sections -fdata-sections -Wall -fstack-usage -fcyclomatic-complexity -MMD -MP -MF"Drivers/STM32G4xx_HAL_Driver/Src/stm32g4xx_hal_exti.d" -MT"Drivers/STM32G4xx_HAL_Driver/Src/stm32g4xx_hal_exti.o" --specs=nano.specs -mfpu=fpv4-sp-d16 -mfloat-abi=hard -mthumb -o "Drivers/STM32G4xx_HAL_Driver/Src/stm32g4xx_hal_exti.o"
arm-none-eabi-gcc "../Drivers/STM32G4xx_HAL_Driver/Src/stm32g4xx_hal_flash.c" -mcpu=cortex-m4 -std=gnu11 -g3 -DDEBUG -DUSE_HAL_DRIVER -DSTM32G474xx -c -I../Core/Inc -I../Drivers/STM32G4xx_HAL_Driver/Inc -I../Drivers/STM32G4xx_HAL_Driver/Inc/Legacy -I../Drivers/CMSIS/Device/ST/STM32G4xx/Include -I../Drivers/CMSIS/Include -O0 -ffunction-sections -fdata-sections -Wall -fstack-usage -fcyclomatic-complexity -MMD -MP -MF"Drivers/STM32G4xx_HAL_Driver/Src/stm32g4xx_hal_flash.d" -MT"Drivers/STM32G4xx_HAL_Driver/Src/stm32g4xx_hal_flash.o" --specs=nano.specs -mfpu=fpv4-sp-d16 -mfloat-abi=hard -mthumb -o "Drivers/STM32G4xx_HAL_Driver/Src/stm32g4xx_hal_flash.o"
arm-none-eabi-gcc "../Drivers/STM32G4xx_HAL_Driver/Src/stm32g4xx_hal_flash_ex.c" -mcpu=cortex-m4 -std=gnu11 -g3 -DDEBUG -DUSE_HAL_DRIVER -DSTM32G474xx -c -I../Core/Inc -I../Drivers/STM32G4xx_HAL_Driver/Inc -I../Drivers/STM32G4xx_HAL_Driver/Inc/Legacy -I../Drivers/CMSIS/Device/ST/STM32G4xx/Include -I../Drivers/CMSIS/Include -O0 -ffunction-sections -fdata-sections -Wall -fstack-usage -fcyclomatic-complexity -MMD -MP -MF"Drivers/STM32G4xx_HAL_Driver/Src/stm32g4xx_hal_flash_ex.d" -MT"Drivers/STM32G4xx_HAL_Driver/Src/stm32g4xx_hal_flash_ex.o" --specs=nano.specs -mfpu=fpv4-sp-d16 -mfloat-abi=hard -mthumb -o "Drivers/STM32G4xx_HAL_Driver/Src/stm32g4xx_hal_flash_ex.o"
arm-none-eabi-gcc "../Drivers/STM32G4xx_HAL_Driver/Src/stm32g4xx_hal_flash_ramfunc.c" -mcpu=cortex-m4 -std=gnu11 -g3 -DDEBUG -DUSE_HAL_DRIVER -DSTM32G474xx -c -I../Core/Inc -I../Drivers/STM32G4xx_HAL_Driver/Inc -I../Drivers/STM32G4xx_HAL_Driver/Inc/Legacy -I../Drivers/CMSIS/Device/ST/STM32G4xx/Include -I../Drivers/CMSIS/Include -O0 -ffunction-sections -fdata-sections -Wall -fstack-usage -fcyclomatic-complexity -MMD -MP -MF"Drivers/STM32G4xx_HAL_Driver/Src/stm32g4xx_hal_flash_ramfunc.d" -MT"Drivers/STM32G4xx_HAL_Driver/Src/stm32g4xx_hal_flash_ramfunc.o" --specs=nano.specs -mfpu=fpv4-sp-d16 -mfloat-abi=hard -mthumb -o "Drivers/STM32G4xx_HAL_Driver/Src/stm32g4xx_hal_flash_ramfunc.o"
arm-none-eabi-gcc "../Drivers/STM32G4xx_HAL_Driver/Src/stm32g4xx_hal_gpio.c" -mcpu=cortex-m4 -std=gnu11 -g3 -DDEBUG -DUSE_HAL_DRIVER -DSTM32G474xx -c -I../Core/Inc -I../Drivers/STM32G4xx_HAL_Driver/Inc -I../Drivers/STM32G4xx_HAL_Driver/Inc/Legacy -I../Drivers/CMSIS/Device/ST/STM32G4xx/Include -I../Drivers/CMSIS/Include -O0 -ffunction-sections -fdata-sections -Wall -fstack-usage -fcyclomatic-complexity -MMD -MP -MF"Drivers/STM32G4xx_HAL_Driver/Src/stm32g4xx_hal_gpio.d" -MT"Drivers/STM32G4xx_HAL_Driver/Src/stm32g4xx_hal_gpio.o" --specs=nano.specs -mfpu=fpv4-sp-d16 -mfloat-abi=hard -mthumb -o "Drivers/STM32G4xx_HAL_Driver/Src/stm32g4xx_hal_gpio.o"
arm-none-eabi-gcc "../Drivers/STM32G4xx_HAL_Driver/Src/stm32g4xx_hal_pwr.c" -mcpu=cortex-m4 -std=gnu11 -g3 -DDEBUG -DUSE_HAL_DRIVER -DSTM32G474xx -c -I../Core/Inc -I../Drivers/STM32G4xx_HAL_Driver/Inc -I../Drivers/STM32G4xx_HAL_Driver/Inc/Legacy -I../Drivers/CMSIS/Device/ST/STM32G4xx/Include -I../Drivers/CMSIS/Include -O0 -ffunction-sections -fdata-sections -Wall -fstack-usage -fcyclomatic-complexity -MMD -MP -MF"Drivers/STM32G4xx_HAL_Driver/Src/stm32g4xx_hal_pwr.d" -MT"Drivers/STM32G4xx_HAL_Driver/Src/stm32g4xx_hal_pwr.o" --specs=nano.specs -mfpu=fpv4-sp-d16 -mfloat-abi=hard -mthumb -o "Drivers/STM32G4xx_HAL_Driver/Src/stm32g4xx_hal_pwr.o"
arm-none-eabi-gcc "../Drivers/STM32G4xx_HAL_Driver/Src/stm32g4xx_hal_pwr_ex.c" -mcpu=cortex-m4 -std=gnu11 -g3 -DDEBUG -DUSE_HAL_DRIVER -DSTM32G474xx -c -I../Core/Inc -I../Drivers/STM32G4xx_HAL_Driver/Inc -I../Drivers/STM32G4xx_HAL_Driver/Inc/Legacy -I../Drivers/CMSIS/Device/ST/STM32G4xx/Include -I../Drivers/CMSIS/Include -O0 -ffunction-sections -fdata-sections -Wall -fstack-usage -fcyclomatic-complexity -MMD -MP -MF"Drivers/STM32G4xx_HAL_Driver/Src/stm32g4xx_hal_pwr_ex.d" -MT"Drivers/STM32G4xx_HAL_Driver/Src/stm32g4xx_hal_pwr_ex.o" --specs=nano.specs -mfpu=fpv4-sp-d16 -mfloat-abi=hard -mthumb -o "Drivers/STM32G4xx_HAL_Driver/Src/stm32g4xx_hal_pwr_ex.o"
arm-none-eabi-gcc "../Drivers/STM32G4xx_HAL_Driver/Src/stm32g4xx_hal_rcc.c" -mcpu=cortex-m4 -std=gnu11 -g3 -DDEBUG -DUSE_HAL_DRIVER -DSTM32G474xx -c -I../Core/Inc -I../Drivers/STM32G4xx_HAL_Driver/Inc -I../Drivers/STM32G4xx_HAL_Driver/Inc/Legacy -I../Drivers/CMSIS/Device/ST/STM32G4xx/Include -I../Drivers/CMSIS/Include -O0 -ffunction-sections -fdata-sections -Wall -fstack-usage -fcyclomatic-complexity -MMD -MP -MF"Drivers/STM32G4xx_HAL_Driver/Src/stm32g4xx_hal_rcc.d" -MT"Drivers/STM32G4xx_HAL_Driver/Src/stm32g4xx_hal_rcc.o" --specs=nano.specs -mfpu=fpv4-sp-d16 -mfloat-abi=hard -mthumb -o "Drivers/STM32G4xx_HAL_Driver/Src/stm32g4xx_hal_rcc.o"
arm-none-eabi-gcc "../Drivers/STM32G4xx_HAL_Driver/Src/stm32g4xx_hal_rcc_ex.c" -mcpu=cortex-m4 -std=gnu11 -g3 -DDEBUG -DUSE_HAL_DRIVER -DSTM32G474xx -c -I../Core/Inc -I../Drivers/STM32G4xx_HAL_Driver/Inc -I../Drivers/STM32G4xx_HAL_Driver/Inc/Legacy -I../Drivers/CMSIS/Device/ST/STM32G4xx/Include -I../Drivers/CMSIS/Include -O0 -ffunction-sections -fdata-sections -Wall -fstack-usage -fcyclomatic-complexity -MMD -MP -MF"Drivers/STM32G4xx_HAL_Driver/Src/stm32g4xx_hal_rcc_ex.d" -MT"Drivers/STM32G4xx_HAL_Driver/Src/stm32g4xx_hal_rcc_ex.o" --specs=nano.specs -mfpu=fpv4-sp-d16 -mfloat-abi=hard -mthumb -o "Drivers/STM32G4xx_HAL_Driver/Src/stm32g4xx_hal_rcc_ex.o"
arm-none-eabi-gcc "../Drivers/STM32G4xx_HAL_Driver/Src/stm32g4xx_hal_uart.c" -mcpu=cortex-m4 -std=gnu11 -g3 -DDEBUG -DUSE_HAL_DRIVER -DSTM32G474xx -c -I../Core/Inc -I../Drivers/STM32G4xx_HAL_Driver/Inc -I../Drivers/STM32G4xx_HAL_Driver/Inc/Legacy -I../Drivers/CMSIS/Device/ST/STM32G4xx/Include -I../Drivers/CMSIS/Include -O0 -ffunction-sections -fdata-sections -Wall -fstack-usage -fcyclomatic-complexity -MMD -MP -MF"Drivers/STM32G4xx_HAL_Driver/Src/stm32g4xx_hal_uart.d" -MT"Drivers/STM32G4xx_HAL_Driver/Src/stm32g4xx_hal_uart.o" --specs=nano.specs -mfpu=fpv4-sp-d16 -mfloat-abi=hard -mthumb -o "Drivers/STM32G4xx_HAL_Driver/Src/stm32g4xx_hal_uart.o"
arm-none-eabi-gcc "../Drivers/STM32G4xx_HAL_Driver/Src/stm32g4xx_hal_uart_ex.c" -mcpu=cortex-m4 -std=gnu11 -g3 -DDEBUG -DUSE_HAL_DRIVER -DSTM32G474xx -c -I../Core/Inc -I../Drivers/STM32G4xx_HAL_Driver/Inc -I../Drivers/STM32G4xx_HAL_Driver/Inc/Legacy -I../Drivers/CMSIS/Device/ST/STM32G4xx/Include -I../Drivers/CMSIS/Include -O0 -ffunction-sections -fdata-sections -Wall -fstack-usage -fcyclomatic-complexity -MMD -MP -MF"Drivers/STM32G4xx_HAL_Driver/Src/stm32g4xx_hal_uart_ex.d" -MT"Drivers/STM32G4xx_HAL_Driver/Src/stm32g4xx_hal_uart_ex.o" --specs=nano.specs -mfpu=fpv4-sp-d16 -mfloat-abi=hard -mthumb -o "Drivers/STM32G4xx_HAL_Driver/Src/stm32g4xx_hal_uart_ex.o"
arm-none-eabi-gcc -mcpu=cortex-m4 -g3 -DDEBUG -c -x assembler-with-cpp -MMD -MP -MF"Core/Startup/startup_stm32g474retx.d" -MT"Core/Startup/startup_stm32g474retx.o" --specs=nano.specs -mfpu=fpv4-sp-d16 -mfloat-abi=hard -mthumb -o "Core/Startup/startup_stm32g474retx.o" "../Core/Startup/startup_stm32g474retx.s"
arm-none-eabi-gcc "../Core/Src/gpio.c" -mcpu=cortex-m4 -std=gnu11 -g3 -DDEBUG -DUSE_HAL_DRIVER -DSTM32G474xx -c -I../Core/Inc -I../Drivers/STM32G4xx_HAL_Driver/Inc -I../Drivers/STM32G4xx_HAL_Driver/Inc/Legacy -I../Drivers/CMSIS/Device/ST/STM32G4xx/Include -I../Drivers/CMSIS/Include -O0 -ffunction-sections -fdata-sections -Wall -fstack-usage -fcyclomatic-complexity -MMD -MP -MF"Core/Src/gpio.d" -MT"Core/Src/gpio.o" --specs=nano.specs -mfpu=fpv4-sp-d16 -mfloat-abi=hard -mthumb -o "Core/Src/gpio.o"
arm-none-eabi-gcc "../Core/Src/main.c" -mcpu=cortex-m4 -std=gnu11 -g3 -DDEBUG -DUSE_HAL_DRIVER -DSTM32G474xx -c -I../Core/Inc -I../Drivers/STM32G4xx_HAL_Driver/Inc -I../Drivers/STM32G4xx_HAL_Driver/Inc/Legacy -I../Drivers/CMSIS/Device/ST/STM32G4xx/Include -I../Drivers/CMSIS/Include -O0 -ffunction-sections -fdata-sections -Wall -fstack-usage -fcyclomatic-complexity -MMD -MP -MF"Core/Src/main.d" -MT"Core/Src/main.o" --specs=nano.specs -mfpu=fpv4-sp-d16 -mfloat-abi=hard -mthumb -o "Core/Src/main.o"
arm-none-eabi-gcc "../Core/Src/stm32g4xx_hal_msp.c" -mcpu=cortex-m4 -std=gnu11 -g3 -DDEBUG -DUSE_HAL_DRIVER -DSTM32G474xx -c -I../Core/Inc -I../Drivers/STM32G4xx_HAL_Driver/Inc -I../Drivers/STM32G4xx_HAL_Driver/Inc/Legacy -I../Drivers/CMSIS/Device/ST/STM32G4xx/Include -I../Drivers/CMSIS/Include -O0 -ffunction-sections -fdata-sections -Wall -fstack-usage -fcyclomatic-complexity -MMD -MP -MF"Core/Src/stm32g4xx_hal_msp.d" -MT"Core/Src/stm32g4xx_hal_msp.o" --specs=nano.specs -mfpu=fpv4-sp-d16 -mfloat-abi=hard -mthumb -o "Core/Src/stm32g4xx_hal_msp.o"
arm-none-eabi-gcc "../Core/Src/stm32g4xx_it.c" -mcpu=cortex-m4 -std=gnu11 -g3 -DDEBUG -DUSE_HAL_DRIVER -DSTM32G474xx -c -I../Core/Inc -I../Drivers/STM32G4xx_HAL_Driver/Inc -I../Drivers/STM32G4xx_HAL_Driver/Inc/Legacy -I../Drivers/CMSIS/Device/ST/STM32G4xx/Include -I../Drivers/CMSIS/Include -O0 -ffunction-sections -fdata-sections -Wall -fstack-usage -fcyclomatic-complexity -MMD -MP -MF"Core/Src/stm32g4xx_it.d" -MT"Core/Src/stm32g4xx_it.o" --specs=nano.specs -mfpu=fpv4-sp-d16 -mfloat-abi=hard -mthumb -o "Core/Src/stm32g4xx_it.o"
arm-none-eabi-gcc "../Core/Src/syscalls.c" -mcpu=cortex-m4 -std=gnu11 -g3 -DDEBUG -DUSE_HAL_DRIVER -DSTM32G474xx -c -I../Core/Inc -I../Drivers/STM32G4xx_HAL_Driver/Inc -I../Drivers/STM32G4xx_HAL_Driver/Inc/Legacy -I../Drivers/CMSIS/Device/ST/STM32G4xx/Include -I../Drivers/CMSIS/Include -O0 -ffunction-sections -fdata-sections -Wall -fstack-usage -fcyclomatic-complexity -MMD -MP -MF"Core/Src/syscalls.d" -MT"Core/Src/syscalls.o" --specs=nano.specs -mfpu=fpv4-sp-d16 -mfloat-abi=hard -mthumb -o "Core/Src/syscalls.o"
arm-none-eabi-gcc "../Core/Src/sysmem.c" -mcpu=cortex-m4 -std=gnu11 -g3 -DDEBUG -DUSE_HAL_DRIVER -DSTM32G474xx -c -I../Core/Inc -I../Drivers/STM32G4xx_HAL_Driver/Inc -I../Drivers/STM32G4xx_HAL_Driver/Inc/Legacy -I../Drivers/CMSIS/Device/ST/STM32G4xx/Include -I../Drivers/CMSIS/Include -O0 -ffunction-sections -fdata-sections -Wall -fstack-usage -fcyclomatic-complexity -MMD -MP -MF"Core/Src/sysmem.d" -MT"Core/Src/sysmem.o" --specs=nano.specs -mfpu=fpv4-sp-d16 -mfloat-abi=hard -mthumb -o "Core/Src/sysmem.o"
arm-none-eabi-gcc "../Core/Src/system_stm32g4xx.c" -mcpu=cortex-m4 -std=gnu11 -g3 -DDEBUG -DUSE_HAL_DRIVER -DSTM32G474xx -c -I../Core/Inc -I../Drivers/STM32G4xx_HAL_Driver/Inc -I../Drivers/STM32G4xx_HAL_Driver/Inc/Legacy -I../Drivers/CMSIS/Device/ST/STM32G4xx/Include -I../Drivers/CMSIS/Include -O0 -ffunction-sections -fdata-sections -Wall -fstack-usage -fcyclomatic-complexity -MMD -MP -MF"Core/Src/system_stm32g4xx.d" -MT"Core/Src/system_stm32g4xx.o" --specs=nano.specs -mfpu=fpv4-sp-d16 -mfloat-abi=hard -mthumb -o "Core/Src/system_stm32g4xx.o"
arm-none-eabi-gcc "../Core/Src/usart.c" -mcpu=cortex-m4 -std=gnu11 -g3 -DDEBUG -DUSE_HAL_DRIVER -DSTM32G474xx -c -I../Core/Inc -I../Drivers/STM32G4xx_HAL_Driver/Inc -I../Drivers/STM32G4xx_HAL_Driver/Inc/Legacy -I../Drivers/CMSIS/Device/ST/STM32G4xx/Include -I../Drivers/CMSIS/Include -O0 -ffunction-sections -fdata-sections -Wall -fstack-usage -fcyclomatic-complexity -MMD -MP -MF"Core/Src/usart.d" -MT"Core/Src/usart.o" --specs=nano.specs -mfpu=fpv4-sp-d16 -mfloat-abi=hard -mthumb -o "Core/Src/usart.o"
arm-none-eabi-gcc -o "UART_ese1.elf" @"objects.list"   -mcpu=cortex-m4 -T"C:\Users\frank\Documents\Uni\Embedded\project location\UART\UART_ese1\STM32G474RETX_FLASH.ld" --specs=nosys.specs -Wl,-Map="UART_ese1.map" -Wl,--gc-sections -static --specs=nano.specs -mfpu=fpv4-sp-d16 -mfloat-abi=hard -mthumb -Wl,--start-group -lc -lm -Wl,--end-group
Finished building target: UART_ese1.elf
 
arm-none-eabi-size  UART_ese1.elf 
arm-none-eabi-objdump -h -S UART_ese1.elf  > "UART_ese1.list"
   text	   data	    bss	    dec	    hex	filename
  14008	     96	   2032	  16136	   3f08	UART_ese1.elf
Finished building: default.size.stdout
 
Finished building: UART_ese1.list
 
18:20:35 **** Clean-only build of configuration Debug for project UART_ese2 ****
make -j14 clean 
rm -rf ./Drivers/STM32G4xx_HAL_Driver/Src/stm32g4xx_hal.cyclo ./Drivers/STM32G4xx_HAL_Driver/Src/stm32g4xx_hal.d ./Drivers/STM32G4xx_HAL_Driver/Src/stm32g4xx_hal.o ./Drivers/STM32G4xx_HAL_Driver/Src/stm32g4xx_hal.su ./Drivers/STM32G4xx_HAL_Driver/Src/stm32g4xx_hal_cortex.cyclo ./Drivers/STM32G4xx_HAL_Driver/Src/stm32g4xx_hal_cortex.d ./Drivers/STM32G4xx_HAL_Driver/Src/stm32g4xx_hal_cortex.o ./Drivers/STM32G4xx_HAL_Driver/Src/stm32g4xx_hal_cortex.su ./Drivers/STM32G4xx_HAL_Driver/Src/stm32g4xx_hal_dma.cyclo ./Drivers/STM32G4xx_HAL_Driver/Src/stm32g4xx_hal_dma.d ./Drivers/STM32G4xx_HAL_Driver/Src/stm32g4xx_hal_dma.o ./Drivers/STM32G4xx_HAL_Driver/Src/stm32g4xx_hal_dma.su ./Drivers/STM32G4xx_HAL_Driver/Src/stm32g4xx_hal_dma_ex.cyclo ./Drivers/STM32G4xx_HAL_Driver/Src/stm32g4xx_hal_dma_ex.d ./Drivers/STM32G4xx_HAL_Driver/Src/stm32g4xx_hal_dma_ex.o ./Drivers/STM32G4xx_HAL_Driver/Src/stm32g4xx_hal_dma_ex.su ./Drivers/STM32G4xx_HAL_Driver/Src/stm32g4xx_hal_exti.cyclo ./Drivers/STM32G4xx_HAL_Driver/Src/stm32g4xx_hal_exti.d ./Drivers/STM32G4xx_HAL_Driver/Src/stm32g4xx_hal_exti.o ./Drivers/STM32G4xx_HAL_Driver/Src/stm32g4xx_hal_exti.su ./Drivers/STM32G4xx_HAL_Driver/Src/stm32g4xx_hal_flash.cyclo ./Drivers/STM32G4xx_HAL_Driver/Src/stm32g4xx_hal_flash.d ./Drivers/STM32G4xx_HAL_Driver/Src/stm32g4xx_hal_flash.o ./Drivers/STM32G4xx_HAL_Driver/Src/stm32g4xx_hal_flash.su ./Drivers/STM32G4xx_HAL_Driver/Src/stm32g4xx_hal_flash_ex.cyclo ./Drivers/STM32G4xx_HAL_Driver/Src/stm32g4xx_hal_flash_ex.d ./Drivers/STM32G4xx_HAL_Driver/Src/stm32g4xx_hal_flash_ex.o ./Drivers/STM32G4xx_HAL_Driver/Src/stm32g4xx_hal_flash_ex.su ./Drivers/STM32G4xx_HAL_Driver/Src/stm32g4xx_hal_flash_ramfunc.cyclo ./Drivers/STM32G4xx_HAL_Driver/Src/stm32g4xx_hal_flash_ramfunc.d ./Drivers/STM32G4xx_HAL_Driver/Src/stm32g4xx_hal_flash_ramfunc.o ./Drivers/STM32G4xx_HAL_Driver/Src/stm32g4xx_hal_flash_ramfunc.su ./Drivers/STM32G4xx_HAL_Driver/Src/stm32g4xx_hal_gpio.cyclo ./Drivers/STM32G4xx_HAL_Driver/Src/stm32g4xx_hal_gpio.d ./Drivers/STM32G4xx_HAL_Driver/Src/stm32g4xx_hal_gpio.o ./Drivers/STM32G4xx_HAL_Driver/Src/stm32g4xx_hal_gpio.su ./Drivers/STM32G4xx_HAL_Driver/Src/stm32g4xx_hal_pwr.cyclo ./Drivers/STM32G4xx_HAL_Driver/Src/stm32g4xx_hal_pwr.d ./Drivers/STM32G4xx_HAL_Driver/Src/stm32g4xx_hal_pwr.o ./Drivers/STM32G4xx_HAL_Driver/Src/stm32g4xx_hal_pwr.su ./Drivers/STM32G4xx_HAL_Driver/Src/stm32g4xx_hal_pwr_ex.cyclo ./Drivers/STM32G4xx_HAL_Driver/Src/stm32g4xx_hal_pwr_ex.d ./Drivers/STM32G4xx_HAL_Driver/Src/stm32g4xx_hal_pwr_ex.o ./Drivers/STM32G4xx_HAL_Driver/Src/stm32g4xx_hal_pwr_ex.su ./Drivers/STM32G4xx_HAL_Driver/Src/stm32g4xx_hal_rcc.cyclo ./Drivers/STM32G4xx_HAL_Driver/Src/stm32g4xx_hal_rcc.d ./Drivers/STM32G4xx_HAL_Driver/Src/stm32g4xx_hal_rcc.o ./Drivers/STM32G4xx_HAL_Driver/Src/stm32g4xx_hal_rcc.su ./Drivers/STM32G4xx_HAL_Driver/Src/stm32g4xx_hal_rcc_ex.cyclo ./Drivers/STM32G4xx_HAL_Driver/Src/stm32g4xx_hal_rcc_ex.d ./Drivers/STM32G4xx_HAL_Driver/Src/stm32g4xx_hal_rcc_ex.o ./Drivers/STM32G4xx_HAL_Driver/Src/stm32g4xx_hal_rcc_ex.su ./Drivers/STM32G4xx_HAL_Driver/Src/stm32g4xx_hal_uart.cyclo ./Drivers/STM32G4xx_HAL_Driver/Src/stm32g4xx_hal_uart.d ./Drivers/STM32G4xx_HAL_Driver/Src/stm32g4xx_hal_uart.o ./Drivers/STM32G4xx_HAL_Driver/Src/stm32g4xx_hal_uart.su ./Drivers/STM32G4xx_HAL_Driver/Src/stm32g4xx_hal_uart_ex.cyclo ./Drivers/STM32G4xx_HAL_Driver/Src/stm32g4xx_hal_uart_ex.d ./Drivers/STM32G4xx_HAL_Driver/Src/stm32g4xx_hal_uart_ex.o ./Drivers/STM32G4xx_HAL_Driver/Src/stm32g4xx_hal_uart_ex.su
rm -rf ./Core/Startup/startup_stm32g474retx.d ./Core/Startup/startup_stm32g474retx.o
rm -rf ./Core/Src/gpio.cyclo ./Core/Src/gpio.d ./Core/Src/gpio.o ./Core/Src/gpio.su ./Core/Src/main.cyclo ./Core/Src/main.d ./Core/Src/main.o ./Core/Src/main.su ./Core/Src/stm32g4xx_hal_msp.cyclo ./Core/Src/stm32g4xx_hal_msp.d ./Core/Src/stm32g4xx_hal_msp.o ./Core/Src/stm32g4xx_hal_msp.su ./Core/Src/stm32g4xx_it.cyclo ./Core/Src/stm32g4xx_it.d ./Core/Src/stm32g4xx_it.o ./Core/Src/stm32g4xx_it.su ./Core/Src/syscalls.cyclo ./Core/Src/syscalls.d ./Core/Src/syscalls.o ./Core/Src/syscalls.su ./Core/Src/sysmem.cyclo ./Core/Src/sysmem.d ./Core/Src/sysmem.o ./Core/Src/sysmem.su ./Core/Src/system_stm32g4xx.cyclo ./Core/Src/system_stm32g4xx.d ./Core/Src/system_stm32g4xx.o ./Core/Src/system_stm32g4xx.su ./Core/Src/usart.cyclo ./Core/Src/usart.d ./Core/Src/usart.o ./Core/Src/usart.su
rm -rf UART_ese2.elf UART_ese2.list UART_ese2.map default.size.stdout
 
18:20:36 **** Build of configuration Debug for project UART_ese2 ****
make -j14 all 
arm-none-eabi-gcc "../Drivers/STM32G4xx_HAL_Driver/Src/stm32g4xx_hal.c" -mcpu=cortex-m4 -std=gnu11 -g3 -DDEBUG -DUSE_HAL_DRIVER -DSTM32G474xx -c -I../Core/Inc -I../Drivers/STM32G4xx_HAL_Driver/Inc -I../Drivers/STM32G4xx_HAL_Driver/Inc/Legacy -I../Drivers/CMSIS/Device/ST/STM32G4xx/Include -I../Drivers/CMSIS/Include -O0 -ffunction-sections -fdata-sections -Wall -fstack-usage -fcyclomatic-complexity -MMD -MP -MF"Drivers/STM32G4xx_HAL_Driver/Src/stm32g4xx_hal.d" -MT"Drivers/STM32G4xx_HAL_Driver/Src/stm32g4xx_hal.o" --specs=nano.specs -mfpu=fpv4-sp-d16 -mfloat-abi=hard -mthumb -o "Drivers/STM32G4xx_HAL_Driver/Src/stm32g4xx_hal.o"
arm-none-eabi-gcc "../Drivers/STM32G4xx_HAL_Driver/Src/stm32g4xx_hal_cortex.c" -mcpu=cortex-m4 -std=gnu11 -g3 -DDEBUG -DUSE_HAL_DRIVER -DSTM32G474xx -c -I../Core/Inc -I../Drivers/STM32G4xx_HAL_Driver/Inc -I../Drivers/STM32G4xx_HAL_Driver/Inc/Legacy -I../Drivers/CMSIS/Device/ST/STM32G4xx/Include -I../Drivers/CMSIS/Include -O0 -ffunction-sections -fdata-sections -Wall -fstack-usage -fcyclomatic-complexity -MMD -MP -MF"Drivers/STM32G4xx_HAL_Driver/Src/stm32g4xx_hal_cortex.d" -MT"Drivers/STM32G4xx_HAL_Driver/Src/stm32g4xx_hal_cortex.o" --specs=nano.specs -mfpu=fpv4-sp-d16 -mfloat-abi=hard -mthumb -o "Drivers/STM32G4xx_HAL_Driver/Src/stm32g4xx_hal_cortex.o"
arm-none-eabi-gcc "../Drivers/STM32G4xx_HAL_Driver/Src/stm32g4xx_hal_dma.c" -mcpu=cortex-m4 -std=gnu11 -g3 -DDEBUG -DUSE_HAL_DRIVER -DSTM32G474xx -c -I../Core/Inc -I../Drivers/STM32G4xx_HAL_Driver/Inc -I../Drivers/STM32G4xx_HAL_Driver/Inc/Legacy -I../Drivers/CMSIS/Device/ST/STM32G4xx/Include -I../Drivers/CMSIS/Include -O0 -ffunction-sections -fdata-sections -Wall -fstack-usage -fcyclomatic-complexity -MMD -MP -MF"Drivers/STM32G4xx_HAL_Driver/Src/stm32g4xx_hal_dma.d" -MT"Drivers/STM32G4xx_HAL_Driver/Src/stm32g4xx_hal_dma.o" --specs=nano.specs -mfpu=fpv4-sp-d16 -mfloat-abi=hard -mthumb -o "Drivers/STM32G4xx_HAL_Driver/Src/stm32g4xx_hal_dma.o"
arm-none-eabi-gcc "../Drivers/STM32G4xx_HAL_Driver/Src/stm32g4xx_hal_dma_ex.c" -mcpu=cortex-m4 -std=gnu11 -g3 -DDEBUG -DUSE_HAL_DRIVER -DSTM32G474xx -c -I../Core/Inc -I../Drivers/STM32G4xx_HAL_Driver/Inc -I../Drivers/STM32G4xx_HAL_Driver/Inc/Legacy -I../Drivers/CMSIS/Device/ST/STM32G4xx/Include -I../Drivers/CMSIS/Include -O0 -ffunction-sections -fdata-sections -Wall -fstack-usage -fcyclomatic-complexity -MMD -MP -MF"Drivers/STM32G4xx_HAL_Driver/Src/stm32g4xx_hal_dma_ex.d" -MT"Drivers/STM32G4xx_HAL_Driver/Src/stm32g4xx_hal_dma_ex.o" --specs=nano.specs -mfpu=fpv4-sp-d16 -mfloat-abi=hard -mthumb -o "Drivers/STM32G4xx_HAL_Driver/Src/stm32g4xx_hal_dma_ex.o"
arm-none-eabi-gcc "../Drivers/STM32G4xx_HAL_Driver/Src/stm32g4xx_hal_exti.c" -mcpu=cortex-m4 -std=gnu11 -g3 -DDEBUG -DUSE_HAL_DRIVER -DSTM32G474xx -c -I../Core/Inc -I../Drivers/STM32G4xx_HAL_Driver/Inc -I../Drivers/STM32G4xx_HAL_Driver/Inc/Legacy -I../Drivers/CMSIS/Device/ST/STM32G4xx/Include -I../Drivers/CMSIS/Include -O0 -ffunction-sections -fdata-sections -Wall -fstack-usage -fcyclomatic-complexity -MMD -MP -MF"Drivers/STM32G4xx_HAL_Driver/Src/stm32g4xx_hal_exti.d" -MT"Drivers/STM32G4xx_HAL_Driver/Src/stm32g4xx_hal_exti.o" --specs=nano.specs -mfpu=fpv4-sp-d16 -mfloat-abi=hard -mthumb -o "Drivers/STM32G4xx_HAL_Driver/Src/stm32g4xx_hal_exti.o"
arm-none-eabi-gcc "../Drivers/STM32G4xx_HAL_Driver/Src/stm32g4xx_hal_flash.c" -mcpu=cortex-m4 -std=gnu11 -g3 -DDEBUG -DUSE_HAL_DRIVER -DSTM32G474xx -c -I../Core/Inc -I../Drivers/STM32G4xx_HAL_Driver/Inc -I../Drivers/STM32G4xx_HAL_Driver/Inc/Legacy -I../Drivers/CMSIS/Device/ST/STM32G4xx/Include -I../Drivers/CMSIS/Include -O0 -ffunction-sections -fdata-sections -Wall -fstack-usage -fcyclomatic-complexity -MMD -MP -MF"Drivers/STM32G4xx_HAL_Driver/Src/stm32g4xx_hal_flash.d" -MT"Drivers/STM32G4xx_HAL_Driver/Src/stm32g4xx_hal_flash.o" --specs=nano.specs -mfpu=fpv4-sp-d16 -mfloat-abi=hard -mthumb -o "Drivers/STM32G4xx_HAL_Driver/Src/stm32g4xx_hal_flash.o"
arm-none-eabi-gcc "../Drivers/STM32G4xx_HAL_Driver/Src/stm32g4xx_hal_flash_ex.c" -mcpu=cortex-m4 -std=gnu11 -g3 -DDEBUG -DUSE_HAL_DRIVER -DSTM32G474xx -c -I../Core/Inc -I../Drivers/STM32G4xx_HAL_Driver/Inc -I../Drivers/STM32G4xx_HAL_Driver/Inc/Legacy -I../Drivers/CMSIS/Device/ST/STM32G4xx/Include -I../Drivers/CMSIS/Include -O0 -ffunction-sections -fdata-sections -Wall -fstack-usage -fcyclomatic-complexity -MMD -MP -MF"Drivers/STM32G4xx_HAL_Driver/Src/stm32g4xx_hal_flash_ex.d" -MT"Drivers/STM32G4xx_HAL_Driver/Src/stm32g4xx_hal_flash_ex.o" --specs=nano.specs -mfpu=fpv4-sp-d16 -mfloat-abi=hard -mthumb -o "Drivers/STM32G4xx_HAL_Driver/Src/stm32g4xx_hal_flash_ex.o"
arm-none-eabi-gcc "../Drivers/STM32G4xx_HAL_Driver/Src/stm32g4xx_hal_flash_ramfunc.c" -mcpu=cortex-m4 -std=gnu11 -g3 -DDEBUG -DUSE_HAL_DRIVER -DSTM32G474xx -c -I../Core/Inc -I../Drivers/STM32G4xx_HAL_Driver/Inc -I../Drivers/STM32G4xx_HAL_Driver/Inc/Legacy -I../Drivers/CMSIS/Device/ST/STM32G4xx/Include -I../Drivers/CMSIS/Include -O0 -ffunction-sections -fdata-sections -Wall -fstack-usage -fcyclomatic-complexity -MMD -MP -MF"Drivers/STM32G4xx_HAL_Driver/Src/stm32g4xx_hal_flash_ramfunc.d" -MT"Drivers/STM32G4xx_HAL_Driver/Src/stm32g4xx_hal_flash_ramfunc.o" --specs=nano.specs -mfpu=fpv4-sp-d16 -mfloat-abi=hard -mthumb -o "Drivers/STM32G4xx_HAL_Driver/Src/stm32g4xx_hal_flash_ramfunc.o"
arm-none-eabi-gcc "../Drivers/STM32G4xx_HAL_Driver/Src/stm32g4xx_hal_gpio.c" -mcpu=cortex-m4 -std=gnu11 -g3 -DDEBUG -DUSE_HAL_DRIVER -DSTM32G474xx -c -I../Core/Inc -I../Drivers/STM32G4xx_HAL_Driver/Inc -I../Drivers/STM32G4xx_HAL_Driver/Inc/Legacy -I../Drivers/CMSIS/Device/ST/STM32G4xx/Include -I../Drivers/CMSIS/Include -O0 -ffunction-sections -fdata-sections -Wall -fstack-usage -fcyclomatic-complexity -MMD -MP -MF"Drivers/STM32G4xx_HAL_Driver/Src/stm32g4xx_hal_gpio.d" -MT"Drivers/STM32G4xx_HAL_Driver/Src/stm32g4xx_hal_gpio.o" --specs=nano.specs -mfpu=fpv4-sp-d16 -mfloat-abi=hard -mthumb -o "Drivers/STM32G4xx_HAL_Driver/Src/stm32g4xx_hal_gpio.o"
arm-none-eabi-gcc "../Drivers/STM32G4xx_HAL_Driver/Src/stm32g4xx_hal_pwr.c" -mcpu=cortex-m4 -std=gnu11 -g3 -DDEBUG -DUSE_HAL_DRIVER -DSTM32G474xx -c -I../Core/Inc -I../Drivers/STM32G4xx_HAL_Driver/Inc -I../Drivers/STM32G4xx_HAL_Driver/Inc/Legacy -I../Drivers/CMSIS/Device/ST/STM32G4xx/Include -I../Drivers/CMSIS/Include -O0 -ffunction-sections -fdata-sections -Wall -fstack-usage -fcyclomatic-complexity -MMD -MP -MF"Drivers/STM32G4xx_HAL_Driver/Src/stm32g4xx_hal_pwr.d" -MT"Drivers/STM32G4xx_HAL_Driver/Src/stm32g4xx_hal_pwr.o" --specs=nano.specs -mfpu=fpv4-sp-d16 -mfloat-abi=hard -mthumb -o "Drivers/STM32G4xx_HAL_Driver/Src/stm32g4xx_hal_pwr.o"
arm-none-eabi-gcc "../Drivers/STM32G4xx_HAL_Driver/Src/stm32g4xx_hal_pwr_ex.c" -mcpu=cortex-m4 -std=gnu11 -g3 -DDEBUG -DUSE_HAL_DRIVER -DSTM32G474xx -c -I../Core/Inc -I../Drivers/STM32G4xx_HAL_Driver/Inc -I../Drivers/STM32G4xx_HAL_Driver/Inc/Legacy -I../Drivers/CMSIS/Device/ST/STM32G4xx/Include -I../Drivers/CMSIS/Include -O0 -ffunction-sections -fdata-sections -Wall -fstack-usage -fcyclomatic-complexity -MMD -MP -MF"Drivers/STM32G4xx_HAL_Driver/Src/stm32g4xx_hal_pwr_ex.d" -MT"Drivers/STM32G4xx_HAL_Driver/Src/stm32g4xx_hal_pwr_ex.o" --specs=nano.specs -mfpu=fpv4-sp-d16 -mfloat-abi=hard -mthumb -o "Drivers/STM32G4xx_HAL_Driver/Src/stm32g4xx_hal_pwr_ex.o"
arm-none-eabi-gcc "../Drivers/STM32G4xx_HAL_Driver/Src/stm32g4xx_hal_rcc.c" -mcpu=cortex-m4 -std=gnu11 -g3 -DDEBUG -DUSE_HAL_DRIVER -DSTM32G474xx -c -I../Core/Inc -I../Drivers/STM32G4xx_HAL_Driver/Inc -I../Drivers/STM32G4xx_HAL_Driver/Inc/Legacy -I../Drivers/CMSIS/Device/ST/STM32G4xx/Include -I../Drivers/CMSIS/Include -O0 -ffunction-sections -fdata-sections -Wall -fstack-usage -fcyclomatic-complexity -MMD -MP -MF"Drivers/STM32G4xx_HAL_Driver/Src/stm32g4xx_hal_rcc.d" -MT"Drivers/STM32G4xx_HAL_Driver/Src/stm32g4xx_hal_rcc.o" --specs=nano.specs -mfpu=fpv4-sp-d16 -mfloat-abi=hard -mthumb -o "Drivers/STM32G4xx_HAL_Driver/Src/stm32g4xx_hal_rcc.o"
arm-none-eabi-gcc "../Drivers/STM32G4xx_HAL_Driver/Src/stm32g4xx_hal_rcc_ex.c" -mcpu=cortex-m4 -std=gnu11 -g3 -DDEBUG -DUSE_HAL_DRIVER -DSTM32G474xx -c -I../Core/Inc -I../Drivers/STM32G4xx_HAL_Driver/Inc -I../Drivers/STM32G4xx_HAL_Driver/Inc/Legacy -I../Drivers/CMSIS/Device/ST/STM32G4xx/Include -I../Drivers/CMSIS/Include -O0 -ffunction-sections -fdata-sections -Wall -fstack-usage -fcyclomatic-complexity -MMD -MP -MF"Drivers/STM32G4xx_HAL_Driver/Src/stm32g4xx_hal_rcc_ex.d" -MT"Drivers/STM32G4xx_HAL_Driver/Src/stm32g4xx_hal_rcc_ex.o" --specs=nano.specs -mfpu=fpv4-sp-d16 -mfloat-abi=hard -mthumb -o "Drivers/STM32G4xx_HAL_Driver/Src/stm32g4xx_hal_rcc_ex.o"
arm-none-eabi-gcc "../Drivers/STM32G4xx_HAL_Driver/Src/stm32g4xx_hal_uart.c" -mcpu=cortex-m4 -std=gnu11 -g3 -DDEBUG -DUSE_HAL_DRIVER -DSTM32G474xx -c -I../Core/Inc -I../Drivers/STM32G4xx_HAL_Driver/Inc -I../Drivers/STM32G4xx_HAL_Driver/Inc/Legacy -I../Drivers/CMSIS/Device/ST/STM32G4xx/Include -I../Drivers/CMSIS/Include -O0 -ffunction-sections -fdata-sections -Wall -fstack-usage -fcyclomatic-complexity -MMD -MP -MF"Drivers/STM32G4xx_HAL_Driver/Src/stm32g4xx_hal_uart.d" -MT"Drivers/STM32G4xx_HAL_Driver/Src/stm32g4xx_hal_uart.o" --specs=nano.specs -mfpu=fpv4-sp-d16 -mfloat-abi=hard -mthumb -o "Drivers/STM32G4xx_HAL_Driver/Src/stm32g4xx_hal_uart.o"
arm-none-eabi-gcc "../Drivers/STM32G4xx_HAL_Driver/Src/stm32g4xx_hal_uart_ex.c" -mcpu=cortex-m4 -std=gnu11 -g3 -DDEBUG -DUSE_HAL_DRIVER -DSTM32G474xx -c -I../Core/Inc -I../Drivers/STM32G4xx_HAL_Driver/Inc -I../Drivers/STM32G4xx_HAL_Driver/Inc/Legacy -I../Drivers/CMSIS/Device/ST/STM32G4xx/Include -I../Drivers/CMSIS/Include -O0 -ffunction-sections -fdata-sections -Wall -fstack-usage -fcyclomatic-complexity -MMD -MP -MF"Drivers/STM32G4xx_HAL_Driver/Src/stm32g4xx_hal_uart_ex.d" -MT"Drivers/STM32G4xx_HAL_Driver/Src/stm32g4xx_hal_uart_ex.o" --specs=nano.specs -mfpu=fpv4-sp-d16 -mfloat-abi=hard -mthumb -o "Drivers/STM32G4xx_HAL_Driver/Src/stm32g4xx_hal_uart_ex.o"
arm-none-eabi-gcc -mcpu=cortex-m4 -g3 -DDEBUG -c -x assembler-with-cpp -MMD -MP -MF"Core/Startup/startup_stm32g474retx.d" -MT"Core/Startup/startup_stm32g474retx.o" --specs=nano.specs -mfpu=fpv4-sp-d16 -mfloat-abi=hard -mthumb -o "Core/Startup/startup_stm32g474retx.o" "../Core/Startup/startup_stm32g474retx.s"
arm-none-eabi-gcc "../Core/Src/gpio.c" -mcpu=cortex-m4 -std=gnu11 -g3 -DDEBUG -DUSE_HAL_DRIVER -DSTM32G474xx -c -I../Core/Inc -I../Drivers/STM32G4xx_HAL_Driver/Inc -I../Drivers/STM32G4xx_HAL_Driver/Inc/Legacy -I../Drivers/CMSIS/Device/ST/STM32G4xx/Include -I../Drivers/CMSIS/Include -O0 -ffunction-sections -fdata-sections -Wall -fstack-usage -fcyclomatic-complexity -MMD -MP -MF"Core/Src/gpio.d" -MT"Core/Src/gpio.o" --specs=nano.specs -mfpu=fpv4-sp-d16 -mfloat-abi=hard -mthumb -o "Core/Src/gpio.o"
arm-none-eabi-gcc "../Core/Src/main.c" -mcpu=cortex-m4 -std=gnu11 -g3 -DDEBUG -DUSE_HAL_DRIVER -DSTM32G474xx -c -I../Core/Inc -I../Drivers/STM32G4xx_HAL_Driver/Inc -I../Drivers/STM32G4xx_HAL_Driver/Inc/Legacy -I../Drivers/CMSIS/Device/ST/STM32G4xx/Include -I../Drivers/CMSIS/Include -O0 -ffunction-sections -fdata-sections -Wall -fstack-usage -fcyclomatic-complexity -MMD -MP -MF"Core/Src/main.d" -MT"Core/Src/main.o" --specs=nano.specs -mfpu=fpv4-sp-d16 -mfloat-abi=hard -mthumb -o "Core/Src/main.o"
arm-none-eabi-gcc "../Core/Src/stm32g4xx_hal_msp.c" -mcpu=cortex-m4 -std=gnu11 -g3 -DDEBUG -DUSE_HAL_DRIVER -DSTM32G474xx -c -I../Core/Inc -I../Drivers/STM32G4xx_HAL_Driver/Inc -I../Drivers/STM32G4xx_HAL_Driver/Inc/Legacy -I../Drivers/CMSIS/Device/ST/STM32G4xx/Include -I../Drivers/CMSIS/Include -O0 -ffunction-sections -fdata-sections -Wall -fstack-usage -fcyclomatic-complexity -MMD -MP -MF"Core/Src/stm32g4xx_hal_msp.d" -MT"Core/Src/stm32g4xx_hal_msp.o" --specs=nano.specs -mfpu=fpv4-sp-d16 -mfloat-abi=hard -mthumb -o "Core/Src/stm32g4xx_hal_msp.o"
arm-none-eabi-gcc "../Core/Src/stm32g4xx_it.c" -mcpu=cortex-m4 -std=gnu11 -g3 -DDEBUG -DUSE_HAL_DRIVER -DSTM32G474xx -c -I../Core/Inc -I../Drivers/STM32G4xx_HAL_Driver/Inc -I../Drivers/STM32G4xx_HAL_Driver/Inc/Legacy -I../Drivers/CMSIS/Device/ST/STM32G4xx/Include -I../Drivers/CMSIS/Include -O0 -ffunction-sections -fdata-sections -Wall -fstack-usage -fcyclomatic-complexity -MMD -MP -MF"Core/Src/stm32g4xx_it.d" -MT"Core/Src/stm32g4xx_it.o" --specs=nano.specs -mfpu=fpv4-sp-d16 -mfloat-abi=hard -mthumb -o "Core/Src/stm32g4xx_it.o"
arm-none-eabi-gcc "../Core/Src/syscalls.c" -mcpu=cortex-m4 -std=gnu11 -g3 -DDEBUG -DUSE_HAL_DRIVER -DSTM32G474xx -c -I../Core/Inc -I../Drivers/STM32G4xx_HAL_Driver/Inc -I../Drivers/STM32G4xx_HAL_Driver/Inc/Legacy -I../Drivers/CMSIS/Device/ST/STM32G4xx/Include -I../Drivers/CMSIS/Include -O0 -ffunction-sections -fdata-sections -Wall -fstack-usage -fcyclomatic-complexity -MMD -MP -MF"Core/Src/syscalls.d" -MT"Core/Src/syscalls.o" --specs=nano.specs -mfpu=fpv4-sp-d16 -mfloat-abi=hard -mthumb -o "Core/Src/syscalls.o"
arm-none-eabi-gcc "../Core/Src/sysmem.c" -mcpu=cortex-m4 -std=gnu11 -g3 -DDEBUG -DUSE_HAL_DRIVER -DSTM32G474xx -c -I../Core/Inc -I../Drivers/STM32G4xx_HAL_Driver/Inc -I../Drivers/STM32G4xx_HAL_Driver/Inc/Legacy -I../Drivers/CMSIS/Device/ST/STM32G4xx/Include -I../Drivers/CMSIS/Include -O0 -ffunction-sections -fdata-sections -Wall -fstack-usage -fcyclomatic-complexity -MMD -MP -MF"Core/Src/sysmem.d" -MT"Core/Src/sysmem.o" --specs=nano.specs -mfpu=fpv4-sp-d16 -mfloat-abi=hard -mthumb -o "Core/Src/sysmem.o"
arm-none-eabi-gcc "../Core/Src/system_stm32g4xx.c" -mcpu=cortex-m4 -std=gnu11 -g3 -DDEBUG -DUSE_HAL_DRIVER -DSTM32G474xx -c -I../Core/Inc -I../Drivers/STM32G4xx_HAL_Driver/Inc -I../Drivers/STM32G4xx_HAL_Driver/Inc/Legacy -I../Drivers/CMSIS/Device/ST/STM32G4xx/Include -I../Drivers/CMSIS/Include -O0 -ffunction-sections -fdata-sections -Wall -fstack-usage -fcyclomatic-complexity -MMD -MP -MF"Core/Src/system_stm32g4xx.d" -MT"Core/Src/system_stm32g4xx.o" --specs=nano.specs -mfpu=fpv4-sp-d16 -mfloat-abi=hard -mthumb -o "Core/Src/system_stm32g4xx.o"
arm-none-eabi-gcc "../Core/Src/usart.c" -mcpu=cortex-m4 -std=gnu11 -g3 -DDEBUG -DUSE_HAL_DRIVER -DSTM32G474xx -c -I../Core/Inc -I../Drivers/STM32G4xx_HAL_Driver/Inc -I../Drivers/STM32G4xx_HAL_Driver/Inc/Legacy -I../Drivers/CMSIS/Device/ST/STM32G4xx/Include -I../Drivers/CMSIS/Include -O0 -ffunction-sections -fdata-sections -Wall -fstack-usage -fcyclomatic-complexity -MMD -MP -MF"Core/Src/usart.d" -MT"Core/Src/usart.o" --specs=nano.specs -mfpu=fpv4-sp-d16 -mfloat-abi=hard -mthumb -o "Core/Src/usart.o"
Command canceled
18:22:03 **** Incremental Build of configuration Debug for project FSMriconoscimentocodiceconautomaesteso ****
make -j14 all 
arm-none-eabi-gcc "../Core/Src/fsm_logic.c" -mcpu=cortex-m4 -std=gnu11 -g3 -DDEBUG -DUSE_HAL_DRIVER -DSTM32G474xx -c -I../Core/Inc -I../Drivers/STM32G4xx_HAL_Driver/Inc -I../Drivers/STM32G4xx_HAL_Driver/Inc/Legacy -I../Drivers/CMSIS/Device/ST/STM32G4xx/Include -I../Drivers/CMSIS/Include -O0 -ffunction-sections -fdata-sections -Wall -fstack-usage -fcyclomatic-complexity -MMD -MP -MF"Core/Src/fsm_logic.d" -MT"Core/Src/fsm_logic.o" --specs=nano.specs -mfpu=fpv4-sp-d16 -mfloat-abi=hard -mthumb -o "Core/Src/fsm_logic.o"
arm-none-eabi-gcc "../Core/Src/timer.c" -mcpu=cortex-m4 -std=gnu11 -g3 -DDEBUG -DUSE_HAL_DRIVER -DSTM32G474xx -c -I../Core/Inc -I../Drivers/STM32G4xx_HAL_Driver/Inc -I../Drivers/STM32G4xx_HAL_Driver/Inc/Legacy -I../Drivers/CMSIS/Device/ST/STM32G4xx/Include -I../Drivers/CMSIS/Include -O0 -ffunction-sections -fdata-sections -Wall -fstack-usage -fcyclomatic-complexity -MMD -MP -MF"Core/Src/timer.d" -MT"Core/Src/timer.o" --specs=nano.specs -mfpu=fpv4-sp-d16 -mfloat-abi=hard -mthumb -o "Core/Src/timer.o"
arm-none-eabi-gcc "../Core/Src/usart.c" -mcpu=cortex-m4 -std=gnu11 -g3 -DDEBUG -DUSE_HAL_DRIVER -DSTM32G474xx -c -I../Core/Inc -I../Drivers/STM32G4xx_HAL_Driver/Inc -I../Drivers/STM32G4xx_HAL_Driver/Inc/Legacy -I../Drivers/CMSIS/Device/ST/STM32G4xx/Include -I../Drivers/CMSIS/Include -O0 -ffunction-sections -fdata-sections -Wall -fstack-usage -fcyclomatic-complexity -MMD -MP -MF"Core/Src/usart.d" -MT"Core/Src/usart.o" --specs=nano.specs -mfpu=fpv4-sp-d16 -mfloat-abi=hard -mthumb -o "Core/Src/usart.o"
../Core/Src/timer.c:2:10: fatal error: tim.h: No such file or directory
    2 | #include "tim.h"
      |          ^~~~~~~
compilation terminated.
make: *** [Core/Src/subdir.mk:55: Core/Src/timer.o] Error 1
make: *** Waiting for unfinished jobs....
In file included from ../Core/Inc/fsm_logic.h:6,
                 from ../Core/Src/fsm_logic.c:1:
../Core/Inc/timer.h:11:9: error: unknown type name 'TIM_HandleTypeDef'; did you mean 'EXTI_HandleTypeDef'?
   11 |         TIM_HandleTypeDef* htim;
      |         ^~~~~~~~~~~~~~~~~
      |         EXTI_HandleTypeDef
../Core/Inc/timer.h:22:35: error: unknown type name 'TIM_HandleTypeDef'; did you mean 'EXTI_HandleTypeDef'?
   22 | int8_t timer_init(timer_t* timer, TIM_HandleTypeDef* handler, uint32_t frequency);
      |                                   ^~~~~~~~~~~~~~~~~
      |                                   EXTI_HandleTypeDef
../Core/Inc/timer.h:59:43: error: unknown type name 'TIM_HandleTypeDef'; did you mean 'EXTI_HandleTypeDef'?
   59 | int8_t timer_is_myhandler(timer_t* timer, TIM_HandleTypeDef* handler);
      |                                           ^~~~~~~~~~~~~~~~~
      |                                           EXTI_HandleTypeDef
../Core/Inc/timer.h:80:45: error: unknown type name 'TIM_HandleTypeDef'; did you mean 'EXTI_HandleTypeDef'?
   80 | int8_t timer_period_elapsed(timer_t* timer, TIM_HandleTypeDef* handler);
      |                                             ^~~~~~~~~~~~~~~~~
      |                                             EXTI_HandleTypeDef
../Core/Src/fsm_logic.c:135:13: error: static declaration of 'printMessage' follows non-static declaration
  135 | static void printMessage(const char* msg){
      |             ^~~~~~~~~~~~
../Core/Src/fsm_logic.c:74:1: note: previous declaration of 'printMessage' with type 'void()'
   74 | printMessage();
      | ^~~~~~~~~~~~
../Core/Src/fsm_logic.c: In function 'FSM_read_inputs':
../Core/Src/fsm_logic.c:153:15: error: invalid storage class for function 'FSM_update_state'
  153 | static int8_t FSM_update_state(){
      |               ^~~~~~~~~~~~~~~~
../Core/Src/fsm_logic.c:173:1: error: expected declaration or statement at end of input
  173 | }
      | ^
../Core/Src/fsm_logic.c: At top level:
../Core/Src/fsm_logic.c:67:15: warning: 'FSM_update_state' used but never defined
   67 | static int8_t FSM_update_state();
      |               ^~~~~~~~~~~~~~~~
../Core/Src/fsm_logic.c: In function 'FSM_read_inputs':
../Core/Src/fsm_logic.c:174: warning: control reaches end of non-void function [-Wreturn-type]
../Core/Src/fsm_logic.c: At top level:
../Core/Src/fsm_logic.c:169:6: warning: 'HAL_UART_RxCpltCallback' defined but not used [-Wunused-function]
  169 | void HAL_UART_RxCpltCallback(UART_HandleTypeDef *huart){
      |      ^~~~~~~~~~~~~~~~~~~~~~~
../Core/Src/fsm_logic.c:153:15: warning: 'FSM_update_state' defined but not used [-Wunused-function]
  153 | static int8_t FSM_update_state(){
      |               ^~~~~~~~~~~~~~~~
../Core/Src/fsm_logic.c:135:13: warning: 'printMessage' defined but not used [-Wunused-function]
  135 | static void printMessage(const char* msg){
      |             ^~~~~~~~~~~~
make: *** [Core/Src/subdir.mk:55: Core/Src/fsm_logic.o] Error 1
"make -j14 all" terminated with exit code 2. Build might be incomplete.
18:24:15 **** Incremental Build of configuration Debug for project FSMriconoscimentocodiceconautomaesteso ****
make -j14 all 
arm-none-eabi-gcc "../Core/Src/fsm_logic.c" -mcpu=cortex-m4 -std=gnu11 -g3 -DDEBUG -DUSE_HAL_DRIVER -DSTM32G474xx -c -I../Core/Inc -I../Drivers/STM32G4xx_HAL_Driver/Inc -I../Drivers/STM32G4xx_HAL_Driver/Inc/Legacy -I../Drivers/CMSIS/Device/ST/STM32G4xx/Include -I../Drivers/CMSIS/Include -O0 -ffunction-sections -fdata-sections -Wall -fstack-usage -fcyclomatic-complexity -MMD -MP -MF"Core/Src/fsm_logic.d" -MT"Core/Src/fsm_logic.o" --specs=nano.specs -mfpu=fpv4-sp-d16 -mfloat-abi=hard -mthumb -o "Core/Src/fsm_logic.o"
arm-none-eabi-gcc "../Core/Src/timer.c" -mcpu=cortex-m4 -std=gnu11 -g3 -DDEBUG -DUSE_HAL_DRIVER -DSTM32G474xx -c -I../Core/Inc -I../Drivers/STM32G4xx_HAL_Driver/Inc -I../Drivers/STM32G4xx_HAL_Driver/Inc/Legacy -I../Drivers/CMSIS/Device/ST/STM32G4xx/Include -I../Drivers/CMSIS/Include -O0 -ffunction-sections -fdata-sections -Wall -fstack-usage -fcyclomatic-complexity -MMD -MP -MF"Core/Src/timer.d" -MT"Core/Src/timer.o" --specs=nano.specs -mfpu=fpv4-sp-d16 -mfloat-abi=hard -mthumb -o "Core/Src/timer.o"
../Core/Src/timer.c:2:10: fatal error: tim.h: No such file or directory
    2 | #include "tim.h"
      |          ^~~~~~~
compilation terminated.
make: *** [Core/Src/subdir.mk:55: Core/Src/timer.o] Error 1
make: *** Waiting for unfinished jobs....
In file included from ../Core/Inc/fsm_logic.h:6,
                 from ../Core/Src/fsm_logic.c:1:
../Core/Inc/timer.h:11:9: error: unknown type name 'TIM_HandleTypeDef'; did you mean 'EXTI_HandleTypeDef'?
   11 |         TIM_HandleTypeDef* htim;
      |         ^~~~~~~~~~~~~~~~~
      |         EXTI_HandleTypeDef
../Core/Inc/timer.h:22:35: error: unknown type name 'TIM_HandleTypeDef'; did you mean 'EXTI_HandleTypeDef'?
   22 | int8_t timer_init(timer_t* timer, TIM_HandleTypeDef* handler, uint32_t frequency);
      |                                   ^~~~~~~~~~~~~~~~~
      |                                   EXTI_HandleTypeDef
../Core/Inc/timer.h:59:43: error: unknown type name 'TIM_HandleTypeDef'; did you mean 'EXTI_HandleTypeDef'?
   59 | int8_t timer_is_myhandler(timer_t* timer, TIM_HandleTypeDef* handler);
      |                                           ^~~~~~~~~~~~~~~~~
      |                                           EXTI_HandleTypeDef
../Core/Inc/timer.h:80:45: error: unknown type name 'TIM_HandleTypeDef'; did you mean 'EXTI_HandleTypeDef'?
   80 | int8_t timer_period_elapsed(timer_t* timer, TIM_HandleTypeDef* handler);
      |                                             ^~~~~~~~~~~~~~~~~
      |                                             EXTI_HandleTypeDef
../Core/Src/fsm_logic.c:136:13: error: static declaration of 'printMessage' follows non-static declaration
  136 | static void printMessage(const char* msg){
      |             ^~~~~~~~~~~~
../Core/Src/fsm_logic.c:74:1: note: previous declaration of 'printMessage' with type 'void()'
   74 | printMessage();
      | ^~~~~~~~~~~~
../Core/Src/fsm_logic.c: In function 'FSM_read_inputs':
../Core/Src/fsm_logic.c:155:15: error: invalid storage class for function 'FSM_update_state'
  155 | static int8_t FSM_update_state(){
      |               ^~~~~~~~~~~~~~~~
../Core/Src/fsm_logic.c:175:1: error: expected declaration or statement at end of input
  175 | }
      | ^
../Core/Src/fsm_logic.c: At top level:
../Core/Src/fsm_logic.c:67:15: warning: 'FSM_update_state' used but never defined
   67 | static int8_t FSM_update_state();
      |               ^~~~~~~~~~~~~~~~
../Core/Src/fsm_logic.c: In function 'FSM_read_inputs':
../Core/Src/fsm_logic.c:176: warning: control reaches end of non-void function [-Wreturn-type]
../Core/Src/fsm_logic.c: At top level:
../Core/Src/fsm_logic.c:171:6: warning: 'HAL_UART_RxCpltCallback' defined but not used [-Wunused-function]
  171 | void HAL_UART_RxCpltCallback(UART_HandleTypeDef *huart){
      |      ^~~~~~~~~~~~~~~~~~~~~~~
../Core/Src/fsm_logic.c:155:15: warning: 'FSM_update_state' defined but not used [-Wunused-function]
  155 | static int8_t FSM_update_state(){
      |               ^~~~~~~~~~~~~~~~
../Core/Src/fsm_logic.c:136:13: warning: 'printMessage' defined but not used [-Wunused-function]
  136 | static void printMessage(const char* msg){
      |             ^~~~~~~~~~~~
make: *** [Core/Src/subdir.mk:55: Core/Src/fsm_logic.o] Error 1
"make -j14 all" terminated with exit code 2. Build might be incomplete.
18:24:33 **** Incremental Build of configuration Debug for project FSMriconoscimentocodiceconautomaesteso ****
make -j14 all 
arm-none-eabi-gcc "../Core/Src/fsm_logic.c" -mcpu=cortex-m4 -std=gnu11 -g3 -DDEBUG -DUSE_HAL_DRIVER -DSTM32G474xx -c -I../Core/Inc -I../Drivers/STM32G4xx_HAL_Driver/Inc -I../Drivers/STM32G4xx_HAL_Driver/Inc/Legacy -I../Drivers/CMSIS/Device/ST/STM32G4xx/Include -I../Drivers/CMSIS/Include -O0 -ffunction-sections -fdata-sections -Wall -fstack-usage -fcyclomatic-complexity -MMD -MP -MF"Core/Src/fsm_logic.d" -MT"Core/Src/fsm_logic.o" --specs=nano.specs -mfpu=fpv4-sp-d16 -mfloat-abi=hard -mthumb -o "Core/Src/fsm_logic.o"
arm-none-eabi-gcc "../Core/Src/timer.c" -mcpu=cortex-m4 -std=gnu11 -g3 -DDEBUG -DUSE_HAL_DRIVER -DSTM32G474xx -c -I../Core/Inc -I../Drivers/STM32G4xx_HAL_Driver/Inc -I../Drivers/STM32G4xx_HAL_Driver/Inc/Legacy -I../Drivers/CMSIS/Device/ST/STM32G4xx/Include -I../Drivers/CMSIS/Include -O0 -ffunction-sections -fdata-sections -Wall -fstack-usage -fcyclomatic-complexity -MMD -MP -MF"Core/Src/timer.d" -MT"Core/Src/timer.o" --specs=nano.specs -mfpu=fpv4-sp-d16 -mfloat-abi=hard -mthumb -o "Core/Src/timer.o"
../Core/Src/timer.c:2:10: fatal error: tim.h: No such file or directory
    2 | #include "tim.h"
      |          ^~~~~~~
compilation terminated.
make: *** [Core/Src/subdir.mk:55: Core/Src/timer.o] Error 1
make: *** Waiting for unfinished jobs....
In file included from ../Core/Inc/fsm_logic.h:6,
                 from ../Core/Src/fsm_logic.c:1:
../Core/Inc/timer.h:11:9: error: unknown type name 'TIM_HandleTypeDef'; did you mean 'EXTI_HandleTypeDef'?
   11 |         TIM_HandleTypeDef* htim;
      |         ^~~~~~~~~~~~~~~~~
      |         EXTI_HandleTypeDef
../Core/Inc/timer.h:22:35: error: unknown type name 'TIM_HandleTypeDef'; did you mean 'EXTI_HandleTypeDef'?
   22 | int8_t timer_init(timer_t* timer, TIM_HandleTypeDef* handler, uint32_t frequency);
      |                                   ^~~~~~~~~~~~~~~~~
      |                                   EXTI_HandleTypeDef
../Core/Inc/timer.h:59:43: error: unknown type name 'TIM_HandleTypeDef'; did you mean 'EXTI_HandleTypeDef'?
   59 | int8_t timer_is_myhandler(timer_t* timer, TIM_HandleTypeDef* handler);
      |                                           ^~~~~~~~~~~~~~~~~
      |                                           EXTI_HandleTypeDef
../Core/Inc/timer.h:80:45: error: unknown type name 'TIM_HandleTypeDef'; did you mean 'EXTI_HandleTypeDef'?
   80 | int8_t timer_period_elapsed(timer_t* timer, TIM_HandleTypeDef* handler);
      |                                             ^~~~~~~~~~~~~~~~~
      |                                             EXTI_HandleTypeDef
../Core/Src/fsm_logic.c: In function 'FSM_read_inputs':
../Core/Src/fsm_logic.c:154:15: error: invalid storage class for function 'FSM_update_state'
  154 | static int8_t FSM_update_state(){
      |               ^~~~~~~~~~~~~~~~
../Core/Src/fsm_logic.c:174:1: error: expected declaration or statement at end of input
  174 | }
      | ^
../Core/Src/fsm_logic.c: At top level:
../Core/Src/fsm_logic.c:67:15: warning: 'FSM_update_state' used but never defined
   67 | static int8_t FSM_update_state();
      |               ^~~~~~~~~~~~~~~~
../Core/Src/fsm_logic.c: In function 'FSM_read_inputs':
../Core/Src/fsm_logic.c:175: warning: control reaches end of non-void function [-Wreturn-type]
../Core/Src/fsm_logic.c: At top level:
../Core/Src/fsm_logic.c:170:6: warning: 'HAL_UART_RxCpltCallback' defined but not used [-Wunused-function]
  170 | void HAL_UART_RxCpltCallback(UART_HandleTypeDef *huart){
      |      ^~~~~~~~~~~~~~~~~~~~~~~
../Core/Src/fsm_logic.c:154:15: warning: 'FSM_update_state' defined but not used [-Wunused-function]
  154 | static int8_t FSM_update_state(){
      |               ^~~~~~~~~~~~~~~~
make: *** [Core/Src/subdir.mk:55: Core/Src/fsm_logic.o] Error 1
"make -j14 all" terminated with exit code 2. Build might be incomplete.
18:24:46 **** Incremental Build of configuration Debug for project FSMriconoscimentocodiceconautomaesteso ****
make -j14 all 
arm-none-eabi-gcc "../Core/Src/fsm_logic.c" -mcpu=cortex-m4 -std=gnu11 -g3 -DDEBUG -DUSE_HAL_DRIVER -DSTM32G474xx -c -I../Core/Inc -I../Drivers/STM32G4xx_HAL_Driver/Inc -I../Drivers/STM32G4xx_HAL_Driver/Inc/Legacy -I../Drivers/CMSIS/Device/ST/STM32G4xx/Include -I../Drivers/CMSIS/Include -O0 -ffunction-sections -fdata-sections -Wall -fstack-usage -fcyclomatic-complexity -MMD -MP -MF"Core/Src/fsm_logic.d" -MT"Core/Src/fsm_logic.o" --specs=nano.specs -mfpu=fpv4-sp-d16 -mfloat-abi=hard -mthumb -o "Core/Src/fsm_logic.o"
arm-none-eabi-gcc "../Core/Src/timer.c" -mcpu=cortex-m4 -std=gnu11 -g3 -DDEBUG -DUSE_HAL_DRIVER -DSTM32G474xx -c -I../Core/Inc -I../Drivers/STM32G4xx_HAL_Driver/Inc -I../Drivers/STM32G4xx_HAL_Driver/Inc/Legacy -I../Drivers/CMSIS/Device/ST/STM32G4xx/Include -I../Drivers/CMSIS/Include -O0 -ffunction-sections -fdata-sections -Wall -fstack-usage -fcyclomatic-complexity -MMD -MP -MF"Core/Src/timer.d" -MT"Core/Src/timer.o" --specs=nano.specs -mfpu=fpv4-sp-d16 -mfloat-abi=hard -mthumb -o "Core/Src/timer.o"
../Core/Src/timer.c:2:10: fatal error: tim.h: No such file or directory
    2 | #include "tim.h"
      |          ^~~~~~~
compilation terminated.
make: *** [Core/Src/subdir.mk:55: Core/Src/timer.o] Error 1
make: *** Waiting for unfinished jobs....
In file included from ../Core/Inc/fsm_logic.h:6,
                 from ../Core/Src/fsm_logic.c:1:
../Core/Inc/timer.h:11:9: error: unknown type name 'TIM_HandleTypeDef'; did you mean 'EXTI_HandleTypeDef'?
   11 |         TIM_HandleTypeDef* htim;
      |         ^~~~~~~~~~~~~~~~~
      |         EXTI_HandleTypeDef
../Core/Inc/timer.h:22:35: error: unknown type name 'TIM_HandleTypeDef'; did you mean 'EXTI_HandleTypeDef'?
   22 | int8_t timer_init(timer_t* timer, TIM_HandleTypeDef* handler, uint32_t frequency);
      |                                   ^~~~~~~~~~~~~~~~~
      |                                   EXTI_HandleTypeDef
../Core/Inc/timer.h:59:43: error: unknown type name 'TIM_HandleTypeDef'; did you mean 'EXTI_HandleTypeDef'?
   59 | int8_t timer_is_myhandler(timer_t* timer, TIM_HandleTypeDef* handler);
      |                                           ^~~~~~~~~~~~~~~~~
      |                                           EXTI_HandleTypeDef
../Core/Inc/timer.h:80:45: error: unknown type name 'TIM_HandleTypeDef'; did you mean 'EXTI_HandleTypeDef'?
   80 | int8_t timer_period_elapsed(timer_t* timer, TIM_HandleTypeDef* handler);
      |                                             ^~~~~~~~~~~~~~~~~
      |                                             EXTI_HandleTypeDef
../Core/Src/fsm_logic.c: In function 'FSM_read_inputs':
../Core/Src/fsm_logic.c:154:15: error: invalid storage class for function 'FSM_update_state'
  154 | static int8_t FSM_update_state(){
      |               ^~~~~~~~~~~~~~~~
../Core/Src/fsm_logic.c:174:1: error: expected declaration or statement at end of input
  174 | }
      | ^
../Core/Src/fsm_logic.c: At top level:
../Core/Src/fsm_logic.c:67:15: warning: 'FSM_update_state' used but never defined
   67 | static int8_t FSM_update_state();
      |               ^~~~~~~~~~~~~~~~
../Core/Src/fsm_logic.c: In function 'FSM_read_inputs':
../Core/Src/fsm_logic.c:175: warning: control reaches end of non-void function [-Wreturn-type]
../Core/Src/fsm_logic.c: At top level:
../Core/Src/fsm_logic.c:170:6: warning: 'HAL_UART_RxCpltCallback' defined but not used [-Wunused-function]
  170 | void HAL_UART_RxCpltCallback(UART_HandleTypeDef *huart){
      |      ^~~~~~~~~~~~~~~~~~~~~~~
../Core/Src/fsm_logic.c:154:15: warning: 'FSM_update_state' defined but not used [-Wunused-function]
  154 | static int8_t FSM_update_state(){
      |               ^~~~~~~~~~~~~~~~
make: *** [Core/Src/subdir.mk:55: Core/Src/fsm_logic.o] Error 1
"make -j14 all" terminated with exit code 2. Build might be incomplete.
18:46:52 **** Incremental Build of configuration Debug for project FSMriconoscimentocodiceconautomaesteso ****
make -j14 all 
arm-none-eabi-gcc "../Core/Src/fsm_logic.c" -mcpu=cortex-m4 -std=gnu11 -g3 -DDEBUG -DUSE_HAL_DRIVER -DSTM32G474xx -c -I../Core/Inc -I../Drivers/STM32G4xx_HAL_Driver/Inc -I../Drivers/STM32G4xx_HAL_Driver/Inc/Legacy -I../Drivers/CMSIS/Device/ST/STM32G4xx/Include -I../Drivers/CMSIS/Include -O0 -ffunction-sections -fdata-sections -Wall -fstack-usage -fcyclomatic-complexity -MMD -MP -MF"Core/Src/fsm_logic.d" -MT"Core/Src/fsm_logic.o" --specs=nano.specs -mfpu=fpv4-sp-d16 -mfloat-abi=hard -mthumb -o "Core/Src/fsm_logic.o"
arm-none-eabi-gcc "../Core/Src/timer.c" -mcpu=cortex-m4 -std=gnu11 -g3 -DDEBUG -DUSE_HAL_DRIVER -DSTM32G474xx -c -I../Core/Inc -I../Drivers/STM32G4xx_HAL_Driver/Inc -I../Drivers/STM32G4xx_HAL_Driver/Inc/Legacy -I../Drivers/CMSIS/Device/ST/STM32G4xx/Include -I../Drivers/CMSIS/Include -O0 -ffunction-sections -fdata-sections -Wall -fstack-usage -fcyclomatic-complexity -MMD -MP -MF"Core/Src/timer.d" -MT"Core/Src/timer.o" --specs=nano.specs -mfpu=fpv4-sp-d16 -mfloat-abi=hard -mthumb -o "Core/Src/timer.o"
../Core/Src/timer.c:2:10: fatal error: tim.h: No such file or directory
    2 | #include "tim.h"
      |          ^~~~~~~
compilation terminated.
make: *** [Core/Src/subdir.mk:55: Core/Src/timer.o] Error 1
make: *** Waiting for unfinished jobs....
In file included from ../Core/Inc/fsm_logic.h:6,
                 from ../Core/Src/fsm_logic.c:1:
../Core/Inc/timer.h:11:9: error: unknown type name 'TIM_HandleTypeDef'; did you mean 'EXTI_HandleTypeDef'?
   11 |         TIM_HandleTypeDef* htim;
      |         ^~~~~~~~~~~~~~~~~
      |         EXTI_HandleTypeDef
../Core/Inc/timer.h:22:35: error: unknown type name 'TIM_HandleTypeDef'; did you mean 'EXTI_HandleTypeDef'?
   22 | int8_t timer_init(timer_t* timer, TIM_HandleTypeDef* handler, uint32_t frequency);
      |                                   ^~~~~~~~~~~~~~~~~
      |                                   EXTI_HandleTypeDef
../Core/Inc/timer.h:59:43: error: unknown type name 'TIM_HandleTypeDef'; did you mean 'EXTI_HandleTypeDef'?
   59 | int8_t timer_is_myhandler(timer_t* timer, TIM_HandleTypeDef* handler);
      |                                           ^~~~~~~~~~~~~~~~~
      |                                           EXTI_HandleTypeDef
../Core/Inc/timer.h:80:45: error: unknown type name 'TIM_HandleTypeDef'; did you mean 'EXTI_HandleTypeDef'?
   80 | int8_t timer_period_elapsed(timer_t* timer, TIM_HandleTypeDef* handler);
      |                                             ^~~~~~~~~~~~~~~~~
      |                                             EXTI_HandleTypeDef
../Core/Src/fsm_logic.c: In function 'FSM_init':
../Core/Src/fsm_logic.c:99:60: error: expected ';' before 'return'
   99 |         HAL_UART_Receive_IT(&hlpuart1, &fsm.uart_rx_byte,1)
      |                                                            ^
      |                                                            ;
  100 |         return FSM_OK;
      |         ~~~~~~                                              
../Core/Src/fsm_logic.c:101:1: warning: control reaches end of non-void function [-Wreturn-type]
  101 | }
      | ^
make: *** [Core/Src/subdir.mk:55: Core/Src/fsm_logic.o] Error 1
"make -j14 all" terminated with exit code 2. Build might be incomplete.
18:47:05 **** Incremental Build of configuration Debug for project FSMriconoscimentocodiceconautomaesteso ****
make -j14 all 
arm-none-eabi-gcc "../Core/Src/fsm_logic.c" -mcpu=cortex-m4 -std=gnu11 -g3 -DDEBUG -DUSE_HAL_DRIVER -DSTM32G474xx -c -I../Core/Inc -I../Drivers/STM32G4xx_HAL_Driver/Inc -I../Drivers/STM32G4xx_HAL_Driver/Inc/Legacy -I../Drivers/CMSIS/Device/ST/STM32G4xx/Include -I../Drivers/CMSIS/Include -O0 -ffunction-sections -fdata-sections -Wall -fstack-usage -fcyclomatic-complexity -MMD -MP -MF"Core/Src/fsm_logic.d" -MT"Core/Src/fsm_logic.o" --specs=nano.specs -mfpu=fpv4-sp-d16 -mfloat-abi=hard -mthumb -o "Core/Src/fsm_logic.o"
arm-none-eabi-gcc "../Core/Src/timer.c" -mcpu=cortex-m4 -std=gnu11 -g3 -DDEBUG -DUSE_HAL_DRIVER -DSTM32G474xx -c -I../Core/Inc -I../Drivers/STM32G4xx_HAL_Driver/Inc -I../Drivers/STM32G4xx_HAL_Driver/Inc/Legacy -I../Drivers/CMSIS/Device/ST/STM32G4xx/Include -I../Drivers/CMSIS/Include -O0 -ffunction-sections -fdata-sections -Wall -fstack-usage -fcyclomatic-complexity -MMD -MP -MF"Core/Src/timer.d" -MT"Core/Src/timer.o" --specs=nano.specs -mfpu=fpv4-sp-d16 -mfloat-abi=hard -mthumb -o "Core/Src/timer.o"
../Core/Src/timer.c:2:10: fatal error: tim.h: No such file or directory
    2 | #include "tim.h"
      |          ^~~~~~~
compilation terminated.
make: *** [Core/Src/subdir.mk:55: Core/Src/timer.o] Error 1
make: *** Waiting for unfinished jobs....
In file included from ../Core/Inc/fsm_logic.h:6,
                 from ../Core/Src/fsm_logic.c:1:
../Core/Inc/timer.h:11:9: error: unknown type name 'TIM_HandleTypeDef'; did you mean 'EXTI_HandleTypeDef'?
   11 |         TIM_HandleTypeDef* htim;
      |         ^~~~~~~~~~~~~~~~~
      |         EXTI_HandleTypeDef
../Core/Inc/timer.h:22:35: error: unknown type name 'TIM_HandleTypeDef'; did you mean 'EXTI_HandleTypeDef'?
   22 | int8_t timer_init(timer_t* timer, TIM_HandleTypeDef* handler, uint32_t frequency);
      |                                   ^~~~~~~~~~~~~~~~~
      |                                   EXTI_HandleTypeDef
../Core/Inc/timer.h:59:43: error: unknown type name 'TIM_HandleTypeDef'; did you mean 'EXTI_HandleTypeDef'?
   59 | int8_t timer_is_myhandler(timer_t* timer, TIM_HandleTypeDef* handler);
      |                                           ^~~~~~~~~~~~~~~~~
      |                                           EXTI_HandleTypeDef
../Core/Inc/timer.h:80:45: error: unknown type name 'TIM_HandleTypeDef'; did you mean 'EXTI_HandleTypeDef'?
   80 | int8_t timer_period_elapsed(timer_t* timer, TIM_HandleTypeDef* handler);
      |                                             ^~~~~~~~~~~~~~~~~
      |                                             EXTI_HandleTypeDef
make: *** [Core/Src/subdir.mk:55: Core/Src/fsm_logic.o] Error 1
"make -j14 all" terminated with exit code 2. Build might be incomplete.
18:48:43 **** Incremental Build of configuration Debug for project lanternasemaforicaRTC ****
make -j14 all 
arm-none-eabi-size  lanternasemaforicaRTC.elf 
   text	   data	    bss	    dec	    hex	filename
  25872	     12	   1916	  27800	   6c98	lanternasemaforicaRTC.elf
Finished building: default.size.stdout
 
18:48:59 **** Incremental Build of configuration Debug for project lanternasemaforicaRTC ****
make -j14 all 
arm-none-eabi-size  lanternasemaforicaRTC.elf 
   text	   data	    bss	    dec	    hex	filename
  25872	     12	   1916	  27800	   6c98	lanternasemaforicaRTC.elf
Finished building: default.size.stdout
 
18:49:19 **** Incremental Build of configuration Debug for project FSMriconoscimentocodiceconautomaesteso ****
make -j14 all 
arm-none-eabi-gcc "../Core/Src/button.c" -mcpu=cortex-m4 -std=gnu11 -g3 -DDEBUG -DUSE_HAL_DRIVER -DSTM32G474xx -c -I../Core/Inc -I../Drivers/STM32G4xx_HAL_Driver/Inc -I../Drivers/STM32G4xx_HAL_Driver/Inc/Legacy -I../Drivers/CMSIS/Device/ST/STM32G4xx/Include -I../Drivers/CMSIS/Include -O0 -ffunction-sections -fdata-sections -Wall -fstack-usage -fcyclomatic-complexity -MMD -MP -MF"Core/Src/button.d" -MT"Core/Src/button.o" --specs=nano.specs -mfpu=fpv4-sp-d16 -mfloat-abi=hard -mthumb -o "Core/Src/button.o"
arm-none-eabi-gcc "../Core/Src/fsm_logic.c" -mcpu=cortex-m4 -std=gnu11 -g3 -DDEBUG -DUSE_HAL_DRIVER -DSTM32G474xx -c -I../Core/Inc -I../Drivers/STM32G4xx_HAL_Driver/Inc -I../Drivers/STM32G4xx_HAL_Driver/Inc/Legacy -I../Drivers/CMSIS/Device/ST/STM32G4xx/Include -I../Drivers/CMSIS/Include -O0 -ffunction-sections -fdata-sections -Wall -fstack-usage -fcyclomatic-complexity -MMD -MP -MF"Core/Src/fsm_logic.d" -MT"Core/Src/fsm_logic.o" --specs=nano.specs -mfpu=fpv4-sp-d16 -mfloat-abi=hard -mthumb -o "Core/Src/fsm_logic.o"
arm-none-eabi-gcc "../Core/Src/gpio.c" -mcpu=cortex-m4 -std=gnu11 -g3 -DDEBUG -DUSE_HAL_DRIVER -DSTM32G474xx -c -I../Core/Inc -I../Drivers/STM32G4xx_HAL_Driver/Inc -I../Drivers/STM32G4xx_HAL_Driver/Inc/Legacy -I../Drivers/CMSIS/Device/ST/STM32G4xx/Include -I../Drivers/CMSIS/Include -O0 -ffunction-sections -fdata-sections -Wall -fstack-usage -fcyclomatic-complexity -MMD -MP -MF"Core/Src/gpio.d" -MT"Core/Src/gpio.o" --specs=nano.specs -mfpu=fpv4-sp-d16 -mfloat-abi=hard -mthumb -o "Core/Src/gpio.o"
arm-none-eabi-gcc "../Core/Src/led.c" -mcpu=cortex-m4 -std=gnu11 -g3 -DDEBUG -DUSE_HAL_DRIVER -DSTM32G474xx -c -I../Core/Inc -I../Drivers/STM32G4xx_HAL_Driver/Inc -I../Drivers/STM32G4xx_HAL_Driver/Inc/Legacy -I../Drivers/CMSIS/Device/ST/STM32G4xx/Include -I../Drivers/CMSIS/Include -O0 -ffunction-sections -fdata-sections -Wall -fstack-usage -fcyclomatic-complexity -MMD -MP -MF"Core/Src/led.d" -MT"Core/Src/led.o" --specs=nano.specs -mfpu=fpv4-sp-d16 -mfloat-abi=hard -mthumb -o "Core/Src/led.o"
arm-none-eabi-gcc "../Core/Src/main.c" -mcpu=cortex-m4 -std=gnu11 -g3 -DDEBUG -DUSE_HAL_DRIVER -DSTM32G474xx -c -I../Core/Inc -I../Drivers/STM32G4xx_HAL_Driver/Inc -I../Drivers/STM32G4xx_HAL_Driver/Inc/Legacy -I../Drivers/CMSIS/Device/ST/STM32G4xx/Include -I../Drivers/CMSIS/Include -O0 -ffunction-sections -fdata-sections -Wall -fstack-usage -fcyclomatic-complexity -MMD -MP -MF"Core/Src/main.d" -MT"Core/Src/main.o" --specs=nano.specs -mfpu=fpv4-sp-d16 -mfloat-abi=hard -mthumb -o "Core/Src/main.o"
arm-none-eabi-gcc "../Core/Src/queue.c" -mcpu=cortex-m4 -std=gnu11 -g3 -DDEBUG -DUSE_HAL_DRIVER -DSTM32G474xx -c -I../Core/Inc -I../Drivers/STM32G4xx_HAL_Driver/Inc -I../Drivers/STM32G4xx_HAL_Driver/Inc/Legacy -I../Drivers/CMSIS/Device/ST/STM32G4xx/Include -I../Drivers/CMSIS/Include -O0 -ffunction-sections -fdata-sections -Wall -fstack-usage -fcyclomatic-complexity -MMD -MP -MF"Core/Src/queue.d" -MT"Core/Src/queue.o" --specs=nano.specs -mfpu=fpv4-sp-d16 -mfloat-abi=hard -mthumb -o "Core/Src/queue.o"
arm-none-eabi-gcc "../Core/Src/stm32g4xx_hal_msp.c" -mcpu=cortex-m4 -std=gnu11 -g3 -DDEBUG -DUSE_HAL_DRIVER -DSTM32G474xx -c -I../Core/Inc -I../Drivers/STM32G4xx_HAL_Driver/Inc -I../Drivers/STM32G4xx_HAL_Driver/Inc/Legacy -I../Drivers/CMSIS/Device/ST/STM32G4xx/Include -I../Drivers/CMSIS/Include -O0 -ffunction-sections -fdata-sections -Wall -fstack-usage -fcyclomatic-complexity -MMD -MP -MF"Core/Src/stm32g4xx_hal_msp.d" -MT"Core/Src/stm32g4xx_hal_msp.o" --specs=nano.specs -mfpu=fpv4-sp-d16 -mfloat-abi=hard -mthumb -o "Core/Src/stm32g4xx_hal_msp.o"
arm-none-eabi-gcc "../Core/Src/stm32g4xx_it.c" -mcpu=cortex-m4 -std=gnu11 -g3 -DDEBUG -DUSE_HAL_DRIVER -DSTM32G474xx -c -I../Core/Inc -I../Drivers/STM32G4xx_HAL_Driver/Inc -I../Drivers/STM32G4xx_HAL_Driver/Inc/Legacy -I../Drivers/CMSIS/Device/ST/STM32G4xx/Include -I../Drivers/CMSIS/Include -O0 -ffunction-sections -fdata-sections -Wall -fstack-usage -fcyclomatic-complexity -MMD -MP -MF"Core/Src/stm32g4xx_it.d" -MT"Core/Src/stm32g4xx_it.o" --specs=nano.specs -mfpu=fpv4-sp-d16 -mfloat-abi=hard -mthumb -o "Core/Src/stm32g4xx_it.o"
arm-none-eabi-gcc "../Core/Src/syscalls.c" -mcpu=cortex-m4 -std=gnu11 -g3 -DDEBUG -DUSE_HAL_DRIVER -DSTM32G474xx -c -I../Core/Inc -I../Drivers/STM32G4xx_HAL_Driver/Inc -I../Drivers/STM32G4xx_HAL_Driver/Inc/Legacy -I../Drivers/CMSIS/Device/ST/STM32G4xx/Include -I../Drivers/CMSIS/Include -O0 -ffunction-sections -fdata-sections -Wall -fstack-usage -fcyclomatic-complexity -MMD -MP -MF"Core/Src/syscalls.d" -MT"Core/Src/syscalls.o" --specs=nano.specs -mfpu=fpv4-sp-d16 -mfloat-abi=hard -mthumb -o "Core/Src/syscalls.o"
arm-none-eabi-gcc "../Core/Src/sysmem.c" -mcpu=cortex-m4 -std=gnu11 -g3 -DDEBUG -DUSE_HAL_DRIVER -DSTM32G474xx -c -I../Core/Inc -I../Drivers/STM32G4xx_HAL_Driver/Inc -I../Drivers/STM32G4xx_HAL_Driver/Inc/Legacy -I../Drivers/CMSIS/Device/ST/STM32G4xx/Include -I../Drivers/CMSIS/Include -O0 -ffunction-sections -fdata-sections -Wall -fstack-usage -fcyclomatic-complexity -MMD -MP -MF"Core/Src/sysmem.d" -MT"Core/Src/sysmem.o" --specs=nano.specs -mfpu=fpv4-sp-d16 -mfloat-abi=hard -mthumb -o "Core/Src/sysmem.o"
arm-none-eabi-gcc "../Core/Src/system_stm32g4xx.c" -mcpu=cortex-m4 -std=gnu11 -g3 -DDEBUG -DUSE_HAL_DRIVER -DSTM32G474xx -c -I../Core/Inc -I../Drivers/STM32G4xx_HAL_Driver/Inc -I../Drivers/STM32G4xx_HAL_Driver/Inc/Legacy -I../Drivers/CMSIS/Device/ST/STM32G4xx/Include -I../Drivers/CMSIS/Include -O0 -ffunction-sections -fdata-sections -Wall -fstack-usage -fcyclomatic-complexity -MMD -MP -MF"Core/Src/system_stm32g4xx.d" -MT"Core/Src/system_stm32g4xx.o" --specs=nano.specs -mfpu=fpv4-sp-d16 -mfloat-abi=hard -mthumb -o "Core/Src/system_stm32g4xx.o"
arm-none-eabi-gcc "../Core/Src/usart.c" -mcpu=cortex-m4 -std=gnu11 -g3 -DDEBUG -DUSE_HAL_DRIVER -DSTM32G474xx -c -I../Core/Inc -I../Drivers/STM32G4xx_HAL_Driver/Inc -I../Drivers/STM32G4xx_HAL_Driver/Inc/Legacy -I../Drivers/CMSIS/Device/ST/STM32G4xx/Include -I../Drivers/CMSIS/Include -O0 -ffunction-sections -fdata-sections -Wall -fstack-usage -fcyclomatic-complexity -MMD -MP -MF"Core/Src/usart.d" -MT"Core/Src/usart.o" --specs=nano.specs -mfpu=fpv4-sp-d16 -mfloat-abi=hard -mthumb -o "Core/Src/usart.o"
In file included from ../Core/Src/fsm_logic.c:1:
../Core/Inc/fsm_logic.h:6:10: fatal error: timer.h: No such file or directory
    6 | #include "timer.h"
      |          ^~~~~~~~~
compilation terminated.
make: *** [Core/Src/subdir.mk:52: Core/Src/fsm_logic.o] Error 1
make: *** Waiting for unfinished jobs....
"make -j14 all" terminated with exit code 2. Build might be incomplete.
18:49:43 **** Incremental Build of configuration Debug for project FSMriconoscimentocodiceconautomaesteso ****
make -j14 all 
arm-none-eabi-gcc "../Core/Src/fsm_logic.c" -mcpu=cortex-m4 -std=gnu11 -g3 -DDEBUG -DUSE_HAL_DRIVER -DSTM32G474xx -c -I../Core/Inc -I../Drivers/STM32G4xx_HAL_Driver/Inc -I../Drivers/STM32G4xx_HAL_Driver/Inc/Legacy -I../Drivers/CMSIS/Device/ST/STM32G4xx/Include -I../Drivers/CMSIS/Include -O0 -ffunction-sections -fdata-sections -Wall -fstack-usage -fcyclomatic-complexity -MMD -MP -MF"Core/Src/fsm_logic.d" -MT"Core/Src/fsm_logic.o" --specs=nano.specs -mfpu=fpv4-sp-d16 -mfloat-abi=hard -mthumb -o "Core/Src/fsm_logic.o"
arm-none-eabi-gcc -o "FSMriconoscimentocodiceconautomaesteso.elf" @"objects.list"   -mcpu=cortex-m4 -T"C:\Users\frank\Documents\Uni\Embedded\project location\fsm\FSMriconoscimentocodiceconautomaesteso\FSMriconoscimentocodiceconautomaesteso\STM32G474RETX_FLASH.ld" --specs=nosys.specs -Wl,-Map="FSMriconoscimentocodiceconautomaesteso.map" -Wl,--gc-sections -static --specs=nano.specs -mfpu=fpv4-sp-d16 -mfloat-abi=hard -mthumb -Wl,--start-group -lc -lm -Wl,--end-group
Finished building target: FSMriconoscimentocodiceconautomaesteso.elf
 
arm-none-eabi-size  FSMriconoscimentocodiceconautomaesteso.elf 
arm-none-eabi-objdump -h -S FSMriconoscimentocodiceconautomaesteso.elf  > "FSMriconoscimentocodiceconautomaesteso.list"
   text	   data	    bss	    dec	    hex	filename
  13864	     12	   1748	  15624	   3d08	FSMriconoscimentocodiceconautomaesteso.elf
Finished building: default.size.stdout
 
Finished building: FSMriconoscimentocodiceconautomaesteso.list
 
18:49:48 **** Incremental Build of configuration Debug for project FSMriconoscimentocodiceconautomaesteso ****
make -j14 all 
arm-none-eabi-size  FSMriconoscimentocodiceconautomaesteso.elf 
   text	   data	    bss	    dec	    hex	filename
  13864	     12	   1748	  15624	   3d08	FSMriconoscimentocodiceconautomaesteso.elf
Finished building: default.size.stdout
 
18:53:36 **** Incremental Build of configuration Debug for project FSMriconoscimentocodiceconautomaesteso ****
make -j14 all 
arm-none-eabi-gcc "../Core/Src/fsm_logic.c" -mcpu=cortex-m4 -std=gnu11 -g3 -DDEBUG -DUSE_HAL_DRIVER -DSTM32G474xx -c -I../Core/Inc -I../Drivers/STM32G4xx_HAL_Driver/Inc -I../Drivers/STM32G4xx_HAL_Driver/Inc/Legacy -I../Drivers/CMSIS/Device/ST/STM32G4xx/Include -I../Drivers/CMSIS/Include -O0 -ffunction-sections -fdata-sections -Wall -fstack-usage -fcyclomatic-complexity -MMD -MP -MF"Core/Src/fsm_logic.d" -MT"Core/Src/fsm_logic.o" --specs=nano.specs -mfpu=fpv4-sp-d16 -mfloat-abi=hard -mthumb -o "Core/Src/fsm_logic.o"
arm-none-eabi-gcc "../Core/Src/main.c" -mcpu=cortex-m4 -std=gnu11 -g3 -DDEBUG -DUSE_HAL_DRIVER -DSTM32G474xx -c -I../Core/Inc -I../Drivers/STM32G4xx_HAL_Driver/Inc -I../Drivers/STM32G4xx_HAL_Driver/Inc/Legacy -I../Drivers/CMSIS/Device/ST/STM32G4xx/Include -I../Drivers/CMSIS/Include -O0 -ffunction-sections -fdata-sections -Wall -fstack-usage -fcyclomatic-complexity -MMD -MP -MF"Core/Src/main.d" -MT"Core/Src/main.o" --specs=nano.specs -mfpu=fpv4-sp-d16 -mfloat-abi=hard -mthumb -o "Core/Src/main.o"
../Core/Src/main.c:58:10: error: expected declaration specifiers or '...' before '&' token
   58 | led_init(&led_verde, LEDV_GPIO_Port, LEDV_Pin, LED_INIT_STATE_OFF);
      |          ^
In file included from ../Drivers/CMSIS/Device/ST/STM32G4xx/Include/stm32g4xx.h:121,
                 from ../Drivers/STM32G4xx_HAL_Driver/Inc/stm32g4xx_hal_def.h:29,
                 from ../Drivers/STM32G4xx_HAL_Driver/Inc/stm32g4xx_hal_rcc.h:27,
                 from ../Core/Inc/stm32g4xx_hal_conf.h:212,
                 from ../Drivers/STM32G4xx_HAL_Driver/Inc/stm32g4xx_hal.h:29,
                 from ../Core/Inc/main.h:30,
                 from ../Core/Src/main.c:20:
../Drivers/CMSIS/Device/ST/STM32G4xx/Include/stm32g474xx.h:1413:29: error: expected declaration specifiers or '...' before '(' token
 1413 | #define GPIOA               ((GPIO_TypeDef *) GPIOA_BASE)
      |                             ^
../Core/Inc/main.h:61:24: note: in expansion of macro 'GPIOA'
   61 | #define LEDV_GPIO_Port GPIOA
      |                        ^~~~~
../Core/Src/main.c:58:22: note: in expansion of macro 'LEDV_GPIO_Port'
   58 | led_init(&led_verde, LEDV_GPIO_Port, LEDV_Pin, LED_INIT_STATE_OFF);
      |                      ^~~~~~~~~~~~~~
In file included from ../Core/Inc/stm32g4xx_hal_conf.h:216:
../Drivers/STM32G4xx_HAL_Driver/Inc/stm32g4xx_hal_gpio.h:88:36: error: expected declaration specifiers or '...' before '(' token
   88 | #define GPIO_PIN_4                 ((uint16_t)0x0010)  /* Pin 4 selected    */
      |                                    ^
../Core/Inc/main.h:60:18: note: in expansion of macro 'GPIO_PIN_4'
   60 | #define LEDV_Pin GPIO_PIN_4
      |                  ^~~~~~~~~~
../Core/Src/main.c:58:38: note: in expansion of macro 'LEDV_Pin'
   58 | led_init(&led_verde, LEDV_GPIO_Port, LEDV_Pin, LED_INIT_STATE_OFF);
      |                                      ^~~~~~~~
In file included from ../Core/Inc/fsm_logic.h:4,
                 from ../Core/Src/main.c:26:
../Core/Inc/led.h:5:33: error: expected declaration specifiers or '...' before '(' token
    5 | #define LED_INIT_STATE_OFF      (0)
      |                                 ^
../Core/Src/main.c:58:48: note: in expansion of macro 'LED_INIT_STATE_OFF'
   58 | led_init(&led_verde, LEDV_GPIO_Port, LEDV_Pin, LED_INIT_STATE_OFF);
      |                                                ^~~~~~~~~~~~~~~~~~
../Core/Src/main.c:59:10: error: expected declaration specifiers or '...' before '&' token
   59 | FSM_init(&led_verde, FSM_CYCLE_DURATION);
      |          ^
../Core/Inc/fsm_logic.h:11:41: error: expected declaration specifiers or '...' before '(' token
   11 | #define FSM_CYCLE_DURATION              (100) //milliseconds
      |                                         ^
../Core/Src/main.c:59:22: note: in expansion of macro 'FSM_CYCLE_DURATION'
   59 | FSM_init(&led_verde, FSM_CYCLE_DURATION);
      |                      ^~~~~~~~~~~~~~~~~~
../Core/Src/fsm_logic.c: In function 'FSM_update_state':
../Core/Src/fsm_logic.c:170:31: error: implicit declaration of function 'FSM_COLLECT_CODE' [-Wimplicit-function-declaration]
  170 |                         res = FSM_COLLECT_CODE();
      |                               ^~~~~~~~~~~~~~~~
make: *** [Core/Src/subdir.mk:52: Core/Src/main.o] Error 1
make: *** Waiting for unfinished jobs....
../Core/Src/fsm_logic.c:173:31: error: implicit declaration of function 'FSM_CHECK_CODE' [-Wimplicit-function-declaration]
  173 |                         res = FSM_CHECK_CODE();
      |                               ^~~~~~~~~~~~~~
../Core/Src/fsm_logic.c:176:31: error: implicit declaration of function 'FSM_CORRECT_CODE' [-Wimplicit-function-declaration]
  176 |                         res = FSM_CORRECT_CODE();
      |                               ^~~~~~~~~~~~~~~~
../Core/Src/fsm_logic.c:179:31: error: implicit declaration of function 'FSM_INCORRECT_CODE' [-Wimplicit-function-declaration]
  179 |                         res = FSM_INCORRECT_CODE();
      |                               ^~~~~~~~~~~~~~~~~~
../Core/Src/fsm_logic.c: At top level:
../Core/Src/fsm_logic.c:223:15: warning: 'FSM_incorrect_code' defined but not used [-Wunused-function]
  223 | static int8_t FSM_incorrect_code(void)
      |               ^~~~~~~~~~~~~~~~~~
../Core/Src/fsm_logic.c:214:15: warning: 'FSM_correct_code' defined but not used [-Wunused-function]
  214 | static int8_t FSM_correct_code(void)
      |               ^~~~~~~~~~~~~~~~
../Core/Src/fsm_logic.c:197:15: warning: 'FSM_check_code' defined but not used [-Wunused-function]
  197 | static int8_t FSM_check_code(void)
      |               ^~~~~~~~~~~~~~
../Core/Src/fsm_logic.c:188:15: warning: 'FSM_collect_code' defined but not used [-Wunused-function]
  188 | static int8_t FSM_collect_code(void)
      |               ^~~~~~~~~~~~~~~~
make: *** [Core/Src/subdir.mk:52: Core/Src/fsm_logic.o] Error 1
"make -j14 all" terminated with exit code 2. Build might be incomplete.
18:54:14 **** Incremental Build of configuration Debug for project FSMriconoscimentocodiceconautomaesteso ****
make -j14 all 
arm-none-eabi-gcc "../Core/Src/fsm_logic.c" -mcpu=cortex-m4 -std=gnu11 -g3 -DDEBUG -DUSE_HAL_DRIVER -DSTM32G474xx -c -I../Core/Inc -I../Drivers/STM32G4xx_HAL_Driver/Inc -I../Drivers/STM32G4xx_HAL_Driver/Inc/Legacy -I../Drivers/CMSIS/Device/ST/STM32G4xx/Include -I../Drivers/CMSIS/Include -O0 -ffunction-sections -fdata-sections -Wall -fstack-usage -fcyclomatic-complexity -MMD -MP -MF"Core/Src/fsm_logic.d" -MT"Core/Src/fsm_logic.o" --specs=nano.specs -mfpu=fpv4-sp-d16 -mfloat-abi=hard -mthumb -o "Core/Src/fsm_logic.o"
arm-none-eabi-gcc "../Core/Src/main.c" -mcpu=cortex-m4 -std=gnu11 -g3 -DDEBUG -DUSE_HAL_DRIVER -DSTM32G474xx -c -I../Core/Inc -I../Drivers/STM32G4xx_HAL_Driver/Inc -I../Drivers/STM32G4xx_HAL_Driver/Inc/Legacy -I../Drivers/CMSIS/Device/ST/STM32G4xx/Include -I../Drivers/CMSIS/Include -O0 -ffunction-sections -fdata-sections -Wall -fstack-usage -fcyclomatic-complexity -MMD -MP -MF"Core/Src/main.d" -MT"Core/Src/main.o" --specs=nano.specs -mfpu=fpv4-sp-d16 -mfloat-abi=hard -mthumb -o "Core/Src/main.o"
../Core/Src/main.c:58:10: error: expected declaration specifiers or '...' before '&' token
   58 | FSM_init(&led_verde, FSM_CYCLE_DURATION);
      |          ^
In file included from ../Core/Src/main.c:26:
../Core/Inc/fsm_logic.h:11:41: error: expected declaration specifiers or '...' before '(' token
   11 | #define FSM_CYCLE_DURATION              (100) //milliseconds
      |                                         ^
../Core/Src/main.c:58:22: note: in expansion of macro 'FSM_CYCLE_DURATION'
   58 | FSM_init(&led_verde, FSM_CYCLE_DURATION);
      |                      ^~~~~~~~~~~~~~~~~~
make: *** [Core/Src/subdir.mk:52: Core/Src/main.o] Error 1
make: *** Waiting for unfinished jobs....
../Core/Src/fsm_logic.c: In function 'FSM_update_state':
../Core/Src/fsm_logic.c:170:31: error: implicit declaration of function 'FSM_COLLECT_CODE' [-Wimplicit-function-declaration]
  170 |                         res = FSM_COLLECT_CODE();
      |                               ^~~~~~~~~~~~~~~~
../Core/Src/fsm_logic.c:173:31: error: implicit declaration of function 'FSM_CHECK_CODE' [-Wimplicit-function-declaration]
  173 |                         res = FSM_CHECK_CODE();
      |                               ^~~~~~~~~~~~~~
../Core/Src/fsm_logic.c:176:31: error: implicit declaration of function 'FSM_CORRECT_CODE' [-Wimplicit-function-declaration]
  176 |                         res = FSM_CORRECT_CODE();
      |                               ^~~~~~~~~~~~~~~~
../Core/Src/fsm_logic.c:179:31: error: implicit declaration of function 'FSM_INCORRECT_CODE' [-Wimplicit-function-declaration]
  179 |                         res = FSM_INCORRECT_CODE();
      |                               ^~~~~~~~~~~~~~~~~~
../Core/Src/fsm_logic.c: At top level:
../Core/Src/fsm_logic.c:223:15: warning: 'FSM_incorrect_code' defined but not used [-Wunused-function]
  223 | static int8_t FSM_incorrect_code(void)
      |               ^~~~~~~~~~~~~~~~~~
../Core/Src/fsm_logic.c:214:15: warning: 'FSM_correct_code' defined but not used [-Wunused-function]
  214 | static int8_t FSM_correct_code(void)
      |               ^~~~~~~~~~~~~~~~
../Core/Src/fsm_logic.c:197:15: warning: 'FSM_check_code' defined but not used [-Wunused-function]
  197 | static int8_t FSM_check_code(void)
      |               ^~~~~~~~~~~~~~
../Core/Src/fsm_logic.c:188:15: warning: 'FSM_collect_code' defined but not used [-Wunused-function]
  188 | static int8_t FSM_collect_code(void)
      |               ^~~~~~~~~~~~~~~~
make: *** [Core/Src/subdir.mk:52: Core/Src/fsm_logic.o] Error 1
"make -j14 all" terminated with exit code 2. Build might be incomplete.
18:54:51 **** Incremental Build of configuration Debug for project FSMriconoscimentocodiceconautomaesteso ****
make -j14 all 
arm-none-eabi-gcc "../Core/Src/fsm_logic.c" -mcpu=cortex-m4 -std=gnu11 -g3 -DDEBUG -DUSE_HAL_DRIVER -DSTM32G474xx -c -I../Core/Inc -I../Drivers/STM32G4xx_HAL_Driver/Inc -I../Drivers/STM32G4xx_HAL_Driver/Inc/Legacy -I../Drivers/CMSIS/Device/ST/STM32G4xx/Include -I../Drivers/CMSIS/Include -O0 -ffunction-sections -fdata-sections -Wall -fstack-usage -fcyclomatic-complexity -MMD -MP -MF"Core/Src/fsm_logic.d" -MT"Core/Src/fsm_logic.o" --specs=nano.specs -mfpu=fpv4-sp-d16 -mfloat-abi=hard -mthumb -o "Core/Src/fsm_logic.o"
arm-none-eabi-gcc "../Core/Src/main.c" -mcpu=cortex-m4 -std=gnu11 -g3 -DDEBUG -DUSE_HAL_DRIVER -DSTM32G474xx -c -I../Core/Inc -I../Drivers/STM32G4xx_HAL_Driver/Inc -I../Drivers/STM32G4xx_HAL_Driver/Inc/Legacy -I../Drivers/CMSIS/Device/ST/STM32G4xx/Include -I../Drivers/CMSIS/Include -O0 -ffunction-sections -fdata-sections -Wall -fstack-usage -fcyclomatic-complexity -MMD -MP -MF"Core/Src/main.d" -MT"Core/Src/main.o" --specs=nano.specs -mfpu=fpv4-sp-d16 -mfloat-abi=hard -mthumb -o "Core/Src/main.o"
../Core/Src/main.c:58:1: error: expected identifier or '(' before 'if'
   58 | if(FSM_init(&led_verde, FSM_CYCLE_DURATION) != FSM_OK){
      | ^~
make: *** [Core/Src/subdir.mk:52: Core/Src/main.o] Error 1
make: *** Waiting for unfinished jobs....
../Core/Src/fsm_logic.c: In function 'FSM_update_state':
../Core/Src/fsm_logic.c:170:31: error: implicit declaration of function 'FSM_COLLECT_CODE' [-Wimplicit-function-declaration]
  170 |                         res = FSM_COLLECT_CODE();
      |                               ^~~~~~~~~~~~~~~~
../Core/Src/fsm_logic.c:173:31: error: implicit declaration of function 'FSM_CHECK_CODE' [-Wimplicit-function-declaration]
  173 |                         res = FSM_CHECK_CODE();
      |                               ^~~~~~~~~~~~~~
../Core/Src/fsm_logic.c:176:31: error: implicit declaration of function 'FSM_CORRECT_CODE' [-Wimplicit-function-declaration]
  176 |                         res = FSM_CORRECT_CODE();
      |                               ^~~~~~~~~~~~~~~~
../Core/Src/fsm_logic.c:179:31: error: implicit declaration of function 'FSM_INCORRECT_CODE' [-Wimplicit-function-declaration]
  179 |                         res = FSM_INCORRECT_CODE();
      |                               ^~~~~~~~~~~~~~~~~~
../Core/Src/fsm_logic.c: At top level:
../Core/Src/fsm_logic.c:223:15: warning: 'FSM_incorrect_code' defined but not used [-Wunused-function]
  223 | static int8_t FSM_incorrect_code(void)
      |               ^~~~~~~~~~~~~~~~~~
../Core/Src/fsm_logic.c:214:15: warning: 'FSM_correct_code' defined but not used [-Wunused-function]
  214 | static int8_t FSM_correct_code(void)
      |               ^~~~~~~~~~~~~~~~
../Core/Src/fsm_logic.c:197:15: warning: 'FSM_check_code' defined but not used [-Wunused-function]
  197 | static int8_t FSM_check_code(void)
      |               ^~~~~~~~~~~~~~
../Core/Src/fsm_logic.c:188:15: warning: 'FSM_collect_code' defined but not used [-Wunused-function]
  188 | static int8_t FSM_collect_code(void)
      |               ^~~~~~~~~~~~~~~~
make: *** [Core/Src/subdir.mk:52: Core/Src/fsm_logic.o] Error 1
"make -j14 all" terminated with exit code 2. Build might be incomplete.
18:55:53 **** Incremental Build of configuration Debug for project FSMriconoscimentocodiceconautomaesteso ****
make -j14 all 
arm-none-eabi-gcc "../Core/Src/fsm_logic.c" -mcpu=cortex-m4 -std=gnu11 -g3 -DDEBUG -DUSE_HAL_DRIVER -DSTM32G474xx -c -I../Core/Inc -I../Drivers/STM32G4xx_HAL_Driver/Inc -I../Drivers/STM32G4xx_HAL_Driver/Inc/Legacy -I../Drivers/CMSIS/Device/ST/STM32G4xx/Include -I../Drivers/CMSIS/Include -O0 -ffunction-sections -fdata-sections -Wall -fstack-usage -fcyclomatic-complexity -MMD -MP -MF"Core/Src/fsm_logic.d" -MT"Core/Src/fsm_logic.o" --specs=nano.specs -mfpu=fpv4-sp-d16 -mfloat-abi=hard -mthumb -o "Core/Src/fsm_logic.o"
arm-none-eabi-gcc "../Core/Src/main.c" -mcpu=cortex-m4 -std=gnu11 -g3 -DDEBUG -DUSE_HAL_DRIVER -DSTM32G474xx -c -I../Core/Inc -I../Drivers/STM32G4xx_HAL_Driver/Inc -I../Drivers/STM32G4xx_HAL_Driver/Inc/Legacy -I../Drivers/CMSIS/Device/ST/STM32G4xx/Include -I../Drivers/CMSIS/Include -O0 -ffunction-sections -fdata-sections -Wall -fstack-usage -fcyclomatic-complexity -MMD -MP -MF"Core/Src/main.d" -MT"Core/Src/main.o" --specs=nano.specs -mfpu=fpv4-sp-d16 -mfloat-abi=hard -mthumb -o "Core/Src/main.o"
../Core/Src/main.c:58:1: error: expected identifier or '(' before 'if'
   58 | if(FSM_init(&led_verde, FSM_CYCLE_DURATION) != FSM_OK){
      | ^~
make: *** [Core/Src/subdir.mk:52: Core/Src/main.o] Error 1
make: *** Waiting for unfinished jobs....
"make -j14 all" terminated with exit code 2. Build might be incomplete.
18:56:43 **** Incremental Build of configuration Debug for project FSMriconoscimentocodiceconautomaesteso ****
make -j14 all 
arm-none-eabi-gcc "../Core/Src/main.c" -mcpu=cortex-m4 -std=gnu11 -g3 -DDEBUG -DUSE_HAL_DRIVER -DSTM32G474xx -c -I../Core/Inc -I../Drivers/STM32G4xx_HAL_Driver/Inc -I../Drivers/STM32G4xx_HAL_Driver/Inc/Legacy -I../Drivers/CMSIS/Device/ST/STM32G4xx/Include -I../Drivers/CMSIS/Include -O0 -ffunction-sections -fdata-sections -Wall -fstack-usage -fcyclomatic-complexity -MMD -MP -MF"Core/Src/main.d" -MT"Core/Src/main.o" --specs=nano.specs -mfpu=fpv4-sp-d16 -mfloat-abi=hard -mthumb -o "Core/Src/main.o"
arm-none-eabi-gcc -o "FSMriconoscimentocodiceconautomaesteso.elf" @"objects.list"   -mcpu=cortex-m4 -T"C:\Users\frank\Documents\Uni\Embedded\project location\fsm\FSMriconoscimentocodiceconautomaesteso\FSMriconoscimentocodiceconautomaesteso\STM32G474RETX_FLASH.ld" --specs=nosys.specs -Wl,-Map="FSMriconoscimentocodiceconautomaesteso.map" -Wl,--gc-sections -static --specs=nano.specs -mfpu=fpv4-sp-d16 -mfloat-abi=hard -mthumb -Wl,--start-group -lc -lm -Wl,--end-group
Finished building target: FSMriconoscimentocodiceconautomaesteso.elf
 
arm-none-eabi-size  FSMriconoscimentocodiceconautomaesteso.elf 
arm-none-eabi-objdump -h -S FSMriconoscimentocodiceconautomaesteso.elf  > "FSMriconoscimentocodiceconautomaesteso.list"
   text	   data	    bss	    dec	    hex	filename
  19532	     12	   1764	  21308	   533c	FSMriconoscimentocodiceconautomaesteso.elf
Finished building: default.size.stdout
 
Finished building: FSMriconoscimentocodiceconautomaesteso.list
 
18:57:23 **** Incremental Build of configuration Debug for project FSMriconoscimentocodiceconautomaesteso ****
make -j14 all 
arm-none-eabi-size  FSMriconoscimentocodiceconautomaesteso.elf 
   text	   data	    bss	    dec	    hex	filename
  19532	     12	   1764	  21308	   533c	FSMriconoscimentocodiceconautomaesteso.elf
Finished building: default.size.stdout
 
18:58:29 **** Incremental Build of configuration Debug for project FSMriconoscimentocodiceconautomaesteso ****
make -j14 all 
arm-none-eabi-gcc "../Core/Src/main.c" -mcpu=cortex-m4 -std=gnu11 -g3 -DDEBUG -DUSE_HAL_DRIVER -DSTM32G474xx -c -I../Core/Inc -I../Drivers/STM32G4xx_HAL_Driver/Inc -I../Drivers/STM32G4xx_HAL_Driver/Inc/Legacy -I../Drivers/CMSIS/Device/ST/STM32G4xx/Include -I../Drivers/CMSIS/Include -O0 -ffunction-sections -fdata-sections -Wall -fstack-usage -fcyclomatic-complexity -MMD -MP -MF"Core/Src/main.d" -MT"Core/Src/main.o" --specs=nano.specs -mfpu=fpv4-sp-d16 -mfloat-abi=hard -mthumb -o "Core/Src/main.o"
arm-none-eabi-gcc -o "FSMriconoscimentocodiceconautomaesteso.elf" @"objects.list"   -mcpu=cortex-m4 -T"C:\Users\frank\Documents\Uni\Embedded\project location\fsm\FSMriconoscimentocodiceconautomaesteso\FSMriconoscimentocodiceconautomaesteso\STM32G474RETX_FLASH.ld" --specs=nosys.specs -Wl,-Map="FSMriconoscimentocodiceconautomaesteso.map" -Wl,--gc-sections -static --specs=nano.specs -mfpu=fpv4-sp-d16 -mfloat-abi=hard -mthumb -Wl,--start-group -lc -lm -Wl,--end-group
Finished building target: FSMriconoscimentocodiceconautomaesteso.elf
 
arm-none-eabi-size  FSMriconoscimentocodiceconautomaesteso.elf 
arm-none-eabi-objdump -h -S FSMriconoscimentocodiceconautomaesteso.elf  > "FSMriconoscimentocodiceconautomaesteso.list"
   text	   data	    bss	    dec	    hex	filename
  19552	     12	   1764	  21328	   5350	FSMriconoscimentocodiceconautomaesteso.elf
Finished building: default.size.stdout
 
Finished building: FSMriconoscimentocodiceconautomaesteso.list
 
18:58:56 **** Incremental Build of configuration Debug for project FSMriconoscimentocodiceconautomaesteso ****
make -j14 all 
arm-none-eabi-size  FSMriconoscimentocodiceconautomaesteso.elf 
   text	   data	    bss	    dec	    hex	filename
  19552	     12	   1764	  21328	   5350	FSMriconoscimentocodiceconautomaesteso.elf
Finished building: default.size.stdout
 
19:01:07 **** Incremental Build of configuration Debug for project FSMriconoscimentocodiceconautomaesteso ****
make -j14 all 
arm-none-eabi-gcc "../Core/Src/fsm_logic.c" -mcpu=cortex-m4 -std=gnu11 -g3 -DDEBUG -DUSE_HAL_DRIVER -DSTM32G474xx -c -I../Core/Inc -I../Drivers/STM32G4xx_HAL_Driver/Inc -I../Drivers/STM32G4xx_HAL_Driver/Inc/Legacy -I../Drivers/CMSIS/Device/ST/STM32G4xx/Include -I../Drivers/CMSIS/Include -O0 -ffunction-sections -fdata-sections -Wall -fstack-usage -fcyclomatic-complexity -MMD -MP -MF"Core/Src/fsm_logic.d" -MT"Core/Src/fsm_logic.o" --specs=nano.specs -mfpu=fpv4-sp-d16 -mfloat-abi=hard -mthumb -o "Core/Src/fsm_logic.o"
arm-none-eabi-gcc "../Core/Src/main.c" -mcpu=cortex-m4 -std=gnu11 -g3 -DDEBUG -DUSE_HAL_DRIVER -DSTM32G474xx -c -I../Core/Inc -I../Drivers/STM32G4xx_HAL_Driver/Inc -I../Drivers/STM32G4xx_HAL_Driver/Inc/Legacy -I../Drivers/CMSIS/Device/ST/STM32G4xx/Include -I../Drivers/CMSIS/Include -O0 -ffunction-sections -fdata-sections -Wall -fstack-usage -fcyclomatic-complexity -MMD -MP -MF"Core/Src/main.d" -MT"Core/Src/main.o" --specs=nano.specs -mfpu=fpv4-sp-d16 -mfloat-abi=hard -mthumb -o "Core/Src/main.o"
../Core/Src/fsm_logic.c: In function 'FSM_read_inputs':
../Core/Src/fsm_logic.c:150:16: warning: variable 'res' set but not used [-Wunused-but-set-variable]
  150 |         int8_t res = FSM_ERR;
      |                ^~~
arm-none-eabi-gcc -o "FSMriconoscimentocodiceconautomaesteso.elf" @"objects.list"   -mcpu=cortex-m4 -T"C:\Users\frank\Documents\Uni\Embedded\project location\fsm\FSMriconoscimentocodiceconautomaesteso\FSMriconoscimentocodiceconautomaesteso\STM32G474RETX_FLASH.ld" --specs=nosys.specs -Wl,-Map="FSMriconoscimentocodiceconautomaesteso.map" -Wl,--gc-sections -static --specs=nano.specs -mfpu=fpv4-sp-d16 -mfloat-abi=hard -mthumb -Wl,--start-group -lc -lm -Wl,--end-group
Finished building target: FSMriconoscimentocodiceconautomaesteso.elf
 
arm-none-eabi-size  FSMriconoscimentocodiceconautomaesteso.elf 
arm-none-eabi-objdump -h -S FSMriconoscimentocodiceconautomaesteso.elf  > "FSMriconoscimentocodiceconautomaesteso.list"
   text	   data	    bss	    dec	    hex	filename
  19940	     12	   1764	  21716	   54d4	FSMriconoscimentocodiceconautomaesteso.elf
Finished building: default.size.stdout
 
Finished building: FSMriconoscimentocodiceconautomaesteso.list
 
19:04:11 **** Incremental Build of configuration Debug for project FSMriconoscimentocodiceconautomaesteso ****
make -j14 all 
arm-none-eabi-gcc "../Core/Src/main.c" -mcpu=cortex-m4 -std=gnu11 -g3 -DDEBUG -DUSE_HAL_DRIVER -DSTM32G474xx -c -I../Core/Inc -I../Drivers/STM32G4xx_HAL_Driver/Inc -I../Drivers/STM32G4xx_HAL_Driver/Inc/Legacy -I../Drivers/CMSIS/Device/ST/STM32G4xx/Include -I../Drivers/CMSIS/Include -O0 -ffunction-sections -fdata-sections -Wall -fstack-usage -fcyclomatic-complexity -MMD -MP -MF"Core/Src/main.d" -MT"Core/Src/main.o" --specs=nano.specs -mfpu=fpv4-sp-d16 -mfloat-abi=hard -mthumb -o "Core/Src/main.o"
arm-none-eabi-gcc -o "FSMriconoscimentocodiceconautomaesteso.elf" @"objects.list"   -mcpu=cortex-m4 -T"C:\Users\frank\Documents\Uni\Embedded\project location\fsm\FSMriconoscimentocodiceconautomaesteso\FSMriconoscimentocodiceconautomaesteso\STM32G474RETX_FLASH.ld" --specs=nosys.specs -Wl,-Map="FSMriconoscimentocodiceconautomaesteso.map" -Wl,--gc-sections -static --specs=nano.specs -mfpu=fpv4-sp-d16 -mfloat-abi=hard -mthumb -Wl,--start-group -lc -lm -Wl,--end-group
Finished building target: FSMriconoscimentocodiceconautomaesteso.elf
 
arm-none-eabi-size  FSMriconoscimentocodiceconautomaesteso.elf 
arm-none-eabi-objdump -h -S FSMriconoscimentocodiceconautomaesteso.elf  > "FSMriconoscimentocodiceconautomaesteso.list"
   text	   data	    bss	    dec	    hex	filename
  20040	     12	   1764	  21816	   5538	FSMriconoscimentocodiceconautomaesteso.elf
Finished building: default.size.stdout
 
Finished building: FSMriconoscimentocodiceconautomaesteso.list
 
10:49:02 **** Incremental Build of configuration Debug for project FSMriconoscimentocodiceconautomaesteso ****
make -j14 all 
arm-none-eabi-gcc "../Core/Src/fsm_logic.c" -mcpu=cortex-m4 -std=gnu11 -g3 -DDEBUG -DUSE_HAL_DRIVER -DSTM32G474xx -c -I../Core/Inc -I../Drivers/STM32G4xx_HAL_Driver/Inc -I../Drivers/STM32G4xx_HAL_Driver/Inc/Legacy -I../Drivers/CMSIS/Device/ST/STM32G4xx/Include -I../Drivers/CMSIS/Include -O0 -ffunction-sections -fdata-sections -Wall -fstack-usage -fcyclomatic-complexity -MMD -MP -MF"Core/Src/fsm_logic.d" -MT"Core/Src/fsm_logic.o" --specs=nano.specs -mfpu=fpv4-sp-d16 -mfloat-abi=hard -mthumb -o "Core/Src/fsm_logic.o"
../Core/Src/fsm_logic.c: In function 'FSM_init':
../Core/Src/fsm_logic.c:96:23: error: expected expression before '{' token
   96 |         fsm.real_code={1,2,3,4};
      |                       ^
../Core/Src/fsm_logic.c: In function 'FSM_read_inputs':
../Core/Src/fsm_logic.c:147:16: warning: variable 'res' set but not used [-Wunused-but-set-variable]
  147 |         int8_t res = FSM_ERR;
      |                ^~~
make: *** [Core/Src/subdir.mk:52: Core/Src/fsm_logic.o] Error 1
"make -j14 all" terminated with exit code 2. Build might be incomplete.
10:49:30 **** Incremental Build of configuration Debug for project FSMriconoscimentocodiceconautomaesteso ****
make -j14 all 
arm-none-eabi-gcc "../Core/Src/fsm_logic.c" -mcpu=cortex-m4 -std=gnu11 -g3 -DDEBUG -DUSE_HAL_DRIVER -DSTM32G474xx -c -I../Core/Inc -I../Drivers/STM32G4xx_HAL_Driver/Inc -I../Drivers/STM32G4xx_HAL_Driver/Inc/Legacy -I../Drivers/CMSIS/Device/ST/STM32G4xx/Include -I../Drivers/CMSIS/Include -O0 -ffunction-sections -fdata-sections -Wall -fstack-usage -fcyclomatic-complexity -MMD -MP -MF"Core/Src/fsm_logic.d" -MT"Core/Src/fsm_logic.o" --specs=nano.specs -mfpu=fpv4-sp-d16 -mfloat-abi=hard -mthumb -o "Core/Src/fsm_logic.o"
../Core/Src/fsm_logic.c: In function 'FSM_init':
../Core/Src/fsm_logic.c:96:23: error: expected expression before ']' token
   96 |         fsm.real_code[]={1,2,3,4};
      |                       ^
../Core/Src/fsm_logic.c: In function 'FSM_read_inputs':
../Core/Src/fsm_logic.c:147:16: warning: variable 'res' set but not used [-Wunused-but-set-variable]
  147 |         int8_t res = FSM_ERR;
      |                ^~~
make: *** [Core/Src/subdir.mk:52: Core/Src/fsm_logic.o] Error 1
"make -j14 all" terminated with exit code 2. Build might be incomplete.
10:49:45 **** Incremental Build of configuration Debug for project FSMriconoscimentocodiceconautomaesteso ****
make -j14 all 
arm-none-eabi-gcc "../Core/Src/fsm_logic.c" -mcpu=cortex-m4 -std=gnu11 -g3 -DDEBUG -DUSE_HAL_DRIVER -DSTM32G474xx -c -I../Core/Inc -I../Drivers/STM32G4xx_HAL_Driver/Inc -I../Drivers/STM32G4xx_HAL_Driver/Inc/Legacy -I../Drivers/CMSIS/Device/ST/STM32G4xx/Include -I../Drivers/CMSIS/Include -O0 -ffunction-sections -fdata-sections -Wall -fstack-usage -fcyclomatic-complexity -MMD -MP -MF"Core/Src/fsm_logic.d" -MT"Core/Src/fsm_logic.o" --specs=nano.specs -mfpu=fpv4-sp-d16 -mfloat-abi=hard -mthumb -o "Core/Src/fsm_logic.o"
../Core/Src/fsm_logic.c: In function 'FSM_init':
../Core/Src/fsm_logic.c:96:36: error: expected expression before '{' token
   96 |         fsm.real_code[CODE_LENGTH]={1,2,3,4};
      |                                    ^
../Core/Src/fsm_logic.c: In function 'FSM_read_inputs':
../Core/Src/fsm_logic.c:147:16: warning: variable 'res' set but not used [-Wunused-but-set-variable]
  147 |         int8_t res = FSM_ERR;
      |                ^~~
make: *** [Core/Src/subdir.mk:52: Core/Src/fsm_logic.o] Error 1
"make -j14 all" terminated with exit code 2. Build might be incomplete.
15:54:41 **** Incremental Build of configuration Debug for project FSMriconoscimentocodiceconautomaesteso ****
make -j14 all 
arm-none-eabi-gcc "../Core/Src/fsm_logic.c" -mcpu=cortex-m4 -std=gnu11 -g3 -DDEBUG -DUSE_HAL_DRIVER -DSTM32G474xx -c -I../Core/Inc -I../Drivers/STM32G4xx_HAL_Driver/Inc -I../Drivers/STM32G4xx_HAL_Driver/Inc/Legacy -I../Drivers/CMSIS/Device/ST/STM32G4xx/Include -I../Drivers/CMSIS/Include -O0 -ffunction-sections -fdata-sections -Wall -fstack-usage -fcyclomatic-complexity -MMD -MP -MF"Core/Src/fsm_logic.d" -MT"Core/Src/fsm_logic.o" --specs=nano.specs -mfpu=fpv4-sp-d16 -mfloat-abi=hard -mthumb -o "Core/Src/fsm_logic.o"
../Core/Src/fsm_logic.c: In function 'FSM_read_inputs':
../Core/Src/fsm_logic.c:150:16: warning: variable 'res' set but not used [-Wunused-but-set-variable]
  150 |         int8_t res = FSM_ERR;
      |                ^~~
arm-none-eabi-gcc -o "FSMriconoscimentocodiceconautomaesteso.elf" @"objects.list"   -mcpu=cortex-m4 -T"C:\Users\frank\Documents\Uni\Embedded\project location\fsm\FSMriconoscimentocodiceconautomaesteso\FSMriconoscimentocodiceconautomaesteso\STM32G474RETX_FLASH.ld" --specs=nosys.specs -Wl,-Map="FSMriconoscimentocodiceconautomaesteso.map" -Wl,--gc-sections -static --specs=nano.specs -mfpu=fpv4-sp-d16 -mfloat-abi=hard -mthumb -Wl,--start-group -lc -lm -Wl,--end-group
Finished building target: FSMriconoscimentocodiceconautomaesteso.elf
 
arm-none-eabi-size  FSMriconoscimentocodiceconautomaesteso.elf 
arm-none-eabi-objdump -h -S FSMriconoscimentocodiceconautomaesteso.elf  > "FSMriconoscimentocodiceconautomaesteso.list"
   text	   data	    bss	    dec	    hex	filename
  20040	     12	   1764	  21816	   5538	FSMriconoscimentocodiceconautomaesteso.elf
Finished building: default.size.stdout
 
Finished building: FSMriconoscimentocodiceconautomaesteso.list
 
15:55:39 **** Incremental Build of configuration Debug for project FSMriconoscimentocodiceconautomaesteso ****
make -j14 all 
arm-none-eabi-size  FSMriconoscimentocodiceconautomaesteso.elf 
   text	   data	    bss	    dec	    hex	filename
  20040	     12	   1764	  21816	   5538	FSMriconoscimentocodiceconautomaesteso.elf
Finished building: default.size.stdout
 
17:17:32 **** Build of configuration Debug for project lanternasemaforicaconServoMotore ****
make -j14 all 
arm-none-eabi-gcc "../Drivers/STM32G4xx_HAL_Driver/Src/stm32g4xx_hal.c" -mcpu=cortex-m4 -std=gnu11 -g3 -DDEBUG -DUSE_HAL_DRIVER -DSTM32G474xx -c -I../Core/Inc -I../Drivers/STM32G4xx_HAL_Driver/Inc -I../Drivers/STM32G4xx_HAL_Driver/Inc/Legacy -I../Drivers/CMSIS/Device/ST/STM32G4xx/Include -I../Drivers/CMSIS/Include -O0 -ffunction-sections -fdata-sections -Wall -fstack-usage -fcyclomatic-complexity -MMD -MP -MF"Drivers/STM32G4xx_HAL_Driver/Src/stm32g4xx_hal.d" -MT"Drivers/STM32G4xx_HAL_Driver/Src/stm32g4xx_hal.o" --specs=nano.specs -mfpu=fpv4-sp-d16 -mfloat-abi=hard -mthumb -o "Drivers/STM32G4xx_HAL_Driver/Src/stm32g4xx_hal.o"
arm-none-eabi-gcc "../Drivers/STM32G4xx_HAL_Driver/Src/stm32g4xx_hal_cortex.c" -mcpu=cortex-m4 -std=gnu11 -g3 -DDEBUG -DUSE_HAL_DRIVER -DSTM32G474xx -c -I../Core/Inc -I../Drivers/STM32G4xx_HAL_Driver/Inc -I../Drivers/STM32G4xx_HAL_Driver/Inc/Legacy -I../Drivers/CMSIS/Device/ST/STM32G4xx/Include -I../Drivers/CMSIS/Include -O0 -ffunction-sections -fdata-sections -Wall -fstack-usage -fcyclomatic-complexity -MMD -MP -MF"Drivers/STM32G4xx_HAL_Driver/Src/stm32g4xx_hal_cortex.d" -MT"Drivers/STM32G4xx_HAL_Driver/Src/stm32g4xx_hal_cortex.o" --specs=nano.specs -mfpu=fpv4-sp-d16 -mfloat-abi=hard -mthumb -o "Drivers/STM32G4xx_HAL_Driver/Src/stm32g4xx_hal_cortex.o"
arm-none-eabi-gcc "../Drivers/STM32G4xx_HAL_Driver/Src/stm32g4xx_hal_dma.c" -mcpu=cortex-m4 -std=gnu11 -g3 -DDEBUG -DUSE_HAL_DRIVER -DSTM32G474xx -c -I../Core/Inc -I../Drivers/STM32G4xx_HAL_Driver/Inc -I../Drivers/STM32G4xx_HAL_Driver/Inc/Legacy -I../Drivers/CMSIS/Device/ST/STM32G4xx/Include -I../Drivers/CMSIS/Include -O0 -ffunction-sections -fdata-sections -Wall -fstack-usage -fcyclomatic-complexity -MMD -MP -MF"Drivers/STM32G4xx_HAL_Driver/Src/stm32g4xx_hal_dma.d" -MT"Drivers/STM32G4xx_HAL_Driver/Src/stm32g4xx_hal_dma.o" --specs=nano.specs -mfpu=fpv4-sp-d16 -mfloat-abi=hard -mthumb -o "Drivers/STM32G4xx_HAL_Driver/Src/stm32g4xx_hal_dma.o"
arm-none-eabi-gcc "../Drivers/STM32G4xx_HAL_Driver/Src/stm32g4xx_hal_dma_ex.c" -mcpu=cortex-m4 -std=gnu11 -g3 -DDEBUG -DUSE_HAL_DRIVER -DSTM32G474xx -c -I../Core/Inc -I../Drivers/STM32G4xx_HAL_Driver/Inc -I../Drivers/STM32G4xx_HAL_Driver/Inc/Legacy -I../Drivers/CMSIS/Device/ST/STM32G4xx/Include -I../Drivers/CMSIS/Include -O0 -ffunction-sections -fdata-sections -Wall -fstack-usage -fcyclomatic-complexity -MMD -MP -MF"Drivers/STM32G4xx_HAL_Driver/Src/stm32g4xx_hal_dma_ex.d" -MT"Drivers/STM32G4xx_HAL_Driver/Src/stm32g4xx_hal_dma_ex.o" --specs=nano.specs -mfpu=fpv4-sp-d16 -mfloat-abi=hard -mthumb -o "Drivers/STM32G4xx_HAL_Driver/Src/stm32g4xx_hal_dma_ex.o"
arm-none-eabi-gcc "../Drivers/STM32G4xx_HAL_Driver/Src/stm32g4xx_hal_exti.c" -mcpu=cortex-m4 -std=gnu11 -g3 -DDEBUG -DUSE_HAL_DRIVER -DSTM32G474xx -c -I../Core/Inc -I../Drivers/STM32G4xx_HAL_Driver/Inc -I../Drivers/STM32G4xx_HAL_Driver/Inc/Legacy -I../Drivers/CMSIS/Device/ST/STM32G4xx/Include -I../Drivers/CMSIS/Include -O0 -ffunction-sections -fdata-sections -Wall -fstack-usage -fcyclomatic-complexity -MMD -MP -MF"Drivers/STM32G4xx_HAL_Driver/Src/stm32g4xx_hal_exti.d" -MT"Drivers/STM32G4xx_HAL_Driver/Src/stm32g4xx_hal_exti.o" --specs=nano.specs -mfpu=fpv4-sp-d16 -mfloat-abi=hard -mthumb -o "Drivers/STM32G4xx_HAL_Driver/Src/stm32g4xx_hal_exti.o"
arm-none-eabi-gcc "../Drivers/STM32G4xx_HAL_Driver/Src/stm32g4xx_hal_flash.c" -mcpu=cortex-m4 -std=gnu11 -g3 -DDEBUG -DUSE_HAL_DRIVER -DSTM32G474xx -c -I../Core/Inc -I../Drivers/STM32G4xx_HAL_Driver/Inc -I../Drivers/STM32G4xx_HAL_Driver/Inc/Legacy -I../Drivers/CMSIS/Device/ST/STM32G4xx/Include -I../Drivers/CMSIS/Include -O0 -ffunction-sections -fdata-sections -Wall -fstack-usage -fcyclomatic-complexity -MMD -MP -MF"Drivers/STM32G4xx_HAL_Driver/Src/stm32g4xx_hal_flash.d" -MT"Drivers/STM32G4xx_HAL_Driver/Src/stm32g4xx_hal_flash.o" --specs=nano.specs -mfpu=fpv4-sp-d16 -mfloat-abi=hard -mthumb -o "Drivers/STM32G4xx_HAL_Driver/Src/stm32g4xx_hal_flash.o"
arm-none-eabi-gcc "../Drivers/STM32G4xx_HAL_Driver/Src/stm32g4xx_hal_flash_ex.c" -mcpu=cortex-m4 -std=gnu11 -g3 -DDEBUG -DUSE_HAL_DRIVER -DSTM32G474xx -c -I../Core/Inc -I../Drivers/STM32G4xx_HAL_Driver/Inc -I../Drivers/STM32G4xx_HAL_Driver/Inc/Legacy -I../Drivers/CMSIS/Device/ST/STM32G4xx/Include -I../Drivers/CMSIS/Include -O0 -ffunction-sections -fdata-sections -Wall -fstack-usage -fcyclomatic-complexity -MMD -MP -MF"Drivers/STM32G4xx_HAL_Driver/Src/stm32g4xx_hal_flash_ex.d" -MT"Drivers/STM32G4xx_HAL_Driver/Src/stm32g4xx_hal_flash_ex.o" --specs=nano.specs -mfpu=fpv4-sp-d16 -mfloat-abi=hard -mthumb -o "Drivers/STM32G4xx_HAL_Driver/Src/stm32g4xx_hal_flash_ex.o"
arm-none-eabi-gcc "../Drivers/STM32G4xx_HAL_Driver/Src/stm32g4xx_hal_flash_ramfunc.c" -mcpu=cortex-m4 -std=gnu11 -g3 -DDEBUG -DUSE_HAL_DRIVER -DSTM32G474xx -c -I../Core/Inc -I../Drivers/STM32G4xx_HAL_Driver/Inc -I../Drivers/STM32G4xx_HAL_Driver/Inc/Legacy -I../Drivers/CMSIS/Device/ST/STM32G4xx/Include -I../Drivers/CMSIS/Include -O0 -ffunction-sections -fdata-sections -Wall -fstack-usage -fcyclomatic-complexity -MMD -MP -MF"Drivers/STM32G4xx_HAL_Driver/Src/stm32g4xx_hal_flash_ramfunc.d" -MT"Drivers/STM32G4xx_HAL_Driver/Src/stm32g4xx_hal_flash_ramfunc.o" --specs=nano.specs -mfpu=fpv4-sp-d16 -mfloat-abi=hard -mthumb -o "Drivers/STM32G4xx_HAL_Driver/Src/stm32g4xx_hal_flash_ramfunc.o"
arm-none-eabi-gcc "../Drivers/STM32G4xx_HAL_Driver/Src/stm32g4xx_hal_gpio.c" -mcpu=cortex-m4 -std=gnu11 -g3 -DDEBUG -DUSE_HAL_DRIVER -DSTM32G474xx -c -I../Core/Inc -I../Drivers/STM32G4xx_HAL_Driver/Inc -I../Drivers/STM32G4xx_HAL_Driver/Inc/Legacy -I../Drivers/CMSIS/Device/ST/STM32G4xx/Include -I../Drivers/CMSIS/Include -O0 -ffunction-sections -fdata-sections -Wall -fstack-usage -fcyclomatic-complexity -MMD -MP -MF"Drivers/STM32G4xx_HAL_Driver/Src/stm32g4xx_hal_gpio.d" -MT"Drivers/STM32G4xx_HAL_Driver/Src/stm32g4xx_hal_gpio.o" --specs=nano.specs -mfpu=fpv4-sp-d16 -mfloat-abi=hard -mthumb -o "Drivers/STM32G4xx_HAL_Driver/Src/stm32g4xx_hal_gpio.o"
arm-none-eabi-gcc "../Drivers/STM32G4xx_HAL_Driver/Src/stm32g4xx_hal_pwr.c" -mcpu=cortex-m4 -std=gnu11 -g3 -DDEBUG -DUSE_HAL_DRIVER -DSTM32G474xx -c -I../Core/Inc -I../Drivers/STM32G4xx_HAL_Driver/Inc -I../Drivers/STM32G4xx_HAL_Driver/Inc/Legacy -I../Drivers/CMSIS/Device/ST/STM32G4xx/Include -I../Drivers/CMSIS/Include -O0 -ffunction-sections -fdata-sections -Wall -fstack-usage -fcyclomatic-complexity -MMD -MP -MF"Drivers/STM32G4xx_HAL_Driver/Src/stm32g4xx_hal_pwr.d" -MT"Drivers/STM32G4xx_HAL_Driver/Src/stm32g4xx_hal_pwr.o" --specs=nano.specs -mfpu=fpv4-sp-d16 -mfloat-abi=hard -mthumb -o "Drivers/STM32G4xx_HAL_Driver/Src/stm32g4xx_hal_pwr.o"
arm-none-eabi-gcc "../Drivers/STM32G4xx_HAL_Driver/Src/stm32g4xx_hal_pwr_ex.c" -mcpu=cortex-m4 -std=gnu11 -g3 -DDEBUG -DUSE_HAL_DRIVER -DSTM32G474xx -c -I../Core/Inc -I../Drivers/STM32G4xx_HAL_Driver/Inc -I../Drivers/STM32G4xx_HAL_Driver/Inc/Legacy -I../Drivers/CMSIS/Device/ST/STM32G4xx/Include -I../Drivers/CMSIS/Include -O0 -ffunction-sections -fdata-sections -Wall -fstack-usage -fcyclomatic-complexity -MMD -MP -MF"Drivers/STM32G4xx_HAL_Driver/Src/stm32g4xx_hal_pwr_ex.d" -MT"Drivers/STM32G4xx_HAL_Driver/Src/stm32g4xx_hal_pwr_ex.o" --specs=nano.specs -mfpu=fpv4-sp-d16 -mfloat-abi=hard -mthumb -o "Drivers/STM32G4xx_HAL_Driver/Src/stm32g4xx_hal_pwr_ex.o"
arm-none-eabi-gcc "../Drivers/STM32G4xx_HAL_Driver/Src/stm32g4xx_hal_rcc.c" -mcpu=cortex-m4 -std=gnu11 -g3 -DDEBUG -DUSE_HAL_DRIVER -DSTM32G474xx -c -I../Core/Inc -I../Drivers/STM32G4xx_HAL_Driver/Inc -I../Drivers/STM32G4xx_HAL_Driver/Inc/Legacy -I../Drivers/CMSIS/Device/ST/STM32G4xx/Include -I../Drivers/CMSIS/Include -O0 -ffunction-sections -fdata-sections -Wall -fstack-usage -fcyclomatic-complexity -MMD -MP -MF"Drivers/STM32G4xx_HAL_Driver/Src/stm32g4xx_hal_rcc.d" -MT"Drivers/STM32G4xx_HAL_Driver/Src/stm32g4xx_hal_rcc.o" --specs=nano.specs -mfpu=fpv4-sp-d16 -mfloat-abi=hard -mthumb -o "Drivers/STM32G4xx_HAL_Driver/Src/stm32g4xx_hal_rcc.o"
arm-none-eabi-gcc "../Drivers/STM32G4xx_HAL_Driver/Src/stm32g4xx_hal_rcc_ex.c" -mcpu=cortex-m4 -std=gnu11 -g3 -DDEBUG -DUSE_HAL_DRIVER -DSTM32G474xx -c -I../Core/Inc -I../Drivers/STM32G4xx_HAL_Driver/Inc -I../Drivers/STM32G4xx_HAL_Driver/Inc/Legacy -I../Drivers/CMSIS/Device/ST/STM32G4xx/Include -I../Drivers/CMSIS/Include -O0 -ffunction-sections -fdata-sections -Wall -fstack-usage -fcyclomatic-complexity -MMD -MP -MF"Drivers/STM32G4xx_HAL_Driver/Src/stm32g4xx_hal_rcc_ex.d" -MT"Drivers/STM32G4xx_HAL_Driver/Src/stm32g4xx_hal_rcc_ex.o" --specs=nano.specs -mfpu=fpv4-sp-d16 -mfloat-abi=hard -mthumb -o "Drivers/STM32G4xx_HAL_Driver/Src/stm32g4xx_hal_rcc_ex.o"
arm-none-eabi-gcc "../Drivers/STM32G4xx_HAL_Driver/Src/stm32g4xx_hal_tim.c" -mcpu=cortex-m4 -std=gnu11 -g3 -DDEBUG -DUSE_HAL_DRIVER -DSTM32G474xx -c -I../Core/Inc -I../Drivers/STM32G4xx_HAL_Driver/Inc -I../Drivers/STM32G4xx_HAL_Driver/Inc/Legacy -I../Drivers/CMSIS/Device/ST/STM32G4xx/Include -I../Drivers/CMSIS/Include -O0 -ffunction-sections -fdata-sections -Wall -fstack-usage -fcyclomatic-complexity -MMD -MP -MF"Drivers/STM32G4xx_HAL_Driver/Src/stm32g4xx_hal_tim.d" -MT"Drivers/STM32G4xx_HAL_Driver/Src/stm32g4xx_hal_tim.o" --specs=nano.specs -mfpu=fpv4-sp-d16 -mfloat-abi=hard -mthumb -o "Drivers/STM32G4xx_HAL_Driver/Src/stm32g4xx_hal_tim.o"
arm-none-eabi-gcc "../Drivers/STM32G4xx_HAL_Driver/Src/stm32g4xx_hal_tim_ex.c" -mcpu=cortex-m4 -std=gnu11 -g3 -DDEBUG -DUSE_HAL_DRIVER -DSTM32G474xx -c -I../Core/Inc -I../Drivers/STM32G4xx_HAL_Driver/Inc -I../Drivers/STM32G4xx_HAL_Driver/Inc/Legacy -I../Drivers/CMSIS/Device/ST/STM32G4xx/Include -I../Drivers/CMSIS/Include -O0 -ffunction-sections -fdata-sections -Wall -fstack-usage -fcyclomatic-complexity -MMD -MP -MF"Drivers/STM32G4xx_HAL_Driver/Src/stm32g4xx_hal_tim_ex.d" -MT"Drivers/STM32G4xx_HAL_Driver/Src/stm32g4xx_hal_tim_ex.o" --specs=nano.specs -mfpu=fpv4-sp-d16 -mfloat-abi=hard -mthumb -o "Drivers/STM32G4xx_HAL_Driver/Src/stm32g4xx_hal_tim_ex.o"
arm-none-eabi-gcc -mcpu=cortex-m4 -g3 -DDEBUG -c -x assembler-with-cpp -MMD -MP -MF"Core/Startup/startup_stm32g474retx.d" -MT"Core/Startup/startup_stm32g474retx.o" --specs=nano.specs -mfpu=fpv4-sp-d16 -mfloat-abi=hard -mthumb -o "Core/Startup/startup_stm32g474retx.o" "../Core/Startup/startup_stm32g474retx.s"
arm-none-eabi-gcc "../Core/Src/button.c" -mcpu=cortex-m4 -std=gnu11 -g3 -DDEBUG -DUSE_HAL_DRIVER -DSTM32G474xx -c -I../Core/Inc -I../Drivers/STM32G4xx_HAL_Driver/Inc -I../Drivers/STM32G4xx_HAL_Driver/Inc/Legacy -I../Drivers/CMSIS/Device/ST/STM32G4xx/Include -I../Drivers/CMSIS/Include -O0 -ffunction-sections -fdata-sections -Wall -fstack-usage -fcyclomatic-complexity -MMD -MP -MF"Core/Src/button.d" -MT"Core/Src/button.o" --specs=nano.specs -mfpu=fpv4-sp-d16 -mfloat-abi=hard -mthumb -o "Core/Src/button.o"
arm-none-eabi-gcc "../Core/Src/fsm_logic.c" -mcpu=cortex-m4 -std=gnu11 -g3 -DDEBUG -DUSE_HAL_DRIVER -DSTM32G474xx -c -I../Core/Inc -I../Drivers/STM32G4xx_HAL_Driver/Inc -I../Drivers/STM32G4xx_HAL_Driver/Inc/Legacy -I../Drivers/CMSIS/Device/ST/STM32G4xx/Include -I../Drivers/CMSIS/Include -O0 -ffunction-sections -fdata-sections -Wall -fstack-usage -fcyclomatic-complexity -MMD -MP -MF"Core/Src/fsm_logic.d" -MT"Core/Src/fsm_logic.o" --specs=nano.specs -mfpu=fpv4-sp-d16 -mfloat-abi=hard -mthumb -o "Core/Src/fsm_logic.o"
arm-none-eabi-gcc "../Core/Src/gpio.c" -mcpu=cortex-m4 -std=gnu11 -g3 -DDEBUG -DUSE_HAL_DRIVER -DSTM32G474xx -c -I../Core/Inc -I../Drivers/STM32G4xx_HAL_Driver/Inc -I../Drivers/STM32G4xx_HAL_Driver/Inc/Legacy -I../Drivers/CMSIS/Device/ST/STM32G4xx/Include -I../Drivers/CMSIS/Include -O0 -ffunction-sections -fdata-sections -Wall -fstack-usage -fcyclomatic-complexity -MMD -MP -MF"Core/Src/gpio.d" -MT"Core/Src/gpio.o" --specs=nano.specs -mfpu=fpv4-sp-d16 -mfloat-abi=hard -mthumb -o "Core/Src/gpio.o"
arm-none-eabi-gcc "../Core/Src/led.c" -mcpu=cortex-m4 -std=gnu11 -g3 -DDEBUG -DUSE_HAL_DRIVER -DSTM32G474xx -c -I../Core/Inc -I../Drivers/STM32G4xx_HAL_Driver/Inc -I../Drivers/STM32G4xx_HAL_Driver/Inc/Legacy -I../Drivers/CMSIS/Device/ST/STM32G4xx/Include -I../Drivers/CMSIS/Include -O0 -ffunction-sections -fdata-sections -Wall -fstack-usage -fcyclomatic-complexity -MMD -MP -MF"Core/Src/led.d" -MT"Core/Src/led.o" --specs=nano.specs -mfpu=fpv4-sp-d16 -mfloat-abi=hard -mthumb -o "Core/Src/led.o"
arm-none-eabi-gcc "../Core/Src/main.c" -mcpu=cortex-m4 -std=gnu11 -g3 -DDEBUG -DUSE_HAL_DRIVER -DSTM32G474xx -c -I../Core/Inc -I../Drivers/STM32G4xx_HAL_Driver/Inc -I../Drivers/STM32G4xx_HAL_Driver/Inc/Legacy -I../Drivers/CMSIS/Device/ST/STM32G4xx/Include -I../Drivers/CMSIS/Include -O0 -ffunction-sections -fdata-sections -Wall -fstack-usage -fcyclomatic-complexity -MMD -MP -MF"Core/Src/main.d" -MT"Core/Src/main.o" --specs=nano.specs -mfpu=fpv4-sp-d16 -mfloat-abi=hard -mthumb -o "Core/Src/main.o"
arm-none-eabi-gcc "../Core/Src/queue.c" -mcpu=cortex-m4 -std=gnu11 -g3 -DDEBUG -DUSE_HAL_DRIVER -DSTM32G474xx -c -I../Core/Inc -I../Drivers/STM32G4xx_HAL_Driver/Inc -I../Drivers/STM32G4xx_HAL_Driver/Inc/Legacy -I../Drivers/CMSIS/Device/ST/STM32G4xx/Include -I../Drivers/CMSIS/Include -O0 -ffunction-sections -fdata-sections -Wall -fstack-usage -fcyclomatic-complexity -MMD -MP -MF"Core/Src/queue.d" -MT"Core/Src/queue.o" --specs=nano.specs -mfpu=fpv4-sp-d16 -mfloat-abi=hard -mthumb -o "Core/Src/queue.o"
arm-none-eabi-gcc "../Core/Src/stm32g4xx_hal_msp.c" -mcpu=cortex-m4 -std=gnu11 -g3 -DDEBUG -DUSE_HAL_DRIVER -DSTM32G474xx -c -I../Core/Inc -I../Drivers/STM32G4xx_HAL_Driver/Inc -I../Drivers/STM32G4xx_HAL_Driver/Inc/Legacy -I../Drivers/CMSIS/Device/ST/STM32G4xx/Include -I../Drivers/CMSIS/Include -O0 -ffunction-sections -fdata-sections -Wall -fstack-usage -fcyclomatic-complexity -MMD -MP -MF"Core/Src/stm32g4xx_hal_msp.d" -MT"Core/Src/stm32g4xx_hal_msp.o" --specs=nano.specs -mfpu=fpv4-sp-d16 -mfloat-abi=hard -mthumb -o "Core/Src/stm32g4xx_hal_msp.o"
arm-none-eabi-gcc "../Core/Src/stm32g4xx_it.c" -mcpu=cortex-m4 -std=gnu11 -g3 -DDEBUG -DUSE_HAL_DRIVER -DSTM32G474xx -c -I../Core/Inc -I../Drivers/STM32G4xx_HAL_Driver/Inc -I../Drivers/STM32G4xx_HAL_Driver/Inc/Legacy -I../Drivers/CMSIS/Device/ST/STM32G4xx/Include -I../Drivers/CMSIS/Include -O0 -ffunction-sections -fdata-sections -Wall -fstack-usage -fcyclomatic-complexity -MMD -MP -MF"Core/Src/stm32g4xx_it.d" -MT"Core/Src/stm32g4xx_it.o" --specs=nano.specs -mfpu=fpv4-sp-d16 -mfloat-abi=hard -mthumb -o "Core/Src/stm32g4xx_it.o"
arm-none-eabi-gcc "../Core/Src/syscalls.c" -mcpu=cortex-m4 -std=gnu11 -g3 -DDEBUG -DUSE_HAL_DRIVER -DSTM32G474xx -c -I../Core/Inc -I../Drivers/STM32G4xx_HAL_Driver/Inc -I../Drivers/STM32G4xx_HAL_Driver/Inc/Legacy -I../Drivers/CMSIS/Device/ST/STM32G4xx/Include -I../Drivers/CMSIS/Include -O0 -ffunction-sections -fdata-sections -Wall -fstack-usage -fcyclomatic-complexity -MMD -MP -MF"Core/Src/syscalls.d" -MT"Core/Src/syscalls.o" --specs=nano.specs -mfpu=fpv4-sp-d16 -mfloat-abi=hard -mthumb -o "Core/Src/syscalls.o"
arm-none-eabi-gcc "../Core/Src/sysmem.c" -mcpu=cortex-m4 -std=gnu11 -g3 -DDEBUG -DUSE_HAL_DRIVER -DSTM32G474xx -c -I../Core/Inc -I../Drivers/STM32G4xx_HAL_Driver/Inc -I../Drivers/STM32G4xx_HAL_Driver/Inc/Legacy -I../Drivers/CMSIS/Device/ST/STM32G4xx/Include -I../Drivers/CMSIS/Include -O0 -ffunction-sections -fdata-sections -Wall -fstack-usage -fcyclomatic-complexity -MMD -MP -MF"Core/Src/sysmem.d" -MT"Core/Src/sysmem.o" --specs=nano.specs -mfpu=fpv4-sp-d16 -mfloat-abi=hard -mthumb -o "Core/Src/sysmem.o"
arm-none-eabi-gcc "../Core/Src/system_stm32g4xx.c" -mcpu=cortex-m4 -std=gnu11 -g3 -DDEBUG -DUSE_HAL_DRIVER -DSTM32G474xx -c -I../Core/Inc -I../Drivers/STM32G4xx_HAL_Driver/Inc -I../Drivers/STM32G4xx_HAL_Driver/Inc/Legacy -I../Drivers/CMSIS/Device/ST/STM32G4xx/Include -I../Drivers/CMSIS/Include -O0 -ffunction-sections -fdata-sections -Wall -fstack-usage -fcyclomatic-complexity -MMD -MP -MF"Core/Src/system_stm32g4xx.d" -MT"Core/Src/system_stm32g4xx.o" --specs=nano.specs -mfpu=fpv4-sp-d16 -mfloat-abi=hard -mthumb -o "Core/Src/system_stm32g4xx.o"
arm-none-eabi-gcc "../Core/Src/tim.c" -mcpu=cortex-m4 -std=gnu11 -g3 -DDEBUG -DUSE_HAL_DRIVER -DSTM32G474xx -c -I../Core/Inc -I../Drivers/STM32G4xx_HAL_Driver/Inc -I../Drivers/STM32G4xx_HAL_Driver/Inc/Legacy -I../Drivers/CMSIS/Device/ST/STM32G4xx/Include -I../Drivers/CMSIS/Include -O0 -ffunction-sections -fdata-sections -Wall -fstack-usage -fcyclomatic-complexity -MMD -MP -MF"Core/Src/tim.d" -MT"Core/Src/tim.o" --specs=nano.specs -mfpu=fpv4-sp-d16 -mfloat-abi=hard -mthumb -o "Core/Src/tim.o"
arm-none-eabi-gcc "../Core/Src/timer.c" -mcpu=cortex-m4 -std=gnu11 -g3 -DDEBUG -DUSE_HAL_DRIVER -DSTM32G474xx -c -I../Core/Inc -I../Drivers/STM32G4xx_HAL_Driver/Inc -I../Drivers/STM32G4xx_HAL_Driver/Inc/Legacy -I../Drivers/CMSIS/Device/ST/STM32G4xx/Include -I../Drivers/CMSIS/Include -O0 -ffunction-sections -fdata-sections -Wall -fstack-usage -fcyclomatic-complexity -MMD -MP -MF"Core/Src/timer.d" -MT"Core/Src/timer.o" --specs=nano.specs -mfpu=fpv4-sp-d16 -mfloat-abi=hard -mthumb -o "Core/Src/timer.o"
../Core/Src/main.c:47:1: error: unknown type name 'timer_t'
   47 | timer_t servo_timer;
      | ^~~~~~~
../Core/Src/fsm_logic.c:8:1: error: empty enum is invalid
    8 | } fsm_state_t;
      | ^
../Core/Src/fsm_logic.c: In function 'FSM_update_state':
../Core/Src/fsm_logic.c:107:19: error: 'FSM_t' {aka 'struct FSM_s'} has no member named 'state'
  107 |         switch(fsm.state)
      |                   ^
../Core/Src/fsm_logic.c: In function 'FSM_init':
../Core/Src/fsm_logic.c:58:1: warning: control reaches end of non-void function [-Wreturn-type]
   58 | }
      | ^
../Core/Src/main.c: In function 'main':
../Core/Src/main.c:95:3: error: implicit declaration of function 'timer_init' [-Wimplicit-function-declaration]
   95 |   timer_init(&servo_timer, &htim2, 16000000);
      |   ^~~~~~~~~~
../Core/Src/main.c:96:3: error: implicit declaration of function 'timer_start_pwm' [-Wimplicit-function-declaration]
   96 |   timer_start_pwm(&servo_timer, TIM_CHANNEL_1);
      |   ^~~~~~~~~~~~~~~
../Core/Src/main.c:104:5: error: implicit declaration of function 'timer_set_duty_x10' [-Wimplicit-function-declaration]
  104 |     timer_set_duty_x10(&servo_timer, TIM_CHANNEL_1, 50);  /* ~0°  (5% = 1 ms) */
      |     ^~~~~~~~~~~~~~~~~~
make: *** [Core/Src/subdir.mk:55: Core/Src/fsm_logic.o] Error 1
make: *** Waiting for unfinished jobs....
make: *** [Core/Src/subdir.mk:55: Core/Src/main.o] Error 1
"make -j14 all" terminated with exit code 2. Build might be incomplete.
17:18:05 **** Incremental Build of configuration Debug for project lanternasemaforicaconServoMotore ****
make -j14 all 
arm-none-eabi-gcc "../Core/Src/fsm_logic.c" -mcpu=cortex-m4 -std=gnu11 -g3 -DDEBUG -DUSE_HAL_DRIVER -DSTM32G474xx -c -I../Core/Inc -I../Drivers/STM32G4xx_HAL_Driver/Inc -I../Drivers/STM32G4xx_HAL_Driver/Inc/Legacy -I../Drivers/CMSIS/Device/ST/STM32G4xx/Include -I../Drivers/CMSIS/Include -O0 -ffunction-sections -fdata-sections -Wall -fstack-usage -fcyclomatic-complexity -MMD -MP -MF"Core/Src/fsm_logic.d" -MT"Core/Src/fsm_logic.o" --specs=nano.specs -mfpu=fpv4-sp-d16 -mfloat-abi=hard -mthumb -o "Core/Src/fsm_logic.o"
arm-none-eabi-gcc "../Core/Src/main.c" -mcpu=cortex-m4 -std=gnu11 -g3 -DDEBUG -DUSE_HAL_DRIVER -DSTM32G474xx -c -I../Core/Inc -I../Drivers/STM32G4xx_HAL_Driver/Inc -I../Drivers/STM32G4xx_HAL_Driver/Inc/Legacy -I../Drivers/CMSIS/Device/ST/STM32G4xx/Include -I../Drivers/CMSIS/Include -O0 -ffunction-sections -fdata-sections -Wall -fstack-usage -fcyclomatic-complexity -MMD -MP -MF"Core/Src/main.d" -MT"Core/Src/main.o" --specs=nano.specs -mfpu=fpv4-sp-d16 -mfloat-abi=hard -mthumb -o "Core/Src/main.o"
../Core/Src/fsm_logic.c:8:1: error: empty enum is invalid
    8 | } fsm_state_t;
      | ^
../Core/Src/fsm_logic.c: In function 'FSM_update_state':
../Core/Src/fsm_logic.c:107:19: error: 'FSM_t' {aka 'struct FSM_s'} has no member named 'state'
  107 |         switch(fsm.state)
      |                   ^
../Core/Src/fsm_logic.c: In function 'FSM_init':
../Core/Src/fsm_logic.c:58:1: warning: control reaches end of non-void function [-Wreturn-type]
   58 | }
      | ^
make: *** [Core/Src/subdir.mk:55: Core/Src/fsm_logic.o] Error 1
make: *** Waiting for unfinished jobs....
"make -j14 all" terminated with exit code 2. Build might be incomplete.
17:18:48 **** Incremental Build of configuration Debug for project lanternasemaforicaconServoMotore ****
make -j14 all 
arm-none-eabi-gcc "../Core/Src/fsm_logic.c" -mcpu=cortex-m4 -std=gnu11 -g3 -DDEBUG -DUSE_HAL_DRIVER -DSTM32G474xx -c -I../Core/Inc -I../Drivers/STM32G4xx_HAL_Driver/Inc -I../Drivers/STM32G4xx_HAL_Driver/Inc/Legacy -I../Drivers/CMSIS/Device/ST/STM32G4xx/Include -I../Drivers/CMSIS/Include -O0 -ffunction-sections -fdata-sections -Wall -fstack-usage -fcyclomatic-complexity -MMD -MP -MF"Core/Src/fsm_logic.d" -MT"Core/Src/fsm_logic.o" --specs=nano.specs -mfpu=fpv4-sp-d16 -mfloat-abi=hard -mthumb -o "Core/Src/fsm_logic.o"
../Core/Src/fsm_logic.c:9:9: error: redeclaration of enumerator 'ERROR'
    9 |         ERROR=2,
      |         ^~~~~
In file included from ../Drivers/STM32G4xx_HAL_Driver/Inc/stm32g4xx_hal_def.h:29,
                 from ../Drivers/STM32G4xx_HAL_Driver/Inc/stm32g4xx_hal_rcc.h:27,
                 from ../Core/Inc/stm32g4xx_hal_conf.h:212,
                 from ../Drivers/STM32G4xx_HAL_Driver/Inc/stm32g4xx_hal.h:29,
                 from ../Core/Inc/main.h:30,
                 from ../Core/Inc/gpio.h:29,
                 from ../Core/Inc/led.h:3,
                 from ../Core/Inc/fsm_logic.h:4,
                 from ../Core/Src/fsm_logic.c:1:
../Drivers/CMSIS/Device/ST/STM32G4xx/Include/stm32g4xx.h:163:3: note: previous definition of 'ERROR' with type 'enum <anonymous>'
  163 |   ERROR = !SUCCESS
      |   ^~~~~
../Core/Src/fsm_logic.c: In function 'FSM_update_state':
../Core/Src/fsm_logic.c:110:19: error: 'FSM_t' {aka 'struct FSM_s'} has no member named 'state'
  110 |         switch(fsm.state)
      |                   ^
../Core/Src/fsm_logic.c: In function 'FSM_init':
../Core/Src/fsm_logic.c:61:1: warning: control reaches end of non-void function [-Wreturn-type]
   61 | }
      | ^
make: *** [Core/Src/subdir.mk:55: Core/Src/fsm_logic.o] Error 1
"make -j14 all" terminated with exit code 2. Build might be incomplete.
17:19:21 **** Incremental Build of configuration Debug for project lanternasemaforicaconServoMotore ****
make -j14 all 
arm-none-eabi-gcc "../Core/Src/fsm_logic.c" -mcpu=cortex-m4 -std=gnu11 -g3 -DDEBUG -DUSE_HAL_DRIVER -DSTM32G474xx -c -I../Core/Inc -I../Drivers/STM32G4xx_HAL_Driver/Inc -I../Drivers/STM32G4xx_HAL_Driver/Inc/Legacy -I../Drivers/CMSIS/Device/ST/STM32G4xx/Include -I../Drivers/CMSIS/Include -O0 -ffunction-sections -fdata-sections -Wall -fstack-usage -fcyclomatic-complexity -MMD -MP -MF"Core/Src/fsm_logic.d" -MT"Core/Src/fsm_logic.o" --specs=nano.specs -mfpu=fpv4-sp-d16 -mfloat-abi=hard -mthumb -o "Core/Src/fsm_logic.o"
../Core/Src/fsm_logic.c: In function 'FSM_init':
../Core/Src/fsm_logic.c:61:1: warning: control reaches end of non-void function [-Wreturn-type]
   61 | }
      | ^
arm-none-eabi-gcc -o "lanternasemaforicaconServoMotore.elf" @"objects.list"   -mcpu=cortex-m4 -T"C:\Users\frank\Documents\Uni\Embedded\project location\fsm\lanternasemaforicaconServoMotore\lanternasemaforicaconServoMotore\STM32G474RETX_FLASH.ld" --specs=nosys.specs -Wl,-Map="lanternasemaforicaconServoMotore.map" -Wl,--gc-sections -static --specs=nano.specs -mfpu=fpv4-sp-d16 -mfloat-abi=hard -mthumb -Wl,--start-group -lc -lm -Wl,--end-group
Finished building target: lanternasemaforicaconServoMotore.elf
 
arm-none-eabi-size  lanternasemaforicaconServoMotore.elf 
arm-none-eabi-objdump -h -S lanternasemaforicaconServoMotore.elf  > "lanternasemaforicaconServoMotore.list"
   text	   data	    bss	    dec	    hex	filename
  13484	     12	   1732	  15228	   3b7c	lanternasemaforicaconServoMotore.elf
Finished building: default.size.stdout
 
Finished building: lanternasemaforicaconServoMotore.list
 
17:19:36 **** Incremental Build of configuration Debug for project lanternasemaforicaconServoMotore ****
make -j14 all 
arm-none-eabi-size  lanternasemaforicaconServoMotore.elf 
   text	   data	    bss	    dec	    hex	filename
  13484	     12	   1732	  15228	   3b7c	lanternasemaforicaconServoMotore.elf
Finished building: default.size.stdout
 
17:19:47 **** Incremental Build of configuration Debug for project lanternasemaforicaconServoMotore ****
make -j14 all 
arm-none-eabi-size  lanternasemaforicaconServoMotore.elf 
   text	   data	    bss	    dec	    hex	filename
  13484	     12	   1732	  15228	   3b7c	lanternasemaforicaconServoMotore.elf
Finished building: default.size.stdout
 
17:22:34 **** Incremental Build of configuration Debug for project lanternasemaforicaconServoMotore ****
make -j14 all 
arm-none-eabi-gcc "../Core/Src/main.c" -mcpu=cortex-m4 -std=gnu11 -g3 -DDEBUG -DUSE_HAL_DRIVER -DSTM32G474xx -c -I../Core/Inc -I../Drivers/STM32G4xx_HAL_Driver/Inc -I../Drivers/STM32G4xx_HAL_Driver/Inc/Legacy -I../Drivers/CMSIS/Device/ST/STM32G4xx/Include -I../Drivers/CMSIS/Include -O0 -ffunction-sections -fdata-sections -Wall -fstack-usage -fcyclomatic-complexity -MMD -MP -MF"Core/Src/main.d" -MT"Core/Src/main.o" --specs=nano.specs -mfpu=fpv4-sp-d16 -mfloat-abi=hard -mthumb -o "Core/Src/main.o"
arm-none-eabi-gcc -o "lanternasemaforicaconServoMotore.elf" @"objects.list"   -mcpu=cortex-m4 -T"C:\Users\frank\Documents\Uni\Embedded\project location\fsm\lanternasemaforicaconServoMotore\lanternasemaforicaconServoMotore\STM32G474RETX_FLASH.ld" --specs=nosys.specs -Wl,-Map="lanternasemaforicaconServoMotore.map" -Wl,--gc-sections -static --specs=nano.specs -mfpu=fpv4-sp-d16 -mfloat-abi=hard -mthumb -Wl,--start-group -lc -lm -Wl,--end-group
Finished building target: lanternasemaforicaconServoMotore.elf
 
arm-none-eabi-size  lanternasemaforicaconServoMotore.elf 
arm-none-eabi-objdump -h -S lanternasemaforicaconServoMotore.elf  > "lanternasemaforicaconServoMotore.list"
   text	   data	    bss	    dec	    hex	filename
  13484	     12	   1732	  15228	   3b7c	lanternasemaforicaconServoMotore.elf
Finished building: default.size.stdout
 
Finished building: lanternasemaforicaconServoMotore.list
 
17:23:07 **** Incremental Build of configuration Debug for project lanternasemaforicaconServoMotore ****
make -j14 all 
arm-none-eabi-gcc "../Core/Src/main.c" -mcpu=cortex-m4 -std=gnu11 -g3 -DDEBUG -DUSE_HAL_DRIVER -DSTM32G474xx -c -I../Core/Inc -I../Drivers/STM32G4xx_HAL_Driver/Inc -I../Drivers/STM32G4xx_HAL_Driver/Inc/Legacy -I../Drivers/CMSIS/Device/ST/STM32G4xx/Include -I../Drivers/CMSIS/Include -O0 -ffunction-sections -fdata-sections -Wall -fstack-usage -fcyclomatic-complexity -MMD -MP -MF"Core/Src/main.d" -MT"Core/Src/main.o" --specs=nano.specs -mfpu=fpv4-sp-d16 -mfloat-abi=hard -mthumb -o "Core/Src/main.o"
arm-none-eabi-gcc -o "lanternasemaforicaconServoMotore.elf" @"objects.list"   -mcpu=cortex-m4 -T"C:\Users\frank\Documents\Uni\Embedded\project location\fsm\lanternasemaforicaconServoMotore\lanternasemaforicaconServoMotore\STM32G474RETX_FLASH.ld" --specs=nosys.specs -Wl,-Map="lanternasemaforicaconServoMotore.map" -Wl,--gc-sections -static --specs=nano.specs -mfpu=fpv4-sp-d16 -mfloat-abi=hard -mthumb -Wl,--start-group -lc -lm -Wl,--end-group
Finished building target: lanternasemaforicaconServoMotore.elf
 
arm-none-eabi-size  lanternasemaforicaconServoMotore.elf 
arm-none-eabi-objdump -h -S lanternasemaforicaconServoMotore.elf  > "lanternasemaforicaconServoMotore.list"
   text	   data	    bss	    dec	    hex	filename
  13484	     12	   1732	  15228	   3b7c	lanternasemaforicaconServoMotore.elf
Finished building: default.size.stdout
 
Finished building: lanternasemaforicaconServoMotore.list
 
17:27:46 **** Incremental Build of configuration Debug for project PosizionamentoMicroservoLongShortPress ****
make -j14 all 
arm-none-eabi-size  PosizionamentoMicroservoLongShortPress.elf 
   text	   data	    bss	    dec	    hex	filename
  14640	     16	   1776	  16432	   4030	PosizionamentoMicroservoLongShortPress.elf
Finished building: default.size.stdout
 
17:28:07 **** Incremental Build of configuration Debug for project PosizionamentoMicroservoLongShortPress ****
make -j14 all 
arm-none-eabi-size  PosizionamentoMicroservoLongShortPress.elf 
   text	   data	    bss	    dec	    hex	filename
  14640	     16	   1776	  16432	   4030	PosizionamentoMicroservoLongShortPress.elf
Finished building: default.size.stdout
 
17:28:26 **** Incremental Build of configuration Debug for project lanternasemaforicaconServoMotore ****
make -j14 all 
arm-none-eabi-gcc "../Core/Src/main.c" -mcpu=cortex-m4 -std=gnu11 -g3 -DDEBUG -DUSE_HAL_DRIVER -DSTM32G474xx -c -I../Core/Inc -I../Drivers/STM32G4xx_HAL_Driver/Inc -I../Drivers/STM32G4xx_HAL_Driver/Inc/Legacy -I../Drivers/CMSIS/Device/ST/STM32G4xx/Include -I../Drivers/CMSIS/Include -O0 -ffunction-sections -fdata-sections -Wall -fstack-usage -fcyclomatic-complexity -MMD -MP -MF"Core/Src/main.d" -MT"Core/Src/main.o" --specs=nano.specs -mfpu=fpv4-sp-d16 -mfloat-abi=hard -mthumb -o "Core/Src/main.o"
arm-none-eabi-gcc "../Core/Src/tim.c" -mcpu=cortex-m4 -std=gnu11 -g3 -DDEBUG -DUSE_HAL_DRIVER -DSTM32G474xx -c -I../Core/Inc -I../Drivers/STM32G4xx_HAL_Driver/Inc -I../Drivers/STM32G4xx_HAL_Driver/Inc/Legacy -I../Drivers/CMSIS/Device/ST/STM32G4xx/Include -I../Drivers/CMSIS/Include -O0 -ffunction-sections -fdata-sections -Wall -fstack-usage -fcyclomatic-complexity -MMD -MP -MF"Core/Src/tim.d" -MT"Core/Src/tim.o" --specs=nano.specs -mfpu=fpv4-sp-d16 -mfloat-abi=hard -mthumb -o "Core/Src/tim.o"
arm-none-eabi-gcc -o "lanternasemaforicaconServoMotore.elf" @"objects.list"   -mcpu=cortex-m4 -T"C:\Users\frank\Documents\Uni\Embedded\project location\fsm\lanternasemaforicaconServoMotore\lanternasemaforicaconServoMotore\STM32G474RETX_FLASH.ld" --specs=nosys.specs -Wl,-Map="lanternasemaforicaconServoMotore.map" -Wl,--gc-sections -static --specs=nano.specs -mfpu=fpv4-sp-d16 -mfloat-abi=hard -mthumb -Wl,--start-group -lc -lm -Wl,--end-group
Finished building target: lanternasemaforicaconServoMotore.elf
 
arm-none-eabi-size  lanternasemaforicaconServoMotore.elf 
arm-none-eabi-objdump -h -S lanternasemaforicaconServoMotore.elf  > "lanternasemaforicaconServoMotore.list"
   text	   data	    bss	    dec	    hex	filename
  13488	     12	   1732	  15232	   3b80	lanternasemaforicaconServoMotore.elf
Finished building: default.size.stdout
 
Finished building: lanternasemaforicaconServoMotore.list
 
17:28:47 **** Incremental Build of configuration Debug for project lanternasemaforicaconServoMotore ****
make -j14 all 
arm-none-eabi-size  lanternasemaforicaconServoMotore.elf 
   text	   data	    bss	    dec	    hex	filename
  13488	     12	   1732	  15232	   3b80	lanternasemaforicaconServoMotore.elf
Finished building: default.size.stdout
 
17:28:57 **** Incremental Build of configuration Debug for project lanternasemaforicaconServoMotore ****
make -j14 all 
arm-none-eabi-gcc "../Core/Src/main.c" -mcpu=cortex-m4 -std=gnu11 -g3 -DDEBUG -DUSE_HAL_DRIVER -DSTM32G474xx -c -I../Core/Inc -I../Drivers/STM32G4xx_HAL_Driver/Inc -I../Drivers/STM32G4xx_HAL_Driver/Inc/Legacy -I../Drivers/CMSIS/Device/ST/STM32G4xx/Include -I../Drivers/CMSIS/Include -O0 -ffunction-sections -fdata-sections -Wall -fstack-usage -fcyclomatic-complexity -MMD -MP -MF"Core/Src/main.d" -MT"Core/Src/main.o" --specs=nano.specs -mfpu=fpv4-sp-d16 -mfloat-abi=hard -mthumb -o "Core/Src/main.o"
arm-none-eabi-gcc -o "lanternasemaforicaconServoMotore.elf" @"objects.list"   -mcpu=cortex-m4 -T"C:\Users\frank\Documents\Uni\Embedded\project location\fsm\lanternasemaforicaconServoMotore\lanternasemaforicaconServoMotore\STM32G474RETX_FLASH.ld" --specs=nosys.specs -Wl,-Map="lanternasemaforicaconServoMotore.map" -Wl,--gc-sections -static --specs=nano.specs -mfpu=fpv4-sp-d16 -mfloat-abi=hard -mthumb -Wl,--start-group -lc -lm -Wl,--end-group
Finished building target: lanternasemaforicaconServoMotore.elf
 
arm-none-eabi-size  lanternasemaforicaconServoMotore.elf 
arm-none-eabi-objdump -h -S lanternasemaforicaconServoMotore.elf  > "lanternasemaforicaconServoMotore.list"
   text	   data	    bss	    dec	    hex	filename
  13488	     12	   1732	  15232	   3b80	lanternasemaforicaconServoMotore.elf
Finished building: default.size.stdout
 
Finished building: lanternasemaforicaconServoMotore.list
 
20:05:22 **** Incremental Build of configuration Debug for project lanternasemaforicaconServoMotore ****
make -j14 all 
arm-none-eabi-gcc "../Core/Src/fsm_logic.c" -mcpu=cortex-m4 -std=gnu11 -g3 -DDEBUG -DUSE_HAL_DRIVER -DSTM32G474xx -c -I../Core/Inc -I../Drivers/STM32G4xx_HAL_Driver/Inc -I../Drivers/STM32G4xx_HAL_Driver/Inc/Legacy -I../Drivers/CMSIS/Device/ST/STM32G4xx/Include -I../Drivers/CMSIS/Include -O0 -ffunction-sections -fdata-sections -Wall -fstack-usage -fcyclomatic-complexity -MMD -MP -MF"Core/Src/fsm_logic.d" -MT"Core/Src/fsm_logic.o" --specs=nano.specs -mfpu=fpv4-sp-d16 -mfloat-abi=hard -mthumb -o "Core/Src/fsm_logic.o"
arm-none-eabi-gcc "../Core/Src/main.c" -mcpu=cortex-m4 -std=gnu11 -g3 -DDEBUG -DUSE_HAL_DRIVER -DSTM32G474xx -c -I../Core/Inc -I../Drivers/STM32G4xx_HAL_Driver/Inc -I../Drivers/STM32G4xx_HAL_Driver/Inc/Legacy -I../Drivers/CMSIS/Device/ST/STM32G4xx/Include -I../Drivers/CMSIS/Include -O0 -ffunction-sections -fdata-sections -Wall -fstack-usage -fcyclomatic-complexity -MMD -MP -MF"Core/Src/main.d" -MT"Core/Src/main.o" --specs=nano.specs -mfpu=fpv4-sp-d16 -mfloat-abi=hard -mthumb -o "Core/Src/main.o"
../Core/Src/fsm_logic.c:79:8: error: conflicting types for 'FSM_init'; have 'int8_t(led_t *, led_t *, led_t *, button_t *, timer_t *, timer_t *, uint32_t)' {aka 'signed char(struct led_s *, struct led_s *, struct led_s *, struct button_s *, struct timer_s *, struct timer_s *, long unsigned int)'}
   79 | int8_t FSM_init(led_t* led_rosso, led_t* led_giallo, led_t* led_verde, button_t* button, timer_t* timer, timer_t* servo_timer, uint32_t cycle_duration)
      |        ^~~~~~~~
In file included from ../Core/Src/fsm_logic.c:1:
../Core/Inc/fsm_logic.h:17:8: note: previous declaration of 'FSM_init' with type 'int8_t()' {aka 'signed char()'}
   17 | int8_t FSM_init(...);
      |        ^~~~~~~~
../Core/Src/fsm_logic.c: In function 'FSM_read_inputs':
../Core/Src/fsm_logic.c:141:42: error: passing argument 2 of 'button_read' makes pointer from integer without a cast [-Wint-conversion]
  141 |         if(button_read(fsm.button, fsm.in.button)==BUTTON_OK){
      |                                    ~~~~~~^~~~~~~
      |                                          |
      |                                          button_state_t {aka GPIO_PinState}
../Core/Src/main.c:38:9: warning: "FSM_CYCLE_DURATION" redefined
   38 | #define FSM_CYCLE_DURATION (10) //ogni 10 ms la funzione FSM_step viene chiamata
      |         ^~~~~~~~~~~~~~~~~~
In file included from ../Core/Inc/fsm_logic.h:5:
../Core/Inc/button.h:37:54: note: expected 'button_state_t *' {aka 'GPIO_PinState *'} but argument is of type 'button_state_t' {aka 'GPIO_PinState'}
   37 | int8_t button_read(button_t* button, button_state_t* state);
      |                                      ~~~~~~~~~~~~~~~~^~~~~
In file included from ../Core/Src/main.c:27:
../Core/Inc/fsm_logic.h:12:9: note: this is the location of the previous definition
   12 | #define FSM_CYCLE_DURATION              (100) //milliseconds
      |         ^~~~~~~~~~~~~~~~~~
../Core/Src/main.c:55:1: error: unknown type name 'fsm_t'
   55 | fsm_t fsm;
      | ^~~~~
../Core/Src/fsm_logic.c: In function 'FSM_update_state':
../Core/Src/fsm_logic.c:158:28: error: implicit declaration of function 'FSM_incative' [-Wimplicit-function-declaration]
  158 |                         if(FSM_incative()==FSM_OK){
      |                            ^~~~~~~~~~~~
make: *** [Core/Src/subdir.mk:55: Core/Src/main.o] Error 1
make: *** Waiting for unfinished jobs....
../Core/Src/fsm_logic.c:163:29: error: implicit declaration of function 'FSM_verde_on' [-Wimplicit-function-declaration]
  163 |                         if (FSM_verde_on() == FSM_OK) {
      |                             ^~~~~~~~~~~~
../Core/Src/fsm_logic.c:168:29: error: implicit declaration of function 'FSM_giallo_on' [-Wimplicit-function-declaration]
  168 |                         if (FSM_giallo_on() == FSM_OK) {
      |                             ^~~~~~~~~~~~~
../Core/Src/fsm_logic.c:173:17: error: duplicate case value
  173 |                 case VERDE_ON:
      |                 ^~~~
../Core/Src/fsm_logic.c:162:17: note: previously used here
  162 |                 case VERDE_ON:
      |                 ^~~~
../Core/Src/fsm_logic.c: At top level:
../Core/Src/fsm_logic.c:185:15: error: conflicting types for 'FSM_incative'; have 'int8_t()' {aka 'signed char()'}
  185 | static int8_t FSM_incative(){
      |               ^~~~~~~~~~~~
../Core/Src/fsm_logic.c:158:28: note: previous implicit declaration of 'FSM_incative' with type 'int()'
  158 |                         if(FSM_incative()==FSM_OK){
      |                            ^~~~~~~~~~~~
../Core/Src/fsm_logic.c: In function 'FSM_incative':
../Core/Src/fsm_logic.c:186:16: warning: variable 'res' set but not used [-Wunused-but-set-variable]
  186 |         int8_t res=FSM_ERR;
      |                ^~~
../Core/Src/fsm_logic.c:208:1: warning: no return statement in function returning non-void [-Wreturn-type]
  208 | }
      | ^
../Core/Src/fsm_logic.c: At top level:
../Core/Src/fsm_logic.c:185:15: warning: 'FSM_incative' defined but not used [-Wunused-function]
  185 | static int8_t FSM_incative(){
      |               ^~~~~~~~~~~~
make: *** [Core/Src/subdir.mk:55: Core/Src/fsm_logic.o] Error 1
"make -j14 all" terminated with exit code 2. Build might be incomplete.
20:05:55 **** Incremental Build of configuration Debug for project lanternasemaforicaconServoMotore ****
make -j14 all 
arm-none-eabi-gcc "../Core/Src/fsm_logic.c" -mcpu=cortex-m4 -std=gnu11 -g3 -DDEBUG -DUSE_HAL_DRIVER -DSTM32G474xx -c -I../Core/Inc -I../Drivers/STM32G4xx_HAL_Driver/Inc -I../Drivers/STM32G4xx_HAL_Driver/Inc/Legacy -I../Drivers/CMSIS/Device/ST/STM32G4xx/Include -I../Drivers/CMSIS/Include -O0 -ffunction-sections -fdata-sections -Wall -fstack-usage -fcyclomatic-complexity -MMD -MP -MF"Core/Src/fsm_logic.d" -MT"Core/Src/fsm_logic.o" --specs=nano.specs -mfpu=fpv4-sp-d16 -mfloat-abi=hard -mthumb -o "Core/Src/fsm_logic.o"
arm-none-eabi-gcc "../Core/Src/main.c" -mcpu=cortex-m4 -std=gnu11 -g3 -DDEBUG -DUSE_HAL_DRIVER -DSTM32G474xx -c -I../Core/Inc -I../Drivers/STM32G4xx_HAL_Driver/Inc -I../Drivers/STM32G4xx_HAL_Driver/Inc/Legacy -I../Drivers/CMSIS/Device/ST/STM32G4xx/Include -I../Drivers/CMSIS/Include -O0 -ffunction-sections -fdata-sections -Wall -fstack-usage -fcyclomatic-complexity -MMD -MP -MF"Core/Src/main.d" -MT"Core/Src/main.o" --specs=nano.specs -mfpu=fpv4-sp-d16 -mfloat-abi=hard -mthumb -o "Core/Src/main.o"
../Core/Src/fsm_logic.c: In function 'FSM_read_inputs':
../Core/Src/fsm_logic.c:141:42: error: passing argument 2 of 'button_read' makes pointer from integer without a cast [-Wint-conversion]
  141 |         if(button_read(fsm.button, fsm.in.button)==BUTTON_OK){
      |                                    ~~~~~~^~~~~~~
      |                                          |
      |                                          button_state_t {aka GPIO_PinState}
In file included from ../Core/Inc/fsm_logic.h:5,
                 from ../Core/Src/fsm_logic.c:1:
../Core/Inc/button.h:37:54: note: expected 'button_state_t *' {aka 'GPIO_PinState *'} but argument is of type 'button_state_t' {aka 'GPIO_PinState'}
   37 | int8_t button_read(button_t* button, button_state_t* state);
      |                                      ~~~~~~~~~~~~~~~~^~~~~
../Core/Src/main.c:38:9: warning: "FSM_CYCLE_DURATION" redefined
   38 | #define FSM_CYCLE_DURATION (10) //ogni 10 ms la funzione FSM_step viene chiamata
      |         ^~~~~~~~~~~~~~~~~~
In file included from ../Core/Src/main.c:27:
../Core/Inc/fsm_logic.h:12:9: note: this is the location of the previous definition
   12 | #define FSM_CYCLE_DURATION              (100) //milliseconds
      |         ^~~~~~~~~~~~~~~~~~
../Core/Src/main.c:55:1: error: unknown type name 'fsm_t'
   55 | fsm_t fsm;
      | ^~~~~
../Core/Src/main.c: In function 'main':
../Core/Src/main.c:38:28: error: passing argument 6 of 'FSM_init' makes pointer from integer without a cast [-Wint-conversion]
   38 | #define FSM_CYCLE_DURATION (10) //ogni 10 ms la funzione FSM_step viene chiamata
      |                            ^~~~
      |                            |
      |                            int
../Core/Src/main.c:115:69: note: in expansion of macro 'FSM_CYCLE_DURATION'
  115 |   if(FSM_init(&led_rosso, &led_giallo, &led_verde, &button, &timer, FSM_CYCLE_DURATION)!=FSM_OK){
      |                                                                     ^~~~~~~~~~~~~~~~~~
../Core/Src/fsm_logic.c: In function 'FSM_update_state':
../Core/Inc/fsm_logic.h:17:115: note: expected 'timer_t *' {aka 'struct timer_s *'} but argument is of type 'int'
   17 | int8_t FSM_init(led_t* led_rosso, led_t* led_giallo, led_t* led_verde, button_t* button, timer_t* timer, timer_t* servo_timer, uint32_t cycle_duration);
      |                                                                                                          ~~~~~~~~~^~~~~~~~~~~
../Core/Src/fsm_logic.c:158:28: error: implicit declaration of function 'FSM_incative' [-Wimplicit-function-declaration]
  158 |                         if(FSM_incative()==FSM_OK){
      |                            ^~~~~~~~~~~~
../Core/Src/main.c:115:6: error: too few arguments to function 'FSM_init'
  115 |   if(FSM_init(&led_rosso, &led_giallo, &led_verde, &button, &timer, FSM_CYCLE_DURATION)!=FSM_OK){
      |      ^~~~~~~~
../Core/Inc/fsm_logic.h:17:8: note: declared here
   17 | int8_t FSM_init(led_t* led_rosso, led_t* led_giallo, led_t* led_verde, button_t* button, timer_t* timer, timer_t* servo_timer, uint32_t cycle_duration);
      |        ^~~~~~~~
make: *** [Core/Src/subdir.mk:55: Core/Src/main.o] Error 1
make: *** Waiting for unfinished jobs....
../Core/Src/fsm_logic.c:163:29: error: implicit declaration of function 'FSM_verde_on' [-Wimplicit-function-declaration]
  163 |                         if (FSM_verde_on() == FSM_OK) {
      |                             ^~~~~~~~~~~~
../Core/Src/fsm_logic.c:168:29: error: implicit declaration of function 'FSM_giallo_on' [-Wimplicit-function-declaration]
  168 |                         if (FSM_giallo_on() == FSM_OK) {
      |                             ^~~~~~~~~~~~~
../Core/Src/fsm_logic.c:173:17: error: duplicate case value
  173 |                 case VERDE_ON:
      |                 ^~~~
../Core/Src/fsm_logic.c:162:17: note: previously used here
  162 |                 case VERDE_ON:
      |                 ^~~~
../Core/Src/fsm_logic.c: At top level:
../Core/Src/fsm_logic.c:185:15: error: conflicting types for 'FSM_incative'; have 'int8_t()' {aka 'signed char()'}
  185 | static int8_t FSM_incative(){
      |               ^~~~~~~~~~~~
../Core/Src/fsm_logic.c:158:28: note: previous implicit declaration of 'FSM_incative' with type 'int()'
  158 |                         if(FSM_incative()==FSM_OK){
      |                            ^~~~~~~~~~~~
../Core/Src/fsm_logic.c: In function 'FSM_incative':
../Core/Src/fsm_logic.c:186:16: warning: variable 'res' set but not used [-Wunused-but-set-variable]
  186 |         int8_t res=FSM_ERR;
      |                ^~~
../Core/Src/fsm_logic.c:208:1: warning: no return statement in function returning non-void [-Wreturn-type]
  208 | }
      | ^
../Core/Src/fsm_logic.c: At top level:
../Core/Src/fsm_logic.c:185:15: warning: 'FSM_incative' defined but not used [-Wunused-function]
  185 | static int8_t FSM_incative(){
      |               ^~~~~~~~~~~~
make: *** [Core/Src/subdir.mk:55: Core/Src/fsm_logic.o] Error 1
"make -j14 all" terminated with exit code 2. Build might be incomplete.
20:06:47 **** Incremental Build of configuration Debug for project lanternasemaforicaconServoMotore ****
make -j14 all 
arm-none-eabi-gcc "../Core/Src/fsm_logic.c" -mcpu=cortex-m4 -std=gnu11 -g3 -DDEBUG -DUSE_HAL_DRIVER -DSTM32G474xx -c -I../Core/Inc -I../Drivers/STM32G4xx_HAL_Driver/Inc -I../Drivers/STM32G4xx_HAL_Driver/Inc/Legacy -I../Drivers/CMSIS/Device/ST/STM32G4xx/Include -I../Drivers/CMSIS/Include -O0 -ffunction-sections -fdata-sections -Wall -fstack-usage -fcyclomatic-complexity -MMD -MP -MF"Core/Src/fsm_logic.d" -MT"Core/Src/fsm_logic.o" --specs=nano.specs -mfpu=fpv4-sp-d16 -mfloat-abi=hard -mthumb -o "Core/Src/fsm_logic.o"
arm-none-eabi-gcc "../Core/Src/main.c" -mcpu=cortex-m4 -std=gnu11 -g3 -DDEBUG -DUSE_HAL_DRIVER -DSTM32G474xx -c -I../Core/Inc -I../Drivers/STM32G4xx_HAL_Driver/Inc -I../Drivers/STM32G4xx_HAL_Driver/Inc/Legacy -I../Drivers/CMSIS/Device/ST/STM32G4xx/Include -I../Drivers/CMSIS/Include -O0 -ffunction-sections -fdata-sections -Wall -fstack-usage -fcyclomatic-complexity -MMD -MP -MF"Core/Src/main.d" -MT"Core/Src/main.o" --specs=nano.specs -mfpu=fpv4-sp-d16 -mfloat-abi=hard -mthumb -o "Core/Src/main.o"
../Core/Src/fsm_logic.c: In function 'FSM_read_inputs':
../Core/Src/fsm_logic.c:141:41: error: passing argument 2 of 'button_read' makes pointer from integer without a cast [-Wint-conversion]
  141 |         if(button_read(fsm.button,fsm.in.button)==BUTTON_OK){
      |                                   ~~~~~~^~~~~~~
      |                                         |
      |                                         button_state_t {aka GPIO_PinState}
In file included from ../Core/Inc/fsm_logic.h:5,
                 from ../Core/Src/fsm_logic.c:1:
../Core/Inc/button.h:37:54: note: expected 'button_state_t *' {aka 'GPIO_PinState *'} but argument is of type 'button_state_t' {aka 'GPIO_PinState'}
   37 | int8_t button_read(button_t* button, button_state_t* state);
      |                                      ~~~~~~~~~~~~~~~~^~~~~
../Core/Src/main.c:38:9: warning: "FSM_CYCLE_DURATION" redefined
   38 | #define FSM_CYCLE_DURATION (10) //ogni 10 ms la funzione FSM_step viene chiamata
      |         ^~~~~~~~~~~~~~~~~~
In file included from ../Core/Src/main.c:27:
../Core/Inc/fsm_logic.h:12:9: note: this is the location of the previous definition
   12 | #define FSM_CYCLE_DURATION              (100) //milliseconds
      |         ^~~~~~~~~~~~~~~~~~
../Core/Src/main.c:55:1: error: unknown type name 'fsm_t'
   55 | fsm_t fsm;
      | ^~~~~
../Core/Src/main.c: In function 'main':
../Core/Src/main.c:38:28: error: passing argument 6 of 'FSM_init' makes pointer from integer without a cast [-Wint-conversion]
   38 | #define FSM_CYCLE_DURATION (10) //ogni 10 ms la funzione FSM_step viene chiamata
      |                            ^~~~
      |                            |
      |                            int
../Core/Src/main.c:115:69: note: in expansion of macro 'FSM_CYCLE_DURATION'
  115 |   if(FSM_init(&led_rosso, &led_giallo, &led_verde, &button, &timer, FSM_CYCLE_DURATION)!=FSM_OK){
      |                                                                     ^~~~~~~~~~~~~~~~~~
../Core/Inc/fsm_logic.h:17:115: note: expected 'timer_t *' {aka 'struct timer_s *'} but argument is of type 'int'
   17 | int8_t FSM_init(led_t* led_rosso, led_t* led_giallo, led_t* led_verde, button_t* button, timer_t* timer, timer_t* servo_timer, uint32_t cycle_duration);
      |                                                                                                          ~~~~~~~~~^~~~~~~~~~~
../Core/Src/main.c:115:6: error: too few arguments to function 'FSM_init'
  115 |   if(FSM_init(&led_rosso, &led_giallo, &led_verde, &button, &timer, FSM_CYCLE_DURATION)!=FSM_OK){
      |      ^~~~~~~~
../Core/Inc/fsm_logic.h:17:8: note: declared here
   17 | int8_t FSM_init(led_t* led_rosso, led_t* led_giallo, led_t* led_verde, button_t* button, timer_t* timer, timer_t* servo_timer, uint32_t cycle_duration);
      |        ^~~~~~~~
../Core/Src/fsm_logic.c: In function 'FSM_update_state':
../Core/Src/fsm_logic.c:158:28: error: implicit declaration of function 'FSM_incative' [-Wimplicit-function-declaration]
  158 |                         if(FSM_incative()==FSM_OK){
      |                            ^~~~~~~~~~~~
make: *** [Core/Src/subdir.mk:55: Core/Src/main.o] Error 1
make: *** Waiting for unfinished jobs....
../Core/Src/fsm_logic.c:163:29: error: implicit declaration of function 'FSM_verde_on' [-Wimplicit-function-declaration]
  163 |                         if (FSM_verde_on() == FSM_OK) {
      |                             ^~~~~~~~~~~~
../Core/Src/fsm_logic.c:168:29: error: implicit declaration of function 'FSM_giallo_on' [-Wimplicit-function-declaration]
  168 |                         if (FSM_giallo_on() == FSM_OK) {
      |                             ^~~~~~~~~~~~~
../Core/Src/fsm_logic.c:173:17: error: duplicate case value
  173 |                 case VERDE_ON:
      |                 ^~~~
../Core/Src/fsm_logic.c:162:17: note: previously used here
  162 |                 case VERDE_ON:
      |                 ^~~~
../Core/Src/fsm_logic.c: At top level:
../Core/Src/fsm_logic.c:185:15: error: conflicting types for 'FSM_incative'; have 'int8_t()' {aka 'signed char()'}
  185 | static int8_t FSM_incative(){
      |               ^~~~~~~~~~~~
../Core/Src/fsm_logic.c:158:28: note: previous implicit declaration of 'FSM_incative' with type 'int()'
  158 |                         if(FSM_incative()==FSM_OK){
      |                            ^~~~~~~~~~~~
../Core/Src/fsm_logic.c: In function 'FSM_incative':
../Core/Src/fsm_logic.c:186:16: warning: variable 'res' set but not used [-Wunused-but-set-variable]
  186 |         int8_t res=FSM_ERR;
      |                ^~~
../Core/Src/fsm_logic.c:208:1: warning: no return statement in function returning non-void [-Wreturn-type]
  208 | }
      | ^
../Core/Src/fsm_logic.c: At top level:
../Core/Src/fsm_logic.c:185:15: warning: 'FSM_incative' defined but not used [-Wunused-function]
  185 | static int8_t FSM_incative(){
      |               ^~~~~~~~~~~~
make: *** [Core/Src/subdir.mk:55: Core/Src/fsm_logic.o] Error 1
"make -j14 all" terminated with exit code 2. Build might be incomplete.
20:06:53 **** Incremental Build of configuration Debug for project lanternasemaforicaconServoMotore ****
make -j14 all 
arm-none-eabi-gcc "../Core/Src/fsm_logic.c" -mcpu=cortex-m4 -std=gnu11 -g3 -DDEBUG -DUSE_HAL_DRIVER -DSTM32G474xx -c -I../Core/Inc -I../Drivers/STM32G4xx_HAL_Driver/Inc -I../Drivers/STM32G4xx_HAL_Driver/Inc/Legacy -I../Drivers/CMSIS/Device/ST/STM32G4xx/Include -I../Drivers/CMSIS/Include -O0 -ffunction-sections -fdata-sections -Wall -fstack-usage -fcyclomatic-complexity -MMD -MP -MF"Core/Src/fsm_logic.d" -MT"Core/Src/fsm_logic.o" --specs=nano.specs -mfpu=fpv4-sp-d16 -mfloat-abi=hard -mthumb -o "Core/Src/fsm_logic.o"
arm-none-eabi-gcc "../Core/Src/main.c" -mcpu=cortex-m4 -std=gnu11 -g3 -DDEBUG -DUSE_HAL_DRIVER -DSTM32G474xx -c -I../Core/Inc -I../Drivers/STM32G4xx_HAL_Driver/Inc -I../Drivers/STM32G4xx_HAL_Driver/Inc/Legacy -I../Drivers/CMSIS/Device/ST/STM32G4xx/Include -I../Drivers/CMSIS/Include -O0 -ffunction-sections -fdata-sections -Wall -fstack-usage -fcyclomatic-complexity -MMD -MP -MF"Core/Src/main.d" -MT"Core/Src/main.o" --specs=nano.specs -mfpu=fpv4-sp-d16 -mfloat-abi=hard -mthumb -o "Core/Src/main.o"
../Core/Src/main.c:38:9: warning: "FSM_CYCLE_DURATION" redefined
   38 | #define FSM_CYCLE_DURATION (10) //ogni 10 ms la funzione FSM_step viene chiamata
      |         ^~~~~~~~~~~~~~~~~~
In file included from ../Core/Src/main.c:27:
../Core/Inc/fsm_logic.h:12:9: note: this is the location of the previous definition
   12 | #define FSM_CYCLE_DURATION              (100) //milliseconds
      |         ^~~~~~~~~~~~~~~~~~
../Core/Src/main.c:55:1: error: unknown type name 'fsm_t'
   55 | fsm_t fsm;
      | ^~~~~
../Core/Src/main.c: In function 'main':
../Core/Src/main.c:38:28: error: passing argument 6 of 'FSM_init' makes pointer from integer without a cast [-Wint-conversion]
   38 | #define FSM_CYCLE_DURATION (10) //ogni 10 ms la funzione FSM_step viene chiamata
      |                            ^~~~
      |                            |
      |                            int
../Core/Src/main.c:115:69: note: in expansion of macro 'FSM_CYCLE_DURATION'
  115 |   if(FSM_init(&led_rosso, &led_giallo, &led_verde, &button, &timer, FSM_CYCLE_DURATION)!=FSM_OK){
      |                                                                     ^~~~~~~~~~~~~~~~~~
../Core/Inc/fsm_logic.h:17:115: note: expected 'timer_t *' {aka 'struct timer_s *'} but argument is of type 'int'
   17 | int8_t FSM_init(led_t* led_rosso, led_t* led_giallo, led_t* led_verde, button_t* button, timer_t* timer, timer_t* servo_timer, uint32_t cycle_duration);
      |                                                                                                          ~~~~~~~~~^~~~~~~~~~~
../Core/Src/main.c:115:6: error: too few arguments to function 'FSM_init'
  115 |   if(FSM_init(&led_rosso, &led_giallo, &led_verde, &button, &timer, FSM_CYCLE_DURATION)!=FSM_OK){
      |      ^~~~~~~~
../Core/Inc/fsm_logic.h:17:8: note: declared here
   17 | int8_t FSM_init(led_t* led_rosso, led_t* led_giallo, led_t* led_verde, button_t* button, timer_t* timer, timer_t* servo_timer, uint32_t cycle_duration);
      |        ^~~~~~~~
../Core/Src/fsm_logic.c: In function 'FSM_update_state':
../Core/Src/fsm_logic.c:158:28: error: implicit declaration of function 'FSM_incative' [-Wimplicit-function-declaration]
  158 |                         if(FSM_incative()==FSM_OK){
      |                            ^~~~~~~~~~~~
make: *** [Core/Src/subdir.mk:55: Core/Src/main.o] Error 1
make: *** Waiting for unfinished jobs....
../Core/Src/fsm_logic.c:163:29: error: implicit declaration of function 'FSM_verde_on' [-Wimplicit-function-declaration]
  163 |                         if (FSM_verde_on() == FSM_OK) {
      |                             ^~~~~~~~~~~~
../Core/Src/fsm_logic.c:168:29: error: implicit declaration of function 'FSM_giallo_on' [-Wimplicit-function-declaration]
  168 |                         if (FSM_giallo_on() == FSM_OK) {
      |                             ^~~~~~~~~~~~~
../Core/Src/fsm_logic.c:173:17: error: duplicate case value
  173 |                 case VERDE_ON:
      |                 ^~~~
../Core/Src/fsm_logic.c:162:17: note: previously used here
  162 |                 case VERDE_ON:
      |                 ^~~~
../Core/Src/fsm_logic.c: At top level:
../Core/Src/fsm_logic.c:185:15: error: conflicting types for 'FSM_incative'; have 'int8_t()' {aka 'signed char()'}
  185 | static int8_t FSM_incative(){
      |               ^~~~~~~~~~~~
../Core/Src/fsm_logic.c:158:28: note: previous implicit declaration of 'FSM_incative' with type 'int()'
  158 |                         if(FSM_incative()==FSM_OK){
      |                            ^~~~~~~~~~~~
../Core/Src/fsm_logic.c: In function 'FSM_incative':
../Core/Src/fsm_logic.c:186:16: warning: variable 'res' set but not used [-Wunused-but-set-variable]
  186 |         int8_t res=FSM_ERR;
      |                ^~~
../Core/Src/fsm_logic.c:208:1: warning: no return statement in function returning non-void [-Wreturn-type]
  208 | }
      | ^
../Core/Src/fsm_logic.c: At top level:
../Core/Src/fsm_logic.c:185:15: warning: 'FSM_incative' defined but not used [-Wunused-function]
  185 | static int8_t FSM_incative(){
      |               ^~~~~~~~~~~~
make: *** [Core/Src/subdir.mk:55: Core/Src/fsm_logic.o] Error 1
"make -j14 all" terminated with exit code 2. Build might be incomplete.
20:07:47 **** Incremental Build of configuration Debug for project lanternasemaforicaconServoMotore ****
make -j14 all 
arm-none-eabi-gcc "../Core/Src/fsm_logic.c" -mcpu=cortex-m4 -std=gnu11 -g3 -DDEBUG -DUSE_HAL_DRIVER -DSTM32G474xx -c -I../Core/Inc -I../Drivers/STM32G4xx_HAL_Driver/Inc -I../Drivers/STM32G4xx_HAL_Driver/Inc/Legacy -I../Drivers/CMSIS/Device/ST/STM32G4xx/Include -I../Drivers/CMSIS/Include -O0 -ffunction-sections -fdata-sections -Wall -fstack-usage -fcyclomatic-complexity -MMD -MP -MF"Core/Src/fsm_logic.d" -MT"Core/Src/fsm_logic.o" --specs=nano.specs -mfpu=fpv4-sp-d16 -mfloat-abi=hard -mthumb -o "Core/Src/fsm_logic.o"
arm-none-eabi-gcc "../Core/Src/main.c" -mcpu=cortex-m4 -std=gnu11 -g3 -DDEBUG -DUSE_HAL_DRIVER -DSTM32G474xx -c -I../Core/Inc -I../Drivers/STM32G4xx_HAL_Driver/Inc -I../Drivers/STM32G4xx_HAL_Driver/Inc/Legacy -I../Drivers/CMSIS/Device/ST/STM32G4xx/Include -I../Drivers/CMSIS/Include -O0 -ffunction-sections -fdata-sections -Wall -fstack-usage -fcyclomatic-complexity -MMD -MP -MF"Core/Src/main.d" -MT"Core/Src/main.o" --specs=nano.specs -mfpu=fpv4-sp-d16 -mfloat-abi=hard -mthumb -o "Core/Src/main.o"
../Core/Src/fsm_logic.c: In function 'FSM_update_state':
../Core/Src/fsm_logic.c:162:28: error: implicit declaration of function 'FSM_incative'; did you mean 'FSM_inactive'? [-Wimplicit-function-declaration]
  162 |                         if(FSM_incative()==FSM_OK){
      |                            ^~~~~~~~~~~~
      |                            FSM_inactive
../Core/Src/fsm_logic.c:177:17: error: duplicate case value
  177 |                 case VERDE_ON:
      |                 ^~~~
../Core/Src/fsm_logic.c:166:17: note: previously used here
  166 |                 case VERDE_ON:
      |                 ^~~~
../Core/Src/fsm_logic.c: At top level:
../Core/Src/fsm_logic.c:189:15: error: conflicting types for 'FSM_incative'; have 'int8_t()' {aka 'signed char()'}
  189 | static int8_t FSM_incative(){
      |               ^~~~~~~~~~~~
../Core/Src/fsm_logic.c:162:28: note: previous implicit declaration of 'FSM_incative' with type 'int()'
  162 |                         if(FSM_incative()==FSM_OK){
      |                            ^~~~~~~~~~~~
../Core/Src/fsm_logic.c: In function 'FSM_incative':
../Core/Src/fsm_logic.c:190:16: warning: variable 'res' set but not used [-Wunused-but-set-variable]
  190 |         int8_t res=FSM_ERR;
      |                ^~~
../Core/Src/main.c:38:9: warning: "FSM_CYCLE_DURATION" redefined
   38 | #define FSM_CYCLE_DURATION (10) //ogni 10 ms la funzione FSM_step viene chiamata
      |         ^~~~~~~~~~~~~~~~~~
../Core/Src/fsm_logic.c:212:1: warning: no return statement in function returning non-void [-Wreturn-type]
  212 | }
      | ^
In file included from ../Core/Src/main.c:27:
../Core/Inc/fsm_logic.h:12:9: note: this is the location of the previous definition
   12 | #define FSM_CYCLE_DURATION              (100) //milliseconds
      |         ^~~~~~~~~~~~~~~~~~
../Core/Src/main.c:55:1: error: unknown type name 'fsm_t'
   55 | fsm_t fsm;
      | ^~~~~
../Core/Src/main.c: In function 'main':
../Core/Src/main.c:38:28: error: passing argument 6 of 'FSM_init' makes pointer from integer without a cast [-Wint-conversion]
   38 | #define FSM_CYCLE_DURATION (10) //ogni 10 ms la funzione FSM_step viene chiamata
      |                            ^~~~
      |                            |
      |                            int
../Core/Src/main.c:115:69: note: in expansion of macro 'FSM_CYCLE_DURATION'
  115 |   if(FSM_init(&led_rosso, &led_giallo, &led_verde, &button, &timer, FSM_CYCLE_DURATION)!=FSM_OK){
      |                                                                     ^~~~~~~~~~~~~~~~~~
../Core/Inc/fsm_logic.h:17:115: note: expected 'timer_t *' {aka 'struct timer_s *'} but argument is of type 'int'
   17 | int8_t FSM_init(led_t* led_rosso, led_t* led_giallo, led_t* led_verde, button_t* button, timer_t* timer, timer_t* servo_timer, uint32_t cycle_duration);
      |                                                                                                          ~~~~~~~~~^~~~~~~~~~~
../Core/Src/fsm_logic.c: At top level:
../Core/Src/fsm_logic.c:69:15: warning: 'FSM_inactive' declared 'static' but never defined [-Wunused-function]
   69 | static int8_t FSM_inactive();
      |               ^~~~~~~~~~~~
../Core/Src/main.c:115:6: error: too few arguments to function 'FSM_init'
  115 |   if(FSM_init(&led_rosso, &led_giallo, &led_verde, &button, &timer, FSM_CYCLE_DURATION)!=FSM_OK){
      |      ^~~~~~~~
../Core/Src/fsm_logic.c:70:15: warning: 'FSM_verde_on' used but never defined
   70 | static int8_t FSM_verde_on();
      |               ^~~~~~~~~~~~
../Core/Src/fsm_logic.c:71:15: warning: 'FSM_giallo_on' used but never defined
   71 | static int8_t FSM_giallo_on();
      |               ^~~~~~~~~~~~~
../Core/Src/fsm_logic.c:72:15: warning: 'FSM_rosso_on' declared 'static' but never defined [-Wunused-function]
   72 | static int8_t FSM_rosso_on();
      |               ^~~~~~~~~~~~
../Core/Inc/fsm_logic.h:17:8: note: declared here
   17 | int8_t FSM_init(led_t* led_rosso, led_t* led_giallo, led_t* led_verde, button_t* button, timer_t* timer, timer_t* servo_timer, uint32_t cycle_duration);
      |        ^~~~~~~~
../Core/Src/fsm_logic.c:189:15: warning: 'FSM_incative' defined but not used [-Wunused-function]
  189 | static int8_t FSM_incative(){
      |               ^~~~~~~~~~~~
make: *** [Core/Src/subdir.mk:55: Core/Src/fsm_logic.o] Error 1
make: *** Waiting for unfinished jobs....
make: *** [Core/Src/subdir.mk:55: Core/Src/main.o] Error 1
"make -j14 all" terminated with exit code 2. Build might be incomplete.
20:08:36 **** Incremental Build of configuration Debug for project lanternasemaforicaconServoMotore ****
make -j14 all 
arm-none-eabi-gcc "../Core/Src/fsm_logic.c" -mcpu=cortex-m4 -std=gnu11 -g3 -DDEBUG -DUSE_HAL_DRIVER -DSTM32G474xx -c -I../Core/Inc -I../Drivers/STM32G4xx_HAL_Driver/Inc -I../Drivers/STM32G4xx_HAL_Driver/Inc/Legacy -I../Drivers/CMSIS/Device/ST/STM32G4xx/Include -I../Drivers/CMSIS/Include -O0 -ffunction-sections -fdata-sections -Wall -fstack-usage -fcyclomatic-complexity -MMD -MP -MF"Core/Src/fsm_logic.d" -MT"Core/Src/fsm_logic.o" --specs=nano.specs -mfpu=fpv4-sp-d16 -mfloat-abi=hard -mthumb -o "Core/Src/fsm_logic.o"
arm-none-eabi-gcc "../Core/Src/main.c" -mcpu=cortex-m4 -std=gnu11 -g3 -DDEBUG -DUSE_HAL_DRIVER -DSTM32G474xx -c -I../Core/Inc -I../Drivers/STM32G4xx_HAL_Driver/Inc -I../Drivers/STM32G4xx_HAL_Driver/Inc/Legacy -I../Drivers/CMSIS/Device/ST/STM32G4xx/Include -I../Drivers/CMSIS/Include -O0 -ffunction-sections -fdata-sections -Wall -fstack-usage -fcyclomatic-complexity -MMD -MP -MF"Core/Src/main.d" -MT"Core/Src/main.o" --specs=nano.specs -mfpu=fpv4-sp-d16 -mfloat-abi=hard -mthumb -o "Core/Src/main.o"
../Core/Src/fsm_logic.c: In function 'FSM_incative':
../Core/Src/fsm_logic.c:190:16: warning: variable 'res' set but not used [-Wunused-but-set-variable]
  190 |         int8_t res=FSM_ERR;
      |                ^~~
../Core/Src/fsm_logic.c:212:1: warning: no return statement in function returning non-void [-Wreturn-type]
  212 | }
      | ^
../Core/Src/fsm_logic.c: At top level:
../Core/Src/fsm_logic.c:69:15: warning: 'FSM_inactive' used but never defined
   69 | static int8_t FSM_inactive();
      |               ^~~~~~~~~~~~
../Core/Src/fsm_logic.c:70:15: warning: 'FSM_verde_on' used but never defined
   70 | static int8_t FSM_verde_on();
      |               ^~~~~~~~~~~~
../Core/Src/fsm_logic.c:71:15: warning: 'FSM_giallo_on' used but never defined
   71 | static int8_t FSM_giallo_on();
      |               ^~~~~~~~~~~~~
../Core/Src/fsm_logic.c:72:15: warning: 'FSM_rosso_on' declared 'static' but never defined [-Wunused-function]
   72 | static int8_t FSM_rosso_on();
      |               ^~~~~~~~~~~~
../Core/Src/fsm_logic.c:189:15: warning: 'FSM_incative' defined but not used [-Wunused-function]
  189 | static int8_t FSM_incative(){
      |               ^~~~~~~~~~~~
../Core/Src/main.c:38:9: warning: "FSM_CYCLE_DURATION" redefined
   38 | #define FSM_CYCLE_DURATION (10) //ogni 10 ms la funzione FSM_step viene chiamata
      |         ^~~~~~~~~~~~~~~~~~
In file included from ../Core/Src/main.c:27:
../Core/Inc/fsm_logic.h:12:9: note: this is the location of the previous definition
   12 | #define FSM_CYCLE_DURATION              (100) //milliseconds
      |         ^~~~~~~~~~~~~~~~~~
../Core/Src/main.c:55:1: error: unknown type name 'fsm_t'
   55 | fsm_t fsm;
      | ^~~~~
../Core/Src/main.c: In function 'main':
../Core/Src/main.c:38:28: error: passing argument 6 of 'FSM_init' makes pointer from integer without a cast [-Wint-conversion]
   38 | #define FSM_CYCLE_DURATION (10) //ogni 10 ms la funzione FSM_step viene chiamata
      |                            ^~~~
      |                            |
      |                            int
../Core/Src/main.c:115:69: note: in expansion of macro 'FSM_CYCLE_DURATION'
  115 |   if(FSM_init(&led_rosso, &led_giallo, &led_verde, &button, &timer, FSM_CYCLE_DURATION)!=FSM_OK){
      |                                                                     ^~~~~~~~~~~~~~~~~~
../Core/Inc/fsm_logic.h:17:115: note: expected 'timer_t *' {aka 'struct timer_s *'} but argument is of type 'int'
   17 | int8_t FSM_init(led_t* led_rosso, led_t* led_giallo, led_t* led_verde, button_t* button, timer_t* timer, timer_t* servo_timer, uint32_t cycle_duration);
      |                                                                                                          ~~~~~~~~~^~~~~~~~~~~
../Core/Src/main.c:115:6: error: too few arguments to function 'FSM_init'
  115 |   if(FSM_init(&led_rosso, &led_giallo, &led_verde, &button, &timer, FSM_CYCLE_DURATION)!=FSM_OK){
      |      ^~~~~~~~
../Core/Inc/fsm_logic.h:17:8: note: declared here
   17 | int8_t FSM_init(led_t* led_rosso, led_t* led_giallo, led_t* led_verde, button_t* button, timer_t* timer, timer_t* servo_timer, uint32_t cycle_duration);
      |        ^~~~~~~~
make: *** [Core/Src/subdir.mk:55: Core/Src/main.o] Error 1
make: *** Waiting for unfinished jobs....
"make -j14 all" terminated with exit code 2. Build might be incomplete.
20:09:01 **** Incremental Build of configuration Debug for project lanternasemaforicaconServoMotore ****
make -j14 all 
arm-none-eabi-gcc "../Core/Src/fsm_logic.c" -mcpu=cortex-m4 -std=gnu11 -g3 -DDEBUG -DUSE_HAL_DRIVER -DSTM32G474xx -c -I../Core/Inc -I../Drivers/STM32G4xx_HAL_Driver/Inc -I../Drivers/STM32G4xx_HAL_Driver/Inc/Legacy -I../Drivers/CMSIS/Device/ST/STM32G4xx/Include -I../Drivers/CMSIS/Include -O0 -ffunction-sections -fdata-sections -Wall -fstack-usage -fcyclomatic-complexity -MMD -MP -MF"Core/Src/fsm_logic.d" -MT"Core/Src/fsm_logic.o" --specs=nano.specs -mfpu=fpv4-sp-d16 -mfloat-abi=hard -mthumb -o "Core/Src/fsm_logic.o"
arm-none-eabi-gcc "../Core/Src/main.c" -mcpu=cortex-m4 -std=gnu11 -g3 -DDEBUG -DUSE_HAL_DRIVER -DSTM32G474xx -c -I../Core/Inc -I../Drivers/STM32G4xx_HAL_Driver/Inc -I../Drivers/STM32G4xx_HAL_Driver/Inc/Legacy -I../Drivers/CMSIS/Device/ST/STM32G4xx/Include -I../Drivers/CMSIS/Include -O0 -ffunction-sections -fdata-sections -Wall -fstack-usage -fcyclomatic-complexity -MMD -MP -MF"Core/Src/main.d" -MT"Core/Src/main.o" --specs=nano.specs -mfpu=fpv4-sp-d16 -mfloat-abi=hard -mthumb -o "Core/Src/main.o"
../Core/Src/fsm_logic.c:69:15: warning: 'FSM_inactive' used but never defined
   69 | static int8_t FSM_inactive();
      |               ^~~~~~~~~~~~
../Core/Src/fsm_logic.c:70:15: warning: 'FSM_verde_on' used but never defined
   70 | static int8_t FSM_verde_on();
      |               ^~~~~~~~~~~~
../Core/Src/fsm_logic.c:71:15: warning: 'FSM_giallo_on' used but never defined
   71 | static int8_t FSM_giallo_on();
      |               ^~~~~~~~~~~~~
../Core/Src/fsm_logic.c:72:15: warning: 'FSM_rosso_on' declared 'static' but never defined [-Wunused-function]
   72 | static int8_t FSM_rosso_on();
      |               ^~~~~~~~~~~~
../Core/Src/fsm_logic.c:189:15: warning: 'FSM_incative' defined but not used [-Wunused-function]
  189 | static int8_t FSM_incative(){
      |               ^~~~~~~~~~~~
../Core/Src/main.c:38:9: warning: "FSM_CYCLE_DURATION" redefined
   38 | #define FSM_CYCLE_DURATION (10) //ogni 10 ms la funzione FSM_step viene chiamata
      |         ^~~~~~~~~~~~~~~~~~
In file included from ../Core/Src/main.c:27:
../Core/Inc/fsm_logic.h:12:9: note: this is the location of the previous definition
   12 | #define FSM_CYCLE_DURATION              (100) //milliseconds
      |         ^~~~~~~~~~~~~~~~~~
../Core/Src/main.c:55:1: error: unknown type name 'fsm_t'
   55 | fsm_t fsm;
      | ^~~~~
../Core/Src/main.c: In function 'main':
../Core/Src/main.c:38:28: error: passing argument 6 of 'FSM_init' makes pointer from integer without a cast [-Wint-conversion]
   38 | #define FSM_CYCLE_DURATION (10) //ogni 10 ms la funzione FSM_step viene chiamata
      |                            ^~~~
      |                            |
      |                            int
../Core/Src/main.c:115:69: note: in expansion of macro 'FSM_CYCLE_DURATION'
  115 |   if(FSM_init(&led_rosso, &led_giallo, &led_verde, &button, &timer, FSM_CYCLE_DURATION)!=FSM_OK){
      |                                                                     ^~~~~~~~~~~~~~~~~~
../Core/Inc/fsm_logic.h:17:115: note: expected 'timer_t *' {aka 'struct timer_s *'} but argument is of type 'int'
   17 | int8_t FSM_init(led_t* led_rosso, led_t* led_giallo, led_t* led_verde, button_t* button, timer_t* timer, timer_t* servo_timer, uint32_t cycle_duration);
      |                                                                                                          ~~~~~~~~~^~~~~~~~~~~
../Core/Src/main.c:115:6: error: too few arguments to function 'FSM_init'
  115 |   if(FSM_init(&led_rosso, &led_giallo, &led_verde, &button, &timer, FSM_CYCLE_DURATION)!=FSM_OK){
      |      ^~~~~~~~
../Core/Inc/fsm_logic.h:17:8: note: declared here
   17 | int8_t FSM_init(led_t* led_rosso, led_t* led_giallo, led_t* led_verde, button_t* button, timer_t* timer, timer_t* servo_timer, uint32_t cycle_duration);
      |        ^~~~~~~~
make: *** [Core/Src/subdir.mk:55: Core/Src/main.o] Error 1
make: *** Waiting for unfinished jobs....
"make -j14 all" terminated with exit code 2. Build might be incomplete.
20:09:40 **** Incremental Build of configuration Debug for project lanternasemaforicaconServoMotore ****
make -j14 all 
arm-none-eabi-gcc "../Core/Src/fsm_logic.c" -mcpu=cortex-m4 -std=gnu11 -g3 -DDEBUG -DUSE_HAL_DRIVER -DSTM32G474xx -c -I../Core/Inc -I../Drivers/STM32G4xx_HAL_Driver/Inc -I../Drivers/STM32G4xx_HAL_Driver/Inc/Legacy -I../Drivers/CMSIS/Device/ST/STM32G4xx/Include -I../Drivers/CMSIS/Include -O0 -ffunction-sections -fdata-sections -Wall -fstack-usage -fcyclomatic-complexity -MMD -MP -MF"Core/Src/fsm_logic.d" -MT"Core/Src/fsm_logic.o" --specs=nano.specs -mfpu=fpv4-sp-d16 -mfloat-abi=hard -mthumb -o "Core/Src/fsm_logic.o"
arm-none-eabi-gcc "../Core/Src/main.c" -mcpu=cortex-m4 -std=gnu11 -g3 -DDEBUG -DUSE_HAL_DRIVER -DSTM32G474xx -c -I../Core/Inc -I../Drivers/STM32G4xx_HAL_Driver/Inc -I../Drivers/STM32G4xx_HAL_Driver/Inc/Legacy -I../Drivers/CMSIS/Device/ST/STM32G4xx/Include -I../Drivers/CMSIS/Include -O0 -ffunction-sections -fdata-sections -Wall -fstack-usage -fcyclomatic-complexity -MMD -MP -MF"Core/Src/main.d" -MT"Core/Src/main.o" --specs=nano.specs -mfpu=fpv4-sp-d16 -mfloat-abi=hard -mthumb -o "Core/Src/main.o"
../Core/Src/fsm_logic.c:70:15: warning: 'FSM_verde_on' used but never defined
   70 | static int8_t FSM_verde_on();
      |               ^~~~~~~~~~~~
../Core/Src/fsm_logic.c:71:15: warning: 'FSM_giallo_on' used but never defined
   71 | static int8_t FSM_giallo_on();
      |               ^~~~~~~~~~~~~
../Core/Src/fsm_logic.c:72:15: warning: 'FSM_rosso_on' declared 'static' but never defined [-Wunused-function]
   72 | static int8_t FSM_rosso_on();
      |               ^~~~~~~~~~~~
../Core/Src/main.c:38:9: warning: "FSM_CYCLE_DURATION" redefined
   38 | #define FSM_CYCLE_DURATION (10) //ogni 10 ms la funzione FSM_step viene chiamata
      |         ^~~~~~~~~~~~~~~~~~
In file included from ../Core/Src/main.c:27:
../Core/Inc/fsm_logic.h:12:9: note: this is the location of the previous definition
   12 | #define FSM_CYCLE_DURATION              (100) //milliseconds
      |         ^~~~~~~~~~~~~~~~~~
../Core/Src/main.c:55:1: error: unknown type name 'fsm_t'
   55 | fsm_t fsm;
      | ^~~~~
../Core/Src/main.c: In function 'main':
../Core/Src/main.c:38:28: error: passing argument 6 of 'FSM_init' makes pointer from integer without a cast [-Wint-conversion]
   38 | #define FSM_CYCLE_DURATION (10) //ogni 10 ms la funzione FSM_step viene chiamata
      |                            ^~~~
      |                            |
      |                            int
../Core/Src/main.c:115:69: note: in expansion of macro 'FSM_CYCLE_DURATION'
  115 |   if(FSM_init(&led_rosso, &led_giallo, &led_verde, &button, &timer, FSM_CYCLE_DURATION)!=FSM_OK){
      |                                                                     ^~~~~~~~~~~~~~~~~~
../Core/Inc/fsm_logic.h:17:115: note: expected 'timer_t *' {aka 'struct timer_s *'} but argument is of type 'int'
   17 | int8_t FSM_init(led_t* led_rosso, led_t* led_giallo, led_t* led_verde, button_t* button, timer_t* timer, timer_t* servo_timer, uint32_t cycle_duration);
      |                                                                                                          ~~~~~~~~~^~~~~~~~~~~
../Core/Src/main.c:115:6: error: too few arguments to function 'FSM_init'
  115 |   if(FSM_init(&led_rosso, &led_giallo, &led_verde, &button, &timer, FSM_CYCLE_DURATION)!=FSM_OK){
      |      ^~~~~~~~
../Core/Inc/fsm_logic.h:17:8: note: declared here
   17 | int8_t FSM_init(led_t* led_rosso, led_t* led_giallo, led_t* led_verde, button_t* button, timer_t* timer, timer_t* servo_timer, uint32_t cycle_duration);
      |        ^~~~~~~~
make: *** [Core/Src/subdir.mk:55: Core/Src/main.o] Error 1
make: *** Waiting for unfinished jobs....
"make -j14 all" terminated with exit code 2. Build might be incomplete.
20:10:33 **** Incremental Build of configuration Debug for project lanternasemaforicaconServoMotore ****
make -j14 all 
arm-none-eabi-gcc "../Core/Src/main.c" -mcpu=cortex-m4 -std=gnu11 -g3 -DDEBUG -DUSE_HAL_DRIVER -DSTM32G474xx -c -I../Core/Inc -I../Drivers/STM32G4xx_HAL_Driver/Inc -I../Drivers/STM32G4xx_HAL_Driver/Inc/Legacy -I../Drivers/CMSIS/Device/ST/STM32G4xx/Include -I../Drivers/CMSIS/Include -O0 -ffunction-sections -fdata-sections -Wall -fstack-usage -fcyclomatic-complexity -MMD -MP -MF"Core/Src/main.d" -MT"Core/Src/main.o" --specs=nano.specs -mfpu=fpv4-sp-d16 -mfloat-abi=hard -mthumb -o "Core/Src/main.o"
../Core/Src/main.c:38:9: warning: "FSM_CYCLE_DURATION" redefined
   38 | #define FSM_CYCLE_DURATION (10) //ogni 10 ms la funzione FSM_step viene chiamata
      |         ^~~~~~~~~~~~~~~~~~
In file included from ../Core/Src/main.c:27:
../Core/Inc/fsm_logic.h:12:9: note: this is the location of the previous definition
   12 | #define FSM_CYCLE_DURATION              (100) //milliseconds
      |         ^~~~~~~~~~~~~~~~~~
../Core/Src/main.c:55:1: error: unknown type name 'fsm_t'
   55 | fsm_t fsm;
      | ^~~~~
../Core/Src/main.c: In function 'FSM_init':
../Core/Src/main.c:117:3: error: expected declaration specifiers before 'if'
  117 |   if(FSM_init(&led_rosso, &led_giallo, &led_verde, &button, &timer, &servo_timer , FSM_CYCLE_DURATION)!=FSM_OK){
      |   ^~
../Core/Src/main.c:120:3: error: expected declaration specifiers before 'if'
  120 |   if(timer_init(&timer, &htim6, clock_frequency)!=TIMER_OK){
      |   ^~
../Core/Src/main.c:123:3: error: expected declaration specifiers before 'if'
  123 |   if(timer_init(&servo_timer, &htim2, clock_frequency)!=TIMER_OK){
      |   ^~
../Core/Src/main.c:126:3: error: expected declaration specifiers before 'if'
  126 |   if(timer_start_pwm(&servo_timer, TIM_CHANNEL_1)!=TIMER_OK){
      |   ^~
../Core/Src/main.c:133:3: error: expected declaration specifiers before 'while'
  133 |   while (1)
      |   ^~~~~
../Core/Src/main.c:144:1: error: expected declaration specifiers before '}' token
  144 | }
      | ^
../Core/Src/main.c:151:1: error: expected '=', ',', ';', 'asm' or '__attribute__' before '{' token
  151 | {
      | ^
../Core/Src/main.c:195:1: error: expected '=', ',', ';', 'asm' or '__attribute__' before '{' token
  195 | {
      | ^
../Core/Src/main.c:221: error: expected '{' at end of input
../Core/Src/main.c:203:1: warning: no return statement in function returning non-void [-Wreturn-type]
  203 | }
      | ^
../Core/Src/main.c: In function 'main':
../Core/Src/main.c:203:1: error: expected declaration or statement at end of input
../Core/Src/main.c: At top level:
../Core/Src/main.c:115:10: warning: 'FSM_init' defined but not used [-Wunused-function]
  115 |   int8_t FSM_init(led_t* led_rosso, led_t* led_giallo, led_t* led_verde, button_t* button, timer_t* timer, timer_t* servo_timer, uint32_t cycle_duration)
      |          ^~~~~~~~
make: *** [Core/Src/subdir.mk:55: Core/Src/main.o] Error 1
"make -j14 all" terminated with exit code 2. Build might be incomplete.
20:10:38 **** Incremental Build of configuration Debug for project lanternasemaforicaconServoMotore ****
make -j14 all 
arm-none-eabi-gcc "../Core/Src/main.c" -mcpu=cortex-m4 -std=gnu11 -g3 -DDEBUG -DUSE_HAL_DRIVER -DSTM32G474xx -c -I../Core/Inc -I../Drivers/STM32G4xx_HAL_Driver/Inc -I../Drivers/STM32G4xx_HAL_Driver/Inc/Legacy -I../Drivers/CMSIS/Device/ST/STM32G4xx/Include -I../Drivers/CMSIS/Include -O0 -ffunction-sections -fdata-sections -Wall -fstack-usage -fcyclomatic-complexity -MMD -MP -MF"Core/Src/main.d" -MT"Core/Src/main.o" --specs=nano.specs -mfpu=fpv4-sp-d16 -mfloat-abi=hard -mthumb -o "Core/Src/main.o"
../Core/Src/main.c:38:9: warning: "FSM_CYCLE_DURATION" redefined
   38 | #define FSM_CYCLE_DURATION (10) //ogni 10 ms la funzione FSM_step viene chiamata
      |         ^~~~~~~~~~~~~~~~~~
In file included from ../Core/Src/main.c:27:
../Core/Inc/fsm_logic.h:12:9: note: this is the location of the previous definition
   12 | #define FSM_CYCLE_DURATION              (100) //milliseconds
      |         ^~~~~~~~~~~~~~~~~~
../Core/Src/main.c:55:1: error: unknown type name 'fsm_t'
   55 | fsm_t fsm;
      | ^~~~~
make: *** [Core/Src/subdir.mk:55: Core/Src/main.o] Error 1
"make -j14 all" terminated with exit code 2. Build might be incomplete.
20:11:02 **** Incremental Build of configuration Debug for project lanternasemaforicaconServoMotore ****
make -j14 all 
arm-none-eabi-gcc "../Core/Src/main.c" -mcpu=cortex-m4 -std=gnu11 -g3 -DDEBUG -DUSE_HAL_DRIVER -DSTM32G474xx -c -I../Core/Inc -I../Drivers/STM32G4xx_HAL_Driver/Inc -I../Drivers/STM32G4xx_HAL_Driver/Inc/Legacy -I../Drivers/CMSIS/Device/ST/STM32G4xx/Include -I../Drivers/CMSIS/Include -O0 -ffunction-sections -fdata-sections -Wall -fstack-usage -fcyclomatic-complexity -MMD -MP -MF"Core/Src/main.d" -MT"Core/Src/main.o" --specs=nano.specs -mfpu=fpv4-sp-d16 -mfloat-abi=hard -mthumb -o "Core/Src/main.o"
../Core/Src/main.c:54:1: error: unknown type name 'fsm_t'
   54 | fsm_t fsm;
      | ^~~~~
make: *** [Core/Src/subdir.mk:55: Core/Src/main.o] Error 1
"make -j14 all" terminated with exit code 2. Build might be incomplete.
20:12:00 **** Incremental Build of configuration Debug for project lanternasemaforicaconServoMotore ****
make -j14 all 
arm-none-eabi-gcc "../Core/Src/main.c" -mcpu=cortex-m4 -std=gnu11 -g3 -DDEBUG -DUSE_HAL_DRIVER -DSTM32G474xx -c -I../Core/Inc -I../Drivers/STM32G4xx_HAL_Driver/Inc -I../Drivers/STM32G4xx_HAL_Driver/Inc/Legacy -I../Drivers/CMSIS/Device/ST/STM32G4xx/Include -I../Drivers/CMSIS/Include -O0 -ffunction-sections -fdata-sections -Wall -fstack-usage -fcyclomatic-complexity -MMD -MP -MF"Core/Src/main.d" -MT"Core/Src/main.o" --specs=nano.specs -mfpu=fpv4-sp-d16 -mfloat-abi=hard -mthumb -o "Core/Src/main.o"
../Core/Src/main.c: In function 'main':
../Core/Src/main.c:132:18: error: 'fsm' undeclared (first use in this function)
  132 |     if(FSM_step(&fsm)!=FSM_OK){
      |                  ^~~
../Core/Src/main.c:132:18: note: each undeclared identifier is reported only once for each function it appears in
make: *** [Core/Src/subdir.mk:55: Core/Src/main.o] Error 1
"make -j14 all" terminated with exit code 2. Build might be incomplete.
20:13:00 **** Incremental Build of configuration Debug for project lanternasemaforicaconServoMotore ****
make -j14 all 
arm-none-eabi-gcc "../Core/Src/main.c" -mcpu=cortex-m4 -std=gnu11 -g3 -DDEBUG -DUSE_HAL_DRIVER -DSTM32G474xx -c -I../Core/Inc -I../Drivers/STM32G4xx_HAL_Driver/Inc -I../Drivers/STM32G4xx_HAL_Driver/Inc/Legacy -I../Drivers/CMSIS/Device/ST/STM32G4xx/Include -I../Drivers/CMSIS/Include -O0 -ffunction-sections -fdata-sections -Wall -fstack-usage -fcyclomatic-complexity -MMD -MP -MF"Core/Src/main.d" -MT"Core/Src/main.o" --specs=nano.specs -mfpu=fpv4-sp-d16 -mfloat-abi=hard -mthumb -o "Core/Src/main.o"
arm-none-eabi-gcc -o "lanternasemaforicaconServoMotore.elf" @"objects.list"   -mcpu=cortex-m4 -T"C:\Users\frank\Documents\Uni\Embedded\project location\fsm\lanternasemaforicaconServoMotore\lanternasemaforicaconServoMotore\STM32G474RETX_FLASH.ld" --specs=nosys.specs -Wl,-Map="lanternasemaforicaconServoMotore.map" -Wl,--gc-sections -static --specs=nano.specs -mfpu=fpv4-sp-d16 -mfloat-abi=hard -mthumb -Wl,--start-group -lc -lm -Wl,--end-group
C:/ST/STM32CubeIDE_2.1.1/STM32CubeIDE/plugins/com.st.stm32cube.ide.mcu.externaltools.gnu-tools-for-stm32.14.3.rel1.win32_1.0.100.202602081740/tools/bin/../lib/gcc/arm-none-eabi/14.3.1/../../../../arm-none-eabi/bin/ld.exe: ./Core/Src/fsm_logic.o: in function `FSM_update_state':
C:/Users/frank/Documents/Uni/Embedded/project location/fsm/lanternasemaforicaconServoMotore/lanternasemaforicaconServoMotore/Debug/../Core/Src/fsm_logic.c:167:(.text.FSM_update_state+0x38): undefined reference to `FSM_verde_on'
C:/ST/STM32CubeIDE_2.1.1/STM32CubeIDE/plugins/com.st.stm32cube.ide.mcu.externaltools.gnu-tools-for-stm32.14.3.rel1.win32_1.0.100.202602081740/tools/bin/../lib/gcc/arm-none-eabi/14.3.1/../../../../arm-none-eabi/bin/ld.exe: (FSM_verde_on): Unknown destination type (ARM/Thumb) in ./Core/Src/fsm_logic.o
C:/Users/frank/Documents/Uni/Embedded/project location/fsm/lanternasemaforicaconServoMotore/lanternasemaforicaconServoMotore/Debug/../Core/Src/fsm_logic.c:167:(.text.FSM_update_state+0x38): dangerous relocation: unsupported relocation
C:/ST/STM32CubeIDE_2.1.1/STM32CubeIDE/plugins/com.st.stm32cube.ide.mcu.externaltools.gnu-tools-for-stm32.14.3.rel1.win32_1.0.100.202602081740/tools/bin/../lib/gcc/arm-none-eabi/14.3.1/../../../../arm-none-eabi/bin/ld.exe: C:/Users/frank/Documents/Uni/Embedded/project location/fsm/lanternasemaforicaconServoMotore/lanternasemaforicaconServoMotore/Debug/../Core/Src/fsm_logic.c:172:(.text.FSM_update_state+0x48): undefined reference to `FSM_giallo_on'
C:/ST/STM32CubeIDE_2.1.1/STM32CubeIDE/plugins/com.st.stm32cube.ide.mcu.externaltools.gnu-tools-for-stm32.14.3.rel1.win32_1.0.100.202602081740/tools/bin/../lib/gcc/arm-none-eabi/14.3.1/../../../../arm-none-eabi/bin/ld.exe: (FSM_giallo_on): Unknown destination type (ARM/Thumb) in ./Core/Src/fsm_logic.o
C:/Users/frank/Documents/Uni/Embedded/project location/fsm/lanternasemaforicaconServoMotore/lanternasemaforicaconServoMotore/Debug/../Core/Src/fsm_logic.c:172:(.text.FSM_update_state+0x48): dangerous relocation: unsupported relocation
C:/ST/STM32CubeIDE_2.1.1/STM32CubeIDE/plugins/com.st.stm32cube.ide.mcu.externaltools.gnu-tools-for-stm32.14.3.rel1.win32_1.0.100.202602081740/tools/bin/../lib/gcc/arm-none-eabi/14.3.1/../../../../arm-none-eabi/bin/ld.exe: C:/Users/frank/Documents/Uni/Embedded/project location/fsm/lanternasemaforicaconServoMotore/lanternasemaforicaconServoMotore/Debug/../Core/Src/fsm_logic.c:178:(.text.FSM_update_state+0x58): undefined reference to `FSM_verde_on'
C:/ST/STM32CubeIDE_2.1.1/STM32CubeIDE/plugins/com.st.stm32cube.ide.mcu.externaltools.gnu-tools-for-stm32.14.3.rel1.win32_1.0.100.202602081740/tools/bin/../lib/gcc/arm-none-eabi/14.3.1/../../../../arm-none-eabi/bin/ld.exe: (FSM_verde_on): Unknown destination type (ARM/Thumb) in ./Core/Src/fsm_logic.o
C:/Users/frank/Documents/Uni/Embedded/project location/fsm/lanternasemaforicaconServoMotore/lanternasemaforicaconServoMotore/Debug/../Core/Src/fsm_logic.c:178:(.text.FSM_update_state+0x58): dangerous relocation: unsupported relocation
collect2.exe: error: ld returned 1 exit status
make: *** [makefile:64: lanternasemaforicaconServoMotore.elf] Error 1
"make -j14 all" terminated with exit code 2. Build might be incomplete.
20:13:12 **** Incremental Build of configuration Debug for project lanternasemaforicaconServoMotore ****
make -j14 all 
arm-none-eabi-gcc -o "lanternasemaforicaconServoMotore.elf" @"objects.list"   -mcpu=cortex-m4 -T"C:\Users\frank\Documents\Uni\Embedded\project location\fsm\lanternasemaforicaconServoMotore\lanternasemaforicaconServoMotore\STM32G474RETX_FLASH.ld" --specs=nosys.specs -Wl,-Map="lanternasemaforicaconServoMotore.map" -Wl,--gc-sections -static --specs=nano.specs -mfpu=fpv4-sp-d16 -mfloat-abi=hard -mthumb -Wl,--start-group -lc -lm -Wl,--end-group
C:/ST/STM32CubeIDE_2.1.1/STM32CubeIDE/plugins/com.st.stm32cube.ide.mcu.externaltools.gnu-tools-for-stm32.14.3.rel1.win32_1.0.100.202602081740/tools/bin/../lib/gcc/arm-none-eabi/14.3.1/../../../../arm-none-eabi/bin/ld.exe: ./Core/Src/fsm_logic.o: in function `FSM_update_state':
C:/Users/frank/Documents/Uni/Embedded/project location/fsm/lanternasemaforicaconServoMotore/lanternasemaforicaconServoMotore/Debug/../Core/Src/fsm_logic.c:167:(.text.FSM_update_state+0x38): undefined reference to `FSM_verde_on'
C:/ST/STM32CubeIDE_2.1.1/STM32CubeIDE/plugins/com.st.stm32cube.ide.mcu.externaltools.gnu-tools-for-stm32.14.3.rel1.win32_1.0.100.202602081740/tools/bin/../lib/gcc/arm-none-eabi/14.3.1/../../../../arm-none-eabi/bin/ld.exe: (FSM_verde_on): Unknown destination type (ARM/Thumb) in ./Core/Src/fsm_logic.o
C:/Users/frank/Documents/Uni/Embedded/project location/fsm/lanternasemaforicaconServoMotore/lanternasemaforicaconServoMotore/Debug/../Core/Src/fsm_logic.c:167:(.text.FSM_update_state+0x38): dangerous relocation: unsupported relocation
C:/ST/STM32CubeIDE_2.1.1/STM32CubeIDE/plugins/com.st.stm32cube.ide.mcu.externaltools.gnu-tools-for-stm32.14.3.rel1.win32_1.0.100.202602081740/tools/bin/../lib/gcc/arm-none-eabi/14.3.1/../../../../arm-none-eabi/bin/ld.exe: C:/Users/frank/Documents/Uni/Embedded/project location/fsm/lanternasemaforicaconServoMotore/lanternasemaforicaconServoMotore/Debug/../Core/Src/fsm_logic.c:172:(.text.FSM_update_state+0x48): undefined reference to `FSM_giallo_on'
C:/ST/STM32CubeIDE_2.1.1/STM32CubeIDE/plugins/com.st.stm32cube.ide.mcu.externaltools.gnu-tools-for-stm32.14.3.rel1.win32_1.0.100.202602081740/tools/bin/../lib/gcc/arm-none-eabi/14.3.1/../../../../arm-none-eabi/bin/ld.exe: (FSM_giallo_on): Unknown destination type (ARM/Thumb) in ./Core/Src/fsm_logic.o
C:/Users/frank/Documents/Uni/Embedded/project location/fsm/lanternasemaforicaconServoMotore/lanternasemaforicaconServoMotore/Debug/../Core/Src/fsm_logic.c:172:(.text.FSM_update_state+0x48): dangerous relocation: unsupported relocation
C:/ST/STM32CubeIDE_2.1.1/STM32CubeIDE/plugins/com.st.stm32cube.ide.mcu.externaltools.gnu-tools-for-stm32.14.3.rel1.win32_1.0.100.202602081740/tools/bin/../lib/gcc/arm-none-eabi/14.3.1/../../../../arm-none-eabi/bin/ld.exe: C:/Users/frank/Documents/Uni/Embedded/project location/fsm/lanternasemaforicaconServoMotore/lanternasemaforicaconServoMotore/Debug/../Core/Src/fsm_logic.c:178:(.text.FSM_update_state+0x58): undefined reference to `FSM_verde_on'
C:/ST/STM32CubeIDE_2.1.1/STM32CubeIDE/plugins/com.st.stm32cube.ide.mcu.externaltools.gnu-tools-for-stm32.14.3.rel1.win32_1.0.100.202602081740/tools/bin/../lib/gcc/arm-none-eabi/14.3.1/../../../../arm-none-eabi/bin/ld.exe: (FSM_verde_on): Unknown destination type (ARM/Thumb) in ./Core/Src/fsm_logic.o
C:/Users/frank/Documents/Uni/Embedded/project location/fsm/lanternasemaforicaconServoMotore/lanternasemaforicaconServoMotore/Debug/../Core/Src/fsm_logic.c:178:(.text.FSM_update_state+0x58): dangerous relocation: unsupported relocation
collect2.exe: error: ld returned 1 exit status
make: *** [makefile:64: lanternasemaforicaconServoMotore.elf] Error 1
"make -j14 all" terminated with exit code 2. Build might be incomplete.
20:56:34 **** Incremental Build of configuration Debug for project lanternasemaforicaconServoMotore ****
make -j14 all 
arm-none-eabi-gcc "../Core/Src/fsm_logic.c" -mcpu=cortex-m4 -std=gnu11 -g3 -DDEBUG -DUSE_HAL_DRIVER -DSTM32G474xx -c -I../Core/Inc -I../Drivers/STM32G4xx_HAL_Driver/Inc -I../Drivers/STM32G4xx_HAL_Driver/Inc/Legacy -I../Drivers/CMSIS/Device/ST/STM32G4xx/Include -I../Drivers/CMSIS/Include -O0 -ffunction-sections -fdata-sections -Wall -fstack-usage -fcyclomatic-complexity -MMD -MP -MF"Core/Src/fsm_logic.d" -MT"Core/Src/fsm_logic.o" --specs=nano.specs -mfpu=fpv4-sp-d16 -mfloat-abi=hard -mthumb -o "Core/Src/fsm_logic.o"
../Core/Src/fsm_logic.c: In function 'FSM_verde_on':
../Core/Src/fsm_logic.c:216:1: warning: no return statement in function returning non-void [-Wreturn-type]
  216 | }
      | ^
../Core/Src/fsm_logic.c: In function 'FSM_giallo_on':
../Core/Src/fsm_logic.c:219:1: warning: no return statement in function returning non-void [-Wreturn-type]
  219 | }
      | ^
../Core/Src/fsm_logic.c: In function 'FSM_rosso_on':
../Core/Src/fsm_logic.c:222:1: warning: no return statement in function returning non-void [-Wreturn-type]
  222 | }
      | ^
arm-none-eabi-gcc -o "lanternasemaforicaconServoMotore.elf" @"objects.list"   -mcpu=cortex-m4 -T"C:\Users\frank\Documents\Uni\Embedded\project location\fsm\lanternasemaforicaconServoMotore\lanternasemaforicaconServoMotore\STM32G474RETX_FLASH.ld" --specs=nosys.specs -Wl,-Map="lanternasemaforicaconServoMotore.map" -Wl,--gc-sections -static --specs=nano.specs -mfpu=fpv4-sp-d16 -mfloat-abi=hard -mthumb -Wl,--start-group -lc -lm -Wl,--end-group
Finished building target: lanternasemaforicaconServoMotore.elf
 
arm-none-eabi-size  lanternasemaforicaconServoMotore.elf 
arm-none-eabi-objdump -h -S lanternasemaforicaconServoMotore.elf  > "lanternasemaforicaconServoMotore.list"
   text	   data	    bss	    dec	    hex	filename
  15756	     12	   1852	  17620	   44d4	lanternasemaforicaconServoMotore.elf
Finished building: default.size.stdout
 
Finished building: lanternasemaforicaconServoMotore.list
 
20:57:25 **** Incremental Build of configuration Debug for project lanternasemaforicaconServoMotore ****
make -j14 all 
arm-none-eabi-gcc "../Core/Src/main.c" -mcpu=cortex-m4 -std=gnu11 -g3 -DDEBUG -DUSE_HAL_DRIVER -DSTM32G474xx -c -I../Core/Inc -I../Drivers/STM32G4xx_HAL_Driver/Inc -I../Drivers/STM32G4xx_HAL_Driver/Inc/Legacy -I../Drivers/CMSIS/Device/ST/STM32G4xx/Include -I../Drivers/CMSIS/Include -O0 -ffunction-sections -fdata-sections -Wall -fstack-usage -fcyclomatic-complexity -MMD -MP -MF"Core/Src/main.d" -MT"Core/Src/main.o" --specs=nano.specs -mfpu=fpv4-sp-d16 -mfloat-abi=hard -mthumb -o "Core/Src/main.o"
arm-none-eabi-gcc -o "lanternasemaforicaconServoMotore.elf" @"objects.list"   -mcpu=cortex-m4 -T"C:\Users\frank\Documents\Uni\Embedded\project location\fsm\lanternasemaforicaconServoMotore\lanternasemaforicaconServoMotore\STM32G474RETX_FLASH.ld" --specs=nosys.specs -Wl,-Map="lanternasemaforicaconServoMotore.map" -Wl,--gc-sections -static --specs=nano.specs -mfpu=fpv4-sp-d16 -mfloat-abi=hard -mthumb -Wl,--start-group -lc -lm -Wl,--end-group
Finished building target: lanternasemaforicaconServoMotore.elf
 
arm-none-eabi-size  lanternasemaforicaconServoMotore.elf 
arm-none-eabi-objdump -h -S lanternasemaforicaconServoMotore.elf  > "lanternasemaforicaconServoMotore.list"
   text	   data	    bss	    dec	    hex	filename
  13104	     12	   1852	  14968	   3a78	lanternasemaforicaconServoMotore.elf
Finished building: default.size.stdout
 
Finished building: lanternasemaforicaconServoMotore.list
 
20:59:02 **** Incremental Build of configuration Debug for project lanternasemaforicaconServoMotore ****
make -j14 all 
arm-none-eabi-gcc "../Core/Src/main.c" -mcpu=cortex-m4 -std=gnu11 -g3 -DDEBUG -DUSE_HAL_DRIVER -DSTM32G474xx -c -I../Core/Inc -I../Drivers/STM32G4xx_HAL_Driver/Inc -I../Drivers/STM32G4xx_HAL_Driver/Inc/Legacy -I../Drivers/CMSIS/Device/ST/STM32G4xx/Include -I../Drivers/CMSIS/Include -O0 -ffunction-sections -fdata-sections -Wall -fstack-usage -fcyclomatic-complexity -MMD -MP -MF"Core/Src/main.d" -MT"Core/Src/main.o" --specs=nano.specs -mfpu=fpv4-sp-d16 -mfloat-abi=hard -mthumb -o "Core/Src/main.o"
arm-none-eabi-gcc -o "lanternasemaforicaconServoMotore.elf" @"objects.list"   -mcpu=cortex-m4 -T"C:\Users\frank\Documents\Uni\Embedded\project location\fsm\lanternasemaforicaconServoMotore\lanternasemaforicaconServoMotore\STM32G474RETX_FLASH.ld" --specs=nosys.specs -Wl,-Map="lanternasemaforicaconServoMotore.map" -Wl,--gc-sections -static --specs=nano.specs -mfpu=fpv4-sp-d16 -mfloat-abi=hard -mthumb -Wl,--start-group -lc -lm -Wl,--end-group
Finished building target: lanternasemaforicaconServoMotore.elf
 
arm-none-eabi-size  lanternasemaforicaconServoMotore.elf 
arm-none-eabi-objdump -h -S lanternasemaforicaconServoMotore.elf  > "lanternasemaforicaconServoMotore.list"
   text	   data	    bss	    dec	    hex	filename
  15756	     12	   1852	  17620	   44d4	lanternasemaforicaconServoMotore.elf
Finished building: default.size.stdout
 
Finished building: lanternasemaforicaconServoMotore.list
 
21:01:17 **** Incremental Build of configuration Debug for project lanternasemaforicaconServoMotore ****
make -j14 all 
arm-none-eabi-gcc "../Core/Src/fsm_logic.c" -mcpu=cortex-m4 -std=gnu11 -g3 -DDEBUG -DUSE_HAL_DRIVER -DSTM32G474xx -c -I../Core/Inc -I../Drivers/STM32G4xx_HAL_Driver/Inc -I../Drivers/STM32G4xx_HAL_Driver/Inc/Legacy -I../Drivers/CMSIS/Device/ST/STM32G4xx/Include -I../Drivers/CMSIS/Include -O0 -ffunction-sections -fdata-sections -Wall -fstack-usage -fcyclomatic-complexity -MMD -MP -MF"Core/Src/fsm_logic.d" -MT"Core/Src/fsm_logic.o" --specs=nano.specs -mfpu=fpv4-sp-d16 -mfloat-abi=hard -mthumb -o "Core/Src/fsm_logic.o"
../Core/Src/fsm_logic.c: In function 'FSM_verde_on':
../Core/Src/fsm_logic.c:216:1: warning: no return statement in function returning non-void [-Wreturn-type]
  216 | }
      | ^
../Core/Src/fsm_logic.c: In function 'FSM_giallo_on':
../Core/Src/fsm_logic.c:219:1: warning: no return statement in function returning non-void [-Wreturn-type]
  219 | }
      | ^
../Core/Src/fsm_logic.c: In function 'FSM_rosso_on':
../Core/Src/fsm_logic.c:222:1: warning: no return statement in function returning non-void [-Wreturn-type]
  222 | }
      | ^
arm-none-eabi-gcc -o "lanternasemaforicaconServoMotore.elf" @"objects.list"   -mcpu=cortex-m4 -T"C:\Users\frank\Documents\Uni\Embedded\project location\fsm\lanternasemaforicaconServoMotore\lanternasemaforicaconServoMotore\STM32G474RETX_FLASH.ld" --specs=nosys.specs -Wl,-Map="lanternasemaforicaconServoMotore.map" -Wl,--gc-sections -static --specs=nano.specs -mfpu=fpv4-sp-d16 -mfloat-abi=hard -mthumb -Wl,--start-group -lc -lm -Wl,--end-group
Finished building target: lanternasemaforicaconServoMotore.elf
 
arm-none-eabi-size  lanternasemaforicaconServoMotore.elf 
arm-none-eabi-objdump -h -S lanternasemaforicaconServoMotore.elf  > "lanternasemaforicaconServoMotore.list"
   text	   data	    bss	    dec	    hex	filename
  15760	     12	   1852	  17624	   44d8	lanternasemaforicaconServoMotore.elf
Finished building: default.size.stdout
 
Finished building: lanternasemaforicaconServoMotore.list
 
21:01:32 **** Incremental Build of configuration Debug for project lanternasemaforicaconServoMotore ****
make -j14 all 
arm-none-eabi-gcc "../Core/Src/fsm_logic.c" -mcpu=cortex-m4 -std=gnu11 -g3 -DDEBUG -DUSE_HAL_DRIVER -DSTM32G474xx -c -I../Core/Inc -I../Drivers/STM32G4xx_HAL_Driver/Inc -I../Drivers/STM32G4xx_HAL_Driver/Inc/Legacy -I../Drivers/CMSIS/Device/ST/STM32G4xx/Include -I../Drivers/CMSIS/Include -O0 -ffunction-sections -fdata-sections -Wall -fstack-usage -fcyclomatic-complexity -MMD -MP -MF"Core/Src/fsm_logic.d" -MT"Core/Src/fsm_logic.o" --specs=nano.specs -mfpu=fpv4-sp-d16 -mfloat-abi=hard -mthumb -o "Core/Src/fsm_logic.o"
../Core/Src/fsm_logic.c: In function 'FSM_inactive':
../Core/Src/fsm_logic.c:214:15: error: invalid storage class for function 'FSM_verde_on'
  214 | static int8_t FSM_verde_on(){
      |               ^~~~~~~~~~~~
../Core/Src/fsm_logic.c: In function 'FSM_verde_on':
../Core/Src/fsm_logic.c:215:1: warning: no return statement in function returning non-void [-Wreturn-type]
  215 | }
      | ^
../Core/Src/fsm_logic.c: In function 'FSM_inactive':
../Core/Src/fsm_logic.c:217:15: error: invalid storage class for function 'FSM_giallo_on'
  217 | static int8_t FSM_giallo_on(){
      |               ^~~~~~~~~~~~~
../Core/Src/fsm_logic.c: In function 'FSM_giallo_on':
../Core/Src/fsm_logic.c:218:1: warning: no return statement in function returning non-void [-Wreturn-type]
  218 | }
      | ^
../Core/Src/fsm_logic.c: In function 'FSM_inactive':
../Core/Src/fsm_logic.c:220:15: error: invalid storage class for function 'FSM_rosso_on'
  220 | static int8_t FSM_rosso_on(){
      |               ^~~~~~~~~~~~
../Core/Src/fsm_logic.c: In function 'FSM_rosso_on':
../Core/Src/fsm_logic.c:221:1: warning: no return statement in function returning non-void [-Wreturn-type]
  221 | }
      | ^
../Core/Src/fsm_logic.c: In function 'FSM_inactive':
../Core/Src/fsm_logic.c:221:1: error: expected declaration or statement at end of input
../Core/Src/fsm_logic.c: At top level:
../Core/Src/fsm_logic.c:70:15: warning: 'FSM_verde_on' used but never defined
   70 | static int8_t FSM_verde_on();
      |               ^~~~~~~~~~~~
../Core/Src/fsm_logic.c:71:15: warning: 'FSM_giallo_on' used but never defined
   71 | static int8_t FSM_giallo_on();
      |               ^~~~~~~~~~~~~
../Core/Src/fsm_logic.c:72:15: warning: 'FSM_rosso_on' used but never defined
   72 | static int8_t FSM_rosso_on();
      |               ^~~~~~~~~~~~
../Core/Src/fsm_logic.c: In function 'FSM_inactive':
../Core/Src/fsm_logic.c:227: warning: control reaches end of non-void function [-Wreturn-type]
../Core/Src/fsm_logic.c: At top level:
../Core/Src/fsm_logic.c:220:15: warning: 'FSM_rosso_on' defined but not used [-Wunused-function]
  220 | static int8_t FSM_rosso_on(){
      |               ^~~~~~~~~~~~
../Core/Src/fsm_logic.c:217:15: warning: 'FSM_giallo_on' defined but not used [-Wunused-function]
  217 | static int8_t FSM_giallo_on(){
      |               ^~~~~~~~~~~~~
../Core/Src/fsm_logic.c:214:15: warning: 'FSM_verde_on' defined but not used [-Wunused-function]
  214 | static int8_t FSM_verde_on(){
      |               ^~~~~~~~~~~~
make: *** [Core/Src/subdir.mk:55: Core/Src/fsm_logic.o] Error 1
"make -j14 all" terminated with exit code 2. Build might be incomplete.
21:02:17 **** Incremental Build of configuration Debug for project lanternasemaforicaconServoMotore ****
make -j14 all 
arm-none-eabi-gcc "../Core/Src/fsm_logic.c" -mcpu=cortex-m4 -std=gnu11 -g3 -DDEBUG -DUSE_HAL_DRIVER -DSTM32G474xx -c -I../Core/Inc -I../Drivers/STM32G4xx_HAL_Driver/Inc -I../Drivers/STM32G4xx_HAL_Driver/Inc/Legacy -I../Drivers/CMSIS/Device/ST/STM32G4xx/Include -I../Drivers/CMSIS/Include -O0 -ffunction-sections -fdata-sections -Wall -fstack-usage -fcyclomatic-complexity -MMD -MP -MF"Core/Src/fsm_logic.d" -MT"Core/Src/fsm_logic.o" --specs=nano.specs -mfpu=fpv4-sp-d16 -mfloat-abi=hard -mthumb -o "Core/Src/fsm_logic.o"
../Core/Src/fsm_logic.c: In function 'FSM_verde_on':
../Core/Src/fsm_logic.c:217:1: warning: no return statement in function returning non-void [-Wreturn-type]
  217 | }
      | ^
../Core/Src/fsm_logic.c: In function 'FSM_giallo_on':
../Core/Src/fsm_logic.c:220:1: warning: no return statement in function returning non-void [-Wreturn-type]
  220 | }
      | ^
../Core/Src/fsm_logic.c: In function 'FSM_rosso_on':
../Core/Src/fsm_logic.c:223:1: warning: no return statement in function returning non-void [-Wreturn-type]
  223 | }
      | ^
arm-none-eabi-gcc -o "lanternasemaforicaconServoMotore.elf" @"objects.list"   -mcpu=cortex-m4 -T"C:\Users\frank\Documents\Uni\Embedded\project location\fsm\lanternasemaforicaconServoMotore\lanternasemaforicaconServoMotore\STM32G474RETX_FLASH.ld" --specs=nosys.specs -Wl,-Map="lanternasemaforicaconServoMotore.map" -Wl,--gc-sections -static --specs=nano.specs -mfpu=fpv4-sp-d16 -mfloat-abi=hard -mthumb -Wl,--start-group -lc -lm -Wl,--end-group
Finished building target: lanternasemaforicaconServoMotore.elf
 
arm-none-eabi-size  lanternasemaforicaconServoMotore.elf 
arm-none-eabi-objdump -h -S lanternasemaforicaconServoMotore.elf  > "lanternasemaforicaconServoMotore.list"
   text	   data	    bss	    dec	    hex	filename
  15760	     12	   1852	  17624	   44d8	lanternasemaforicaconServoMotore.elf
Finished building: default.size.stdout
 
Finished building: lanternasemaforicaconServoMotore.list
 
21:03:27 **** Incremental Build of configuration Debug for project lanternasemaforicaconServoMotore ****
make -j14 all 
arm-none-eabi-gcc "../Core/Src/fsm_logic.c" -mcpu=cortex-m4 -std=gnu11 -g3 -DDEBUG -DUSE_HAL_DRIVER -DSTM32G474xx -c -I../Core/Inc -I../Drivers/STM32G4xx_HAL_Driver/Inc -I../Drivers/STM32G4xx_HAL_Driver/Inc/Legacy -I../Drivers/CMSIS/Device/ST/STM32G4xx/Include -I../Drivers/CMSIS/Include -O0 -ffunction-sections -fdata-sections -Wall -fstack-usage -fcyclomatic-complexity -MMD -MP -MF"Core/Src/fsm_logic.d" -MT"Core/Src/fsm_logic.o" --specs=nano.specs -mfpu=fpv4-sp-d16 -mfloat-abi=hard -mthumb -o "Core/Src/fsm_logic.o"
arm-none-eabi-gcc "../Core/Src/main.c" -mcpu=cortex-m4 -std=gnu11 -g3 -DDEBUG -DUSE_HAL_DRIVER -DSTM32G474xx -c -I../Core/Inc -I../Drivers/STM32G4xx_HAL_Driver/Inc -I../Drivers/STM32G4xx_HAL_Driver/Inc/Legacy -I../Drivers/CMSIS/Device/ST/STM32G4xx/Include -I../Drivers/CMSIS/Include -O0 -ffunction-sections -fdata-sections -Wall -fstack-usage -fcyclomatic-complexity -MMD -MP -MF"Core/Src/main.d" -MT"Core/Src/main.o" --specs=nano.specs -mfpu=fpv4-sp-d16 -mfloat-abi=hard -mthumb -o "Core/Src/main.o"
../Core/Src/fsm_logic.c: In function 'FSM_verde_on':
../Core/Src/fsm_logic.c:217:1: warning: no return statement in function returning non-void [-Wreturn-type]
  217 | }
      | ^
../Core/Src/fsm_logic.c: In function 'FSM_giallo_on':
../Core/Src/fsm_logic.c:220:1: warning: no return statement in function returning non-void [-Wreturn-type]
  220 | }
      | ^
../Core/Src/fsm_logic.c: In function 'FSM_rosso_on':
../Core/Src/fsm_logic.c:223:1: warning: no return statement in function returning non-void [-Wreturn-type]
  223 | }
      | ^
arm-none-eabi-gcc -o "lanternasemaforicaconServoMotore.elf" @"objects.list"   -mcpu=cortex-m4 -T"C:\Users\frank\Documents\Uni\Embedded\project location\fsm\lanternasemaforicaconServoMotore\lanternasemaforicaconServoMotore\STM32G474RETX_FLASH.ld" --specs=nosys.specs -Wl,-Map="lanternasemaforicaconServoMotore.map" -Wl,--gc-sections -static --specs=nano.specs -mfpu=fpv4-sp-d16 -mfloat-abi=hard -mthumb -Wl,--start-group -lc -lm -Wl,--end-group
Finished building target: lanternasemaforicaconServoMotore.elf
 
arm-none-eabi-size  lanternasemaforicaconServoMotore.elf 
arm-none-eabi-objdump -h -S lanternasemaforicaconServoMotore.elf  > "lanternasemaforicaconServoMotore.list"
   text	   data	    bss	    dec	    hex	filename
  15768	     12	   1852	  17632	   44e0	lanternasemaforicaconServoMotore.elf
Finished building: default.size.stdout
 
Finished building: lanternasemaforicaconServoMotore.list
 
21:10:19 **** Incremental Build of configuration Debug for project lanternasemaforicaconServoMotore ****
make -j14 all 
arm-none-eabi-gcc "../Core/Src/fsm_logic.c" -mcpu=cortex-m4 -std=gnu11 -g3 -DDEBUG -DUSE_HAL_DRIVER -DSTM32G474xx -c -I../Core/Inc -I../Drivers/STM32G4xx_HAL_Driver/Inc -I../Drivers/STM32G4xx_HAL_Driver/Inc/Legacy -I../Drivers/CMSIS/Device/ST/STM32G4xx/Include -I../Drivers/CMSIS/Include -O0 -ffunction-sections -fdata-sections -Wall -fstack-usage -fcyclomatic-complexity -MMD -MP -MF"Core/Src/fsm_logic.d" -MT"Core/Src/fsm_logic.o" --specs=nano.specs -mfpu=fpv4-sp-d16 -mfloat-abi=hard -mthumb -o "Core/Src/fsm_logic.o"
../Core/Src/fsm_logic.c: In function 'HAL_TIM_PeriodElapsedCallback':
../Core/Src/fsm_logic.c:308:21: warning: comparison of distinct pointer types lacks a cast [-Wcompare-distinct-pointer-types]
  308 |         if(fsm.timer==handler){
      |                     ^~
arm-none-eabi-gcc -o "lanternasemaforicaconServoMotore.elf" @"objects.list"   -mcpu=cortex-m4 -T"C:\Users\frank\Documents\Uni\Embedded\project location\fsm\lanternasemaforicaconServoMotore\lanternasemaforicaconServoMotore\STM32G474RETX_FLASH.ld" --specs=nosys.specs -Wl,-Map="lanternasemaforicaconServoMotore.map" -Wl,--gc-sections -static --specs=nano.specs -mfpu=fpv4-sp-d16 -mfloat-abi=hard -mthumb -Wl,--start-group -lc -lm -Wl,--end-group
Finished building target: lanternasemaforicaconServoMotore.elf
 
arm-none-eabi-size  lanternasemaforicaconServoMotore.elf 
arm-none-eabi-objdump -h -S lanternasemaforicaconServoMotore.elf  > "lanternasemaforicaconServoMotore.list"
   text	   data	    bss	    dec	    hex	filename
  16828	     12	   1852	  18692	   4904	lanternasemaforicaconServoMotore.elf
Finished building: default.size.stdout
 
Finished building: lanternasemaforicaconServoMotore.list
 
21:10:43 **** Incremental Build of configuration Debug for project lanternasemaforicaconServoMotore ****
make -j14 all 
arm-none-eabi-gcc "../Core/Src/main.c" -mcpu=cortex-m4 -std=gnu11 -g3 -DDEBUG -DUSE_HAL_DRIVER -DSTM32G474xx -c -I../Core/Inc -I../Drivers/STM32G4xx_HAL_Driver/Inc -I../Drivers/STM32G4xx_HAL_Driver/Inc/Legacy -I../Drivers/CMSIS/Device/ST/STM32G4xx/Include -I../Drivers/CMSIS/Include -O0 -ffunction-sections -fdata-sections -Wall -fstack-usage -fcyclomatic-complexity -MMD -MP -MF"Core/Src/main.d" -MT"Core/Src/main.o" --specs=nano.specs -mfpu=fpv4-sp-d16 -mfloat-abi=hard -mthumb -o "Core/Src/main.o"
arm-none-eabi-gcc -o "lanternasemaforicaconServoMotore.elf" @"objects.list"   -mcpu=cortex-m4 -T"C:\Users\frank\Documents\Uni\Embedded\project location\fsm\lanternasemaforicaconServoMotore\lanternasemaforicaconServoMotore\STM32G474RETX_FLASH.ld" --specs=nosys.specs -Wl,-Map="lanternasemaforicaconServoMotore.map" -Wl,--gc-sections -static --specs=nano.specs -mfpu=fpv4-sp-d16 -mfloat-abi=hard -mthumb -Wl,--start-group -lc -lm -Wl,--end-group
Finished building target: lanternasemaforicaconServoMotore.elf
 
arm-none-eabi-size  lanternasemaforicaconServoMotore.elf 
arm-none-eabi-objdump -h -S lanternasemaforicaconServoMotore.elf  > "lanternasemaforicaconServoMotore.list"
   text	   data	    bss	    dec	    hex	filename
  16820	     12	   1852	  18684	   48fc	lanternasemaforicaconServoMotore.elf
Finished building: default.size.stdout
 
Finished building: lanternasemaforicaconServoMotore.list
 
21:15:43 **** Incremental Build of configuration Debug for project lanternasemaforicaconServoMotore ****
make -j14 all 
arm-none-eabi-gcc "../Core/Src/fsm_logic.c" -mcpu=cortex-m4 -std=gnu11 -g3 -DDEBUG -DUSE_HAL_DRIVER -DSTM32G474xx -c -I../Core/Inc -I../Drivers/STM32G4xx_HAL_Driver/Inc -I../Drivers/STM32G4xx_HAL_Driver/Inc/Legacy -I../Drivers/CMSIS/Device/ST/STM32G4xx/Include -I../Drivers/CMSIS/Include -O0 -ffunction-sections -fdata-sections -Wall -fstack-usage -fcyclomatic-complexity -MMD -MP -MF"Core/Src/fsm_logic.d" -MT"Core/Src/fsm_logic.o" --specs=nano.specs -mfpu=fpv4-sp-d16 -mfloat-abi=hard -mthumb -o "Core/Src/fsm_logic.o"
../Core/Src/fsm_logic.c: In function 'HAL_TIM_PeriodElapsedCallback':
../Core/Src/fsm_logic.c:308:21: warning: comparison of distinct pointer types lacks a cast [-Wcompare-distinct-pointer-types]
  308 |         if(fsm.timer==handler){
      |                     ^~
arm-none-eabi-gcc -o "lanternasemaforicaconServoMotore.elf" @"objects.list"   -mcpu=cortex-m4 -T"C:\Users\frank\Documents\Uni\Embedded\project location\fsm\lanternasemaforicaconServoMotore\lanternasemaforicaconServoMotore\STM32G474RETX_FLASH.ld" --specs=nosys.specs -Wl,-Map="lanternasemaforicaconServoMotore.map" -Wl,--gc-sections -static --specs=nano.specs -mfpu=fpv4-sp-d16 -mfloat-abi=hard -mthumb -Wl,--start-group -lc -lm -Wl,--end-group
Finished building target: lanternasemaforicaconServoMotore.elf
 
arm-none-eabi-size  lanternasemaforicaconServoMotore.elf 
arm-none-eabi-objdump -h -S lanternasemaforicaconServoMotore.elf  > "lanternasemaforicaconServoMotore.list"
   text	   data	    bss	    dec	    hex	filename
  16832	     12	   1852	  18696	   4908	lanternasemaforicaconServoMotore.elf
Finished building: default.size.stdout
 
Finished building: lanternasemaforicaconServoMotore.list
 
21:20:19 **** Incremental Build of configuration Debug for project lanternasemaforicaconServoMotore ****
make -j14 all 
arm-none-eabi-gcc "../Core/Src/fsm_logic.c" -mcpu=cortex-m4 -std=gnu11 -g3 -DDEBUG -DUSE_HAL_DRIVER -DSTM32G474xx -c -I../Core/Inc -I../Drivers/STM32G4xx_HAL_Driver/Inc -I../Drivers/STM32G4xx_HAL_Driver/Inc/Legacy -I../Drivers/CMSIS/Device/ST/STM32G4xx/Include -I../Drivers/CMSIS/Include -O0 -ffunction-sections -fdata-sections -Wall -fstack-usage -fcyclomatic-complexity -MMD -MP -MF"Core/Src/fsm_logic.d" -MT"Core/Src/fsm_logic.o" --specs=nano.specs -mfpu=fpv4-sp-d16 -mfloat-abi=hard -mthumb -o "Core/Src/fsm_logic.o"
arm-none-eabi-gcc -o "lanternasemaforicaconServoMotore.elf" @"objects.list"   -mcpu=cortex-m4 -T"C:\Users\frank\Documents\Uni\Embedded\project location\fsm\lanternasemaforicaconServoMotore\lanternasemaforicaconServoMotore\STM32G474RETX_FLASH.ld" --specs=nosys.specs -Wl,-Map="lanternasemaforicaconServoMotore.map" -Wl,--gc-sections -static --specs=nano.specs -mfpu=fpv4-sp-d16 -mfloat-abi=hard -mthumb -Wl,--start-group -lc -lm -Wl,--end-group
Finished building target: lanternasemaforicaconServoMotore.elf
 
arm-none-eabi-size  lanternasemaforicaconServoMotore.elf 
arm-none-eabi-objdump -h -S lanternasemaforicaconServoMotore.elf  > "lanternasemaforicaconServoMotore.list"
   text	   data	    bss	    dec	    hex	filename
  16716	     12	   1852	  18580	   4894	lanternasemaforicaconServoMotore.elf
Finished building: default.size.stdout
 
Finished building: lanternasemaforicaconServoMotore.list
 
21:23:12 **** Incremental Build of configuration Debug for project lanternasemaforicaconServoMotore ****
make -j14 all 
arm-none-eabi-gcc "../Core/Src/fsm_logic.c" -mcpu=cortex-m4 -std=gnu11 -g3 -DDEBUG -DUSE_HAL_DRIVER -DSTM32G474xx -c -I../Core/Inc -I../Drivers/STM32G4xx_HAL_Driver/Inc -I../Drivers/STM32G4xx_HAL_Driver/Inc/Legacy -I../Drivers/CMSIS/Device/ST/STM32G4xx/Include -I../Drivers/CMSIS/Include -O0 -ffunction-sections -fdata-sections -Wall -fstack-usage -fcyclomatic-complexity -MMD -MP -MF"Core/Src/fsm_logic.d" -MT"Core/Src/fsm_logic.o" --specs=nano.specs -mfpu=fpv4-sp-d16 -mfloat-abi=hard -mthumb -o "Core/Src/fsm_logic.o"
arm-none-eabi-gcc -o "lanternasemaforicaconServoMotore.elf" @"objects.list"   -mcpu=cortex-m4 -T"C:\Users\frank\Documents\Uni\Embedded\project location\fsm\lanternasemaforicaconServoMotore\lanternasemaforicaconServoMotore\STM32G474RETX_FLASH.ld" --specs=nosys.specs -Wl,-Map="lanternasemaforicaconServoMotore.map" -Wl,--gc-sections -static --specs=nano.specs -mfpu=fpv4-sp-d16 -mfloat-abi=hard -mthumb -Wl,--start-group -lc -lm -Wl,--end-group
Finished building target: lanternasemaforicaconServoMotore.elf
 
arm-none-eabi-size  lanternasemaforicaconServoMotore.elf 
arm-none-eabi-objdump -h -S lanternasemaforicaconServoMotore.elf  > "lanternasemaforicaconServoMotore.list"
   text	   data	    bss	    dec	    hex	filename
  16736	     12	   1852	  18600	   48a8	lanternasemaforicaconServoMotore.elf
Finished building: default.size.stdout
 
Finished building: lanternasemaforicaconServoMotore.list
 
